Id,Name,IncreasedStat,DecreasedStat
0,がんばりや,,
1,さみしがり,Attack,Defense
2,ゆうかん,Attack,Speed
3,いじっぱり,Attack,SpAttack
4,やんちゃ,Attack,SpDefense
5,ずぶとい,Defense,Attack
6,すなお,,
7,のんき,Defense,Speed
8,わんぱく,Defense,SpAttack
9,のうてんき,Defense,SpDefense
10,おくびょう,Speed,Attack
11,せっかち,Speed,Defense
12,まじめ,,
13,ようき,Speed,SpAttack
14,むじゃき,Speed,SpDefense
15,ひかえめ,SpAttack,Attack
16,おっとり,SpAttack,Defense
17,れいせい,SpAttack,Speed
18,てれや,,
19,うっかりや,SpAttack,SpDefense
20,おだやか,SpDefense,Attack
21,おとなしい,SpDefense,Defense
22,なまいき,SpDefense,Speed
23,しんちょう,SpDefense,SpAttack
24,きまぐれ,,
