Id,Name,Category,Effect,AttackMultiplier,DefenseMultiplier,SpAttackMultiplier,SpDefenseMultiplier,DamageMultiplier,TypeBoost,TypeBoostMultiplier
1,こだわりハチマキ,Choice,攻撃が1.5倍になるが同じ技しか出せない,1.5,1.0,1.0,1.0,1.0,,1.0
2,こだわりメガネ,Choice,特攻が1.5倍になるが同じ技しか出せない,1.0,1.0,1.5,1.0,1.0,,1.0
3,きあいのタスキ,Battle,HPが満タンの時にひんしになる攻撃を受けてもHP1で耐える,1.0,1.0,1.0,1.0,1.0,,1.0
4,いのちのたま,Power,技の威力が1.3倍になるが反動でダメージを受ける,1.0,1.0,1.0,1.0,1.3,,1.0
5,たつじんのおび,Power,効果抜群の時に威力が1.2倍になる,1.0,1.0,1.0,1.0,1.2,,1.0
6,でんきだま,Boost,ピカチュウの攻撃と特攻が2倍になる,2.0,1.0,2.0,1.0,1.0,,1.0
7,かみなりプレート,Plate,でんきタイプの技の威力が1.2倍になる,1.0,1.0,1.0,1.0,1.0,Electric,1.2
8,みずのプレート,Plate,みずタイプの技の威力が1.2倍になる,1.0,1.0,1.0,1.0,1.0,Water,1.2
9,ひのたまプレート,Plate,ほのおタイプの技の威力が1.2倍になる,1.0,1.0,1.0,1.0,1.0,Fire,1.2
10,みどりのプレート,Plate,くさタイプの技の威力が1.2倍になる,1.0,1.0,1.0,1.0,1.0,Grass,1.2
11,つららのプレート,Plate,こおりタイプの技の威力が1.2倍になる,1.0,1.0,1.0,1.0,1.0,Ice,1.2
12,こぶしのプレート,Plate,かくとうタイプの技の威力が1.2倍になる,1.0,1.0,1.0,1.0,1.0,Fighting,1.2
13,もうどくプレート,Plate,どくタイプの技の威力が1.2倍になる,1.0,1.0,1.0,1.0,1.0,Poison,1.2
14,だいちのプレート,Plate,じめんタイプの技の威力が1.2倍になる,1.0,1.0,1.0,1.0,1.0,Ground,1.2
15,あおぞらプレート,Plate,ひこうタイプの技の威力が1.2倍になる,1.0,1.0,1.0,1.0,1.0,Flying,1.2
16,ふしぎのプレート,Plate,エスパータイプの技の威力が1.2倍になる,1.0,1.0,1.0,1.0,1.0,Psychic,1.2
17,たまむしプレート,Plate,むしタイプの技の威力が1.2倍になる,1.0,1.0,1.0,1.0,1.0,Bug,1.2
18,がんせきプレート,Plate,いわタイプの技の威力が1.2倍になる,1.0,1.0,1.0,1.0,1.0,Rock,1.2
19,もののけプレート,Plate,ゴーストタイプの技の威力が1.2倍になる,1.0,1.0,1.0,1.0,1.0,Ghost,1.2
20,りゅうのプレート,Plate,ドラゴンタイプの技の威力が1.2倍になる,1.0,1.0,1.0,1.0,1.0,Dragon,1.2
21,こわもてプレート,Plate,あくタイプの技の威力が1.2倍になる,1.0,1.0,1.0,1.0,1.0,Dark,1.2
22,こうてつプレート,Plate,はがねタイプの技の威力が1.2倍になる,1.0,1.0,1.0,1.0,1.0,Steel,1.2
23,せいれいプレート,Plate,フェアリータイプの技の威力が1.2倍になる,1.0,1.0,1.0,1.0,1.0,Fairy,1.2
24,こだわりスカーフ,Choice,素早さが1.5倍になるが同じ技しか出せない,1.0,1.0,1.0,1.0,1.0,,1.0
25,とつげきチョッキ,Defense,特防が1.5倍になるが変化技を出せなくなる,1.0,1.0,1.0,1.5,1.0,,1.0
26,しんかのきせき,Defense,進化前ポケモンの防御と特防が1.5倍になる,1.0,1.5,1.0,1.5,1.0,,1.0
27,ゴツゴツメット,Defense,接触技を受けた時に相手にダメージを与える,1.0,1.0,1.0,1.0,1.0,,1.0
28,たべのこし,Recovery,毎ターン最大HPの1/16回復する,1.0,1.0,1.0,1.0,1.0,,1.0
29,オボンのみ,Berry,HPが半分以下になると最大HPの1/4回復する,1.0,1.0,1.0,1.0,1.0,,1.0
30,ラムのみ,Berry,状態異常を回復する,1.0,1.0,1.0,1.0,1.0,,1.0
31,じゃくてんほけん,Power,効果抜群の技を受けた時に攻撃と特攻が2段階上がる,1.0,1.0,1.0,1.0,1.0,,1.0
32,ものしりメガネ,Power,特殊技の威力が1.1倍になる,1.0,1.0,1.1,1.0,1.0,,1.0
33,ちからのハチマキ,Power,物理技の威力が1.1倍になる,1.1,1.0,1.0,1.0,1.0,,1.0
34,くろいヘドロ,Recovery,どくタイプのポケモンは毎ターンHP回復。それ以外はダメージ,1.0,1.0,1.0,1.0,1.0,,1.0
35,するどいツメ,Battle,急所に当たりやすくなる,1.0,1.0,1.0,1.0,1.0,,1.0
