Id,Name,Type,Power,Accuracy,PP,Category,Description
1,はたく,Normal,40,100,35,Physical,長い　しっぽや　手などを　使って 相手を　はたいて　攻撃する。
2,からてチョップ,Fighting,50,100,25,Physical,この技は　使えません 思い出すことが　できなくなりますが 技を　忘れることを　おすすめします
3,おうふくビンタ,Normal,15,85,10,Physical,この技は　使えません 思い出すことが　できなくなりますが 技を　忘れることを　おすすめします
4,れんぞくパンチ,Normal,18,85,15,Physical,この技は　使えません 思い出すことが　できなくなりますが 技を　忘れることを　おすすめします
5,メガトンパンチ,Normal,80,85,20,Physical,力を　こめた　パンチで 相手を　攻撃する。
6,ネコにこばん,Normal,40,100,20,Physical,相手の　体に 小判を　投げつけて　攻撃する。 戦闘の　あとで　お金が　もらえる。
7,ほのおのパンチ,Fire,75,100,15,Physical,炎を　こめた　パンチで 相手を　攻撃する。 やけど状態に　することが　ある。
8,れいとうパンチ,Ice,75,100,15,Physical,冷気を　こめた　パンチで 相手を　攻撃する。 こおり状態に　することが　ある。
9,かみなりパンチ,Electric,75,100,15,Physical,電撃を　こめた　パンチで 相手を　攻撃する。 まひ状態に　することが　ある。
10,ひっかく,Normal,40,100,35,Physical,硬く　とがった　鋭い　ツメで 相手を　ひっかいて　攻撃する。
11,はさむ,Normal,55,100,30,Physical,相手を　両側から　はさんで ダメージを　あたえる。
12,ハサミギロチン,Normal,0,30,5,Physical,大きな　ハサミで 相手を　切り裂いて　攻撃する。 当たれば　一撃で　ひんしに　する。
13,かまいたち,Normal,80,100,10,Special,この技は　使えません 思い出すことが　できなくなりますが 技を　忘れることを　おすすめします
14,つるぎのまい,Normal,0,0,20,Status,戦いの舞を　激しく　おどって 気合を　高める。 自分の　攻撃を　ぐーんと　あげる。
15,いあいぎり,Normal,50,95,30,Physical,カマや　ツメなどで 相手を　切りつけて　攻撃する。
16,かぜおこし,Flying,40,100,35,Special,翼で　おこした　激しい　風を 相手に　ぶつけて　攻撃する。
17,つばさでうつ,Flying,60,100,35,Physical,大きく　ひろげた　りっぱな　翼を 相手に　ぶつけて　攻撃する。
18,ふきとばし,Normal,0,0,20,Status,相手を　吹きとばして 控えの　ポケモンを　ひきずりだす。 野生の　場合は　戦闘が　終わる。
19,そらをとぶ,Flying,90,95,15,Physical,１ターン目で　空へ　飛び ２ターン目に　相手を　攻撃する。
20,しめつける,Normal,15,85,20,Physical,長い　体や　つるなどを　使い ４ー５ターンの　間 相手を　締めつけて　攻撃する。
21,たたきつける,Normal,80,75,20,Physical,長い　しっぽや　つるなどを　使い 相手を　たたきつけて　攻撃する。
22,つるのムチ,Grass,45,100,25,Physical,ムチのように　しなる　細長い　つるで 相手を　たたきつけて　攻撃する。
23,ふみつけ,Normal,65,100,20,Physical,大きな　足で 相手を　踏みつけて　攻撃する。 相手を　ひるませることが　ある。
24,にどげり,Fighting,30,100,30,Physical,２本の　足で　相手を　けとばして 攻撃する。　２回連続で ダメージを　与える。
25,メガトンキック,Normal,120,75,5,Physical,ものすごい　力を　こめた　キックで 相手を　けとばして　攻撃する。
26,とびげり,Fighting,100,95,10,Physical,この技は　使えません 思い出すことが　できなくなりますが 技を　忘れることを　おすすめします
27,まわしげり,Fighting,60,85,15,Physical,この技は　使えません 思い出すことが　できなくなりますが 技を　忘れることを　おすすめします
28,すなかけ,Ground,0,100,15,Status,相手の　顔に　砂を　かけて 命中率を　さげる。
29,ずつき,Normal,70,100,15,Physical,頭を　突きだして まっすぐ　つっこんで　攻撃する。 相手を　ひるませることが　ある。
30,つのでつく,Normal,65,100,25,Physical,鋭く　とがった　つので 相手を　攻撃する。
31,みだれづき,Normal,15,85,20,Physical,つのや　くちばしで 相手を　つついて　攻撃する。 ２ー５回の　間　連続で　だす。
32,つのドリル,Normal,0,30,5,Physical,回転する　つのを 相手に　突き刺して　攻撃する。 当たれば　一撃で　ひんしに　する。
33,たいあたり,Normal,40,100,35,Physical,相手に　むかって　全身で ぶつかっていき　攻撃する。
34,のしかかり,Normal,85,100,15,Physical,全身で 相手に　のしかかり　攻撃する。 まひ状態に　することが　ある。
35,まきつく,Normal,15,90,20,Physical,長い　体や　つるなどを　使って ４ー５ターンの　間 相手に　まきついて　攻撃する。
36,とっしん,Normal,90,85,20,Physical,すごい　勢いで 相手に　ぶつかって　攻撃する。 自分も　少し　ダメージを　受ける。
37,あばれる,Normal,120,100,10,Physical,２ー３ターンの　間 暴れまくって　相手を　攻撃する。 暴れたあとは　混乱する。
38,すてみタックル,Normal,120,100,15,Physical,命を　懸けて 相手に　突進して　攻撃する。 自分も　かなり　ダメージを　受ける。
39,しっぽをふる,Normal,0,100,30,Status,しっぽを　左右に　かわいく　ふって 油断を　誘う。 相手の　防御を　さげる。
40,どくばり,Poison,15,100,35,Physical,毒の　ある　ハリを 相手に　突き刺して　攻撃する。 毒状態に　することが　ある。
41,ダブルニードル,Bug,25,100,20,Physical,この技は　使えません 思い出すことが　できなくなりますが 技を　忘れることを　おすすめします
42,ミサイルばり,Bug,25,95,20,Physical,鋭い　ハリを 相手に　発射して　攻撃する。 ２ー５回の　間　連続で　だす。
43,にらみつける,Normal,0,100,30,Status,鋭い　目つきで　おびえさせて 相手の　防御を　さげる。
44,かみつく,Dark,60,100,25,Physical,鋭く　とがった　歯で かみついて　攻撃する。 相手を　ひるませることが　ある。
45,なきごえ,Normal,0,100,40,Status,かわいい　なきごえを　聞かせて 気を　ひき　油断を　させて 相手の　攻撃を　さげる。
46,ほえる,Normal,0,0,20,Status,相手を　逃がして 控えの　ポケモンを　ひきずりだす。 野生の　場合は　戦闘が　終わる。
47,うたう,Normal,0,55,15,Status,心地好い　きれいな 歌声を　聞かせて 相手を　眠り状態に　する。
48,ちょうおんぱ,Normal,0,55,20,Status,特殊な　音波を 体から　発して 相手を　混乱させる。
49,ソニックブーム,Normal,0,90,20,Special,この技は　使えません 思い出すことが　できなくなりますが 技を　忘れることを　おすすめします
50,かなしばり,Normal,0,100,20,Status,相手の　動きを　とめて 直前に　だしていた　技を ４ターンの　間　使えなくする。
51,ようかいえき,Poison,40,100,30,Special,強い　酸を　相手に　かけて 攻撃する。　相手の　特防を さげることが　ある。
52,ひのこ,Fire,40,100,25,Special,小さな　炎を 相手に　発射して　攻撃する。 やけど状態に　することが　ある。
53,かえんほうしゃ,Fire,90,100,15,Special,激しい　炎を 相手に　発射して　攻撃する。 やけど状態に　することが　ある。
54,しろいきり,Ice,0,0,30,Status,白い霧で　体を　おおう。 ５ターンの　間　相手に 能力を　さげられなく　なる。
55,みずでっぽう,Water,40,100,25,Special,水を　勢いよく 相手に　発射して　攻撃する。
56,ハイドロポンプ,Water,110,80,5,Special,大量の　水を 激しい　勢いで 相手に　発射して　攻撃する。
57,なみのり,Water,90,100,15,Special,大きな　波で　自分の 周りに　いるものを　攻撃する。
58,れいとうビーム,Ice,90,100,10,Special,凍える　ビームを 相手に　発射して　攻撃する。 こおり状態に　することが　ある。
59,ふぶき,Ice,110,70,5,Special,激しい　吹雪を 相手に　吹きつけて　攻撃する。 こおり状態に　することが　ある。
60,サイケこうせん,Psychic,65,100,20,Special,不思議な　光線を 相手に　発射して　攻撃する。 混乱させることが　ある。
61,バブルこうせん,Water,65,100,20,Special,泡を　勢いよく 相手に　発射して　攻撃する。 素早さを　さげる　ことが　ある。
62,オーロラビーム,Ice,65,100,20,Special,にじいろの　ビームを 相手に　発射して　攻撃する。 攻撃を　さげる　ことが　ある。
63,はかいこうせん,Normal,150,90,5,Special,強い　光線を 相手に　発射して　攻撃する。 次の　ターンは　動けなくなる。
64,つつく,Flying,35,100,35,Physical,鋭く　とがった　くちばしや　つので 相手を　突いて　攻撃する。
65,ドリルくちばし,Flying,80,100,20,Physical,回転しながら　とがった　くちばしを 相手に　突き刺して　攻撃する。
66,じごくぐるま,Fighting,80,80,20,Physical,地面に　自分ごと 相手を　投げつけて　攻撃する。 自分も　少し　ダメージを　受ける。
67,けたぐり,Fighting,0,100,20,Physical,足を　強く　けり 相手を　転ばせて　攻撃する。 相手が　重いほど　威力が　あがる。
68,カウンター,Fighting,0,100,20,Physical,相手から　受けた　物理攻撃の ダメージを　２倍に　して 同じ　相手に　返す。
69,ちきゅうなげ,Fighting,0,100,20,Physical,引力を　使い　投げとばす。 自分の　レベルと　同じ　ダメージを 相手に　与える。
70,かいりき,Normal,80,100,15,Physical,こん身の　力で 相手を　なぐりつけて　攻撃する。
71,すいとる,Grass,20,100,25,Special,養分を　吸い取り　攻撃する。 相手に　与えた　ダメージの 半分の　ＨＰを　回復できる。
72,メガドレイン,Grass,40,100,15,Special,養分を　吸い取り　攻撃する。 相手に　与えた　ダメージの 半分の　ＨＰを　回復できる。
73,やどりぎのタネ,Grass,0,90,10,Status,植えつけた　相手の　ＨＰを 毎ターン　少しだけ　吸い取り 自分の　ＨＰを　回復する。
74,せいちょう,Normal,0,0,20,Status,体を　一気に 大きく　生長させて 攻撃と　特攻を　あげる。
75,はっぱカッター,Grass,55,95,25,Physical,はっぱを　とばして 相手を　切りつけて　攻撃する。 急所に　当たりやすい。
76,ソーラービーム,Grass,120,100,10,Special,１ターン目に　光を　いっぱいに　集め ２ターン目に　光の　束を 発射して　攻撃する。
77,どくのこな,Poison,0,75,35,Status,毒の　ある　粉を たくさん　ふりまいて 相手を　毒状態に　する。
78,しびれごな,Grass,0,75,30,Status,しびれる　粉を たくさん　ふりまいて 相手を　まひ状態に　する。
79,ねむりごな,Grass,0,75,15,Status,眠くなる　粉を たくさん　ふりまいて 相手を　眠り状態に　する。
80,はなびらのまい,Grass,120,100,10,Special,２ー３ターンの　間　花を まきちらして　相手を　攻撃する。 まきちらした　あとは　混乱する。
81,いとをはく,Bug,0,95,40,Status,口から　吹きだした 糸を　まきつけて　相手の 素早さを　がくっと　さげる。
82,りゅうのいかり,Dragon,0,100,10,Special,この技は　使えません 思い出すことが　できなくなりますが 技を　忘れることを　おすすめします
83,ほのおのうず,Fire,35,85,15,Special,激しく　渦をまく　炎の中に ４ー５ターンの　間 相手を　閉じこめて　攻撃する。
84,でんきショック,Electric,40,100,30,Special,電気の　刺激を 相手に　浴びせて　攻撃する。 まひ状態に　することが　ある。
85,１０まんボルト,Electric,90,100,15,Special,強い　電撃を 相手に　浴びせて　攻撃する。 まひ状態に　することが　ある。
86,でんじは,Electric,0,90,20,Status,弱い　電撃を　浴びせることで 相手を　まひ状態に　する。
87,かみなり,Electric,110,70,10,Special,激しい　雷を 相手に　落として　攻撃する。 まひ状態に　することが　ある。
88,いわおとし,Rock,50,90,15,Physical,小さな　岩を　持ちあげて 相手に　投げつけて　攻撃する。
89,じしん,Ground,100,100,10,Physical,地震の　衝撃で　自分の 周りに　いるものを　攻撃する。
90,じわれ,Ground,0,30,5,Physical,地割れの　裂け目に 相手を　落として　攻撃する。 当たれば　一撃で　ひんしに　する。
91,あなをほる,Ground,80,100,10,Physical,１ターン目に　潜り　２ターン目で 相手を　攻撃する。
92,どくどく,Poison,0,90,10,Status,相手を　猛毒の　状態に　する。 ターンが　すすむほど 毒の　ダメージが　増えていく。
93,ねんりき,Psychic,50,100,25,Special,弱い　念力を 相手に　送って　攻撃する。 相手を　混乱させることが　ある。
94,サイコキネシス,Psychic,90,100,10,Special,強い　念力を　相手に　送って 攻撃する。　相手の　特防を さげることが　ある。
95,さいみんじゅつ,Psychic,0,60,20,Status,眠気を　誘う　暗示を　かけて 相手を　眠り状態に　する。
96,ヨガのポーズ,Psychic,0,0,40,Status,この技は　使えません 思い出すことが　できなくなりますが 技を　忘れることを　おすすめします
97,こうそくいどう,Psychic,0,0,30,Status,力を　ぬいて　体を　軽くして 高速で　動く。 自分の　素早さを　ぐーんと　あげる。
98,でんこうせっか,Normal,40,100,30,Physical,目にも　留まらぬ　ものすごい　速さで 相手に　つっこむ。 必ず　先制攻撃　できる。
99,いかり,Normal,20,100,20,Physical,この技は　使えません 思い出すことが　できなくなりますが 技を　忘れることを　おすすめします
100,テレポート,Psychic,0,0,20,Status,ひかえの　ポケモンが　いるときに 使うと　入れ替わる。 野生の　ポケモンは　逃げてしまう。
101,ナイトヘッド,Ghost,0,100,15,Special,恐ろしい　幻を　みせて 自分の　レベルと　同じだけの ダメージを　相手に　与える。
102,ものまね,Normal,0,0,10,Status,相手が　最後に　使った　技を 戦闘の　あいだ 自分の　技に　することが　できる。
103,いやなおと,Normal,0,85,40,Status,おもわず　耳を　ふさぎたくなる いやなおとを　だして 相手の　防御を　がくっと　さげる。
104,かげぶんしん,Normal,0,0,15,Status,素早い　動きで　分身を　つくり 相手を　まどわせて 回避率を　あげる。
105,じこさいせい,Normal,0,0,5,Status,細胞を　再生させて 自分の　最大ＨＰの 半分の　ＨＰを　回復する。
106,かたくなる,Normal,0,0,30,Status,全身に　力を　こめて 体を　硬くして 自分の　防御を　あげる。
107,ちいさくなる,Normal,0,0,10,Status,体を　ちぢめて　小さく　みせて 自分の　回避率を ぐーんと　あげる。
108,えんまく,Normal,0,100,20,Status,煙や　墨などを　吹きかけて 相手の　命中率を　さげる。
109,あやしいひかり,Ghost,0,100,10,Status,怪しい　光を 相手に　みせて　まどわせる。 相手を　混乱させる。
110,からにこもる,Water,0,0,40,Status,殻に　潜りこんで　身を守り 自分の　防御を　あげる。
111,まるくなる,Normal,0,0,40,Status,体を　まるめて　ちぢこまり 自分の　防御を　あげる。
112,バリアー,Psychic,0,0,20,Status,この技は　使えません 思い出すことが　できなくなりますが 技を　忘れることを　おすすめします
113,ひかりのかべ,Psychic,0,0,30,Status,５ターンの　間　不思議な　かべで 相手から　受ける　特殊攻撃の ダメージを　弱める。
114,くろいきり,Ice,0,0,30,Status,黒い霧を　だして　戦闘に でている　ポケモン　全員の 能力変化を　もとに　もどす。
115,リフレクター,Psychic,0,0,20,Status,５ターンの　間　不思議な　かべで 相手から　受ける　物理攻撃の ダメージを　弱める。
116,きあいだめ,Normal,0,0,30,Status,深く　息を　吸い　気合を　こめる。 自分の　攻撃が 急所に　当たりやすくなる。
117,がまん,Normal,0,0,10,Physical,この技は　使えません 思い出すことが　できなくなりますが 技を　忘れることを　おすすめします
118,ゆびをふる,Normal,0,0,10,Status,指をふり　自分の　脳を　刺激して すべての　技の　なかから どれか　１つを　くりだす。
119,オウムがえし,Flying,0,0,20,Status,この技は　使えません 思い出すことが　できなくなりますが 技を　忘れることを　おすすめします
120,じばく,Normal,200,100,5,Physical,爆発を　おこして　自分の 周りに　いるものを　攻撃する。 使ったあとに　ひんしに　なる。
121,タマゴばくだん,Normal,100,75,10,Physical,この技は　使えません 思い出すことが　できなくなりますが 技を　忘れることを　おすすめします
122,したでなめる,Ghost,30,100,30,Physical,長い　舌で 相手を　なめまわして　攻撃する。 まひ状態に　することが　ある。
123,スモッグ,Poison,30,70,20,Special,汚れた　ガスを 相手に　吹きつけて　攻撃する。 毒状態に　することが　ある。
124,ヘドロこうげき,Poison,65,100,20,Special,汚い　ヘドロを 相手に　投げつけて　攻撃する。 毒状態に　することが　ある。
125,ホネこんぼう,Ground,65,85,20,Physical,この技は　使えません 思い出すことが　できなくなりますが 技を　忘れることを　おすすめします
126,だいもんじ,Fire,110,85,5,Special,大の字の　炎で 相手を　焼きつくす。 やけど状態に　することが　ある。
127,たきのぼり,Water,80,100,15,Physical,すごい　勢いで　相手に　つっこむ。 相手を　ひるませることが　ある。
128,からではさむ,Water,35,85,15,Physical,この技は　使えません 思い出すことが　できなくなりますが 技を　忘れることを　おすすめします
129,スピードスター,Normal,60,0,20,Special,星型の　光を　発射して 相手を　攻撃する。 攻撃は　必ず　命中する。
130,ロケットずつき,Normal,130,100,10,Physical,１ターン目に　頭を　ひっこめて 防御を　あげる。 ２ターン目に　相手を　攻撃する。
131,とげキャノン,Normal,20,100,15,Physical,この技は　使えません 思い出すことが　できなくなりますが 技を　忘れることを　おすすめします
132,からみつく,Normal,10,100,35,Physical,この技は　使えません 思い出すことが　できなくなりますが 技を　忘れることを　おすすめします
133,ドわすれ,Psychic,0,0,20,Status,頭を　からにして 一瞬　なにかを　忘れることで 自分の　特防を　ぐーんと　あげる。
134,スプーンまげ,Psychic,0,80,15,Status,スプーンを　まげて　注意を　ひき 相手の　命中率を　さげる。
135,タマゴうみ,Normal,0,0,5,Status,最大ＨＰの　半分 自分の　ＨＰを　回復する。
136,とびひざげり,Fighting,130,90,10,Physical,ジャンプからの　ひざげりで 相手を　攻撃する。 はずすと　自分が　ダメージを　受ける。
137,へびにらみ,Normal,0,100,30,Status,おなかの　模様で　おびえさせて 相手を　まひの　状態に　する。
138,ゆめくい,Psychic,100,100,15,Special,寝ている　相手の　夢を　食べて 攻撃する。　ダメージの　半分の ＨＰを　回復する。
139,どくガス,Poison,0,90,40,Status,毒ガスを　相手の　顔に　吹きかけて 毒の　状態に　する。
140,たまなげ,Normal,15,85,20,Physical,この技は　使えません 思い出すことが　できなくなりますが 技を　忘れることを　おすすめします
141,きゅうけつ,Bug,80,100,10,Physical,血を　吸い取って　相手を 攻撃する。　与えた　ダメージの 半分の　ＨＰを　回復できる。
142,あくまのキッス,Normal,0,75,10,Status,恐ろしい　顔で　キスを　せまる。 相手を　眠り状態に　する。
143,ゴッドバード,Flying,140,90,5,Physical,２ターン目に　相手を　攻撃する。 たまに　ひるませる。 急所にも　当たりやすい。
144,へんしん,Normal,0,0,10,Status,相手の　ポケモンに　変身することで 相手と　まったく 同じ　技が　使える。
145,あわ,Water,40,100,30,Special,この技は　使えません 思い出すことが　できなくなりますが 技を　忘れることを　おすすめします
146,ピヨピヨパンチ,Normal,70,100,10,Physical,この技は　使えません 思い出すことが　できなくなりますが 技を　忘れることを　おすすめします
147,キノコのほうし,Grass,0,100,15,Status,催眠効果の　ある 胞子を　パラパラと　ふりまき 相手を　眠り状態に　する。
148,フラッシュ,Normal,0,100,20,Status,この技は　使えません 思い出すことが　できなくなりますが 技を　忘れることを　おすすめします
149,サイコウェーブ,Psychic,0,100,15,Special,この技は　使えません 思い出すことが　できなくなりますが 技を　忘れることを　おすすめします
150,はねる,Normal,0,0,40,Status,攻撃もせずに　ピョン　ピョンと 跳ねるだけで　なにも　おこらない……。
151,とける,Poison,0,0,20,Status,細胞の　変化で　液状に　なり 自分の　防御を　ぐーんと　あげる。
152,クラブハンマー,Water,100,90,10,Physical,大きな　ハサミを 相手に　たたきつけて　攻撃する。 急所に　当たりやすい。
153,だいばくはつ,Normal,250,100,5,Physical,大きな　爆発で　自分の 周りに　いるものを　攻撃する。 使ったあとに　ひんしに　なる。
154,みだれひっかき,Normal,18,80,15,Physical,ツメや　カマなどで 相手を　ひっかいて　攻撃する。 ２ー５回の　間　連続で　だす。
155,ホネブーメラン,Ground,50,90,10,Physical,手に　持った　ホネを　相手に　投げつけ 行きと　帰りの　２回連続で ダメージを　与える。
156,ねむる,Psychic,0,0,5,Status,２ターンの　間　眠り続ける。 自分の　ＨＰと　状態異常を すべて　回復する。
157,いわなだれ,Rock,75,90,10,Physical,大きな　岩を 激しく　ぶつけて　攻撃する。 相手を　ひるませることが　ある。
158,ひっさつまえば,Normal,80,90,15,Physical,鋭い　前歯で 強く　かみついて　攻撃する。 相手を　ひるませることが　ある。
159,かくばる,Normal,0,0,30,Status,この技は　使えません 思い出すことが　できなくなりますが 技を　忘れることを　おすすめします
160,テクスチャー,Normal,0,0,30,Status,自分の　タイプを おぼえている　技で　一番　上の 技と　同じ　タイプに　する。
161,トライアタック,Normal,80,100,10,Special,３つの　光線で　攻撃する。 まひか　やけどか　こおり状態の どれかに　することが　ある。
162,いかりのまえば,Normal,0,90,10,Physical,鋭い　前歯で 激しく　かみついて　攻撃する。 相手の　ＨＰは　半分に　なる。
163,きりさく,Normal,70,100,20,Physical,ツメや　カマなどで 相手を　切り裂いて　攻撃する。 急所に　当たりやすい。
164,みがわり,Normal,0,0,10,Status,自分の　ＨＰを　少し　削って 分身を　だす。 分身は　自分の　身代わりに　なる。
165,わるあがき,Normal,50,0,1,Physical,自分の　ＰＰが　なくなると あがいて　相手を　攻撃する。 自分も　少し　ダメージを　受ける。
166,スケッチ,Normal,0,0,1,Status,相手が　使った　技を 自分の　ものに　する。 １回　使うと　スケッチは　消える。
167,トリプルキック,Fighting,10,90,10,Physical,３回連続で　キックを　くりだして 攻撃する。　技が　当たるたびに 威力は　あがる。
168,どろぼう,Dark,60,100,25,Physical,攻撃と　同時に　道具を　盗む。 自分が　道具を　持っている　場合は 盗めない。
169,クモのす,Bug,0,0,10,Status,この技は　使えません 思い出すことが　できなくなりますが 技を　忘れることを　おすすめします
170,こころのめ,Normal,0,0,5,Status,相手の　動きを　心で　感じて 次の　攻撃が　必ず 相手に　当たるように　する。
171,あくむ,Ghost,0,100,15,Status,この技は　使えません 思い出すことが　できなくなりますが 技を　忘れることを　おすすめします
172,かえんぐるま,Fire,60,100,25,Physical,炎を　まとい 相手に　突進して　攻撃する。 やけど状態に　することが　ある。
173,いびき,Normal,50,100,15,Special,自分が　寝ているときに 雑音を　だして　攻撃する。 相手を　ひるませることが　ある。
174,のろい,Ghost,0,0,10,Status,使う　ポケモンが ゴーストタイプと　それ以外　とでは 効果が　変わる。
175,じたばた,Normal,0,100,15,Physical,じたばた　暴れて　攻撃する。 自分の　ＨＰが　少ないほど 技の　威力は　あがる。
176,テクスチャー２,Normal,0,0,30,Status,相手が　最後に　使った技に 抵抗できる　ように 自分の　タイプを　変化させる。
177,エアロブラスト,Flying,100,95,5,Special,空気の　渦を 発射して　攻撃する。 急所に　当たりやすい。
178,わたほうし,Grass,0,100,40,Status,綿のような　フワフワの　胞子を まとわり　つかせて 相手の　素早さを　がくっと　さげる。
179,きしかいせい,Fighting,0,100,15,Physical,力を　ふりしぼり　攻撃する。 自分の　ＨＰが　少ないほど 技の　威力は　あがる。
180,うらみ,Ghost,0,100,10,Status,相手が　最後に　使った技に 恨みを　抱いて その技の　ＰＰを　４だけ　減らす。
181,こなゆき,Ice,40,100,25,Special,冷たい　粉雪を 相手に　吹きつけて　攻撃する。 こおり状態に　することが　ある。
182,まもる,Normal,0,0,10,Status,相手の　攻撃を まったく　受けない。 連続で　だすと　失敗しやすい。
183,マッハパンチ,Fighting,40,100,30,Physical,目にも　留まらぬ　ものすごい　速さで パンチを　くりだす。 必ず　先制攻撃　できる。
184,こわいかお,Normal,0,100,10,Status,恐ろしい　顔で　にらみ　おびえさせて 相手の　素早さを　がくっと　さげる。
185,だましうち,Dark,60,0,20,Physical,この技は　使えません 思い出すことが　できなくなりますが 技を　忘れることを　おすすめします
186,てんしのキッス,Fairy,0,75,10,Status,天使のように　かわいく　キスして 相手を　混乱させる。
187,はらだいこ,Normal,0,0,10,Status,自分の　ＨＰを　最大ＨＰの 半分　減らして　自分の　攻撃を 最大に　あげる。
188,ヘドロばくだん,Poison,90,100,10,Special,汚い　ヘドロを 相手に　投げつけて　攻撃する。 毒状態に　することが　ある。
189,どろかけ,Ground,20,100,10,Special,相手の　顔などに 泥を　投げつけて　攻撃する。 命中率を　さげる。
190,オクタンほう,Water,65,85,10,Special,相手の　顔などに 墨を　吹きかけて　攻撃する。 命中率を　さげることが　ある。
191,まきびし,Ground,0,0,20,Status,相手の　足下に　まきびしを しかける。交代で　でてきた　相手の ポケモンに　ダメージを　与える。
192,でんじほう,Electric,120,50,5,Special,大砲の　ような 電気を　発射して　攻撃する。 相手を　まひの　状態に　する。
193,みやぶる,Normal,0,0,40,Status,この技は　使えません 思い出すことが　できなくなりますが 技を　忘れることを　おすすめします
194,みちづれ,Ghost,0,0,5,Status,技のあと　相手の　攻撃で　ひんしに なると　攻撃　相手も　ひんしにする。 連続して　出すと　失敗する。
195,ほろびのうた,Normal,0,0,5,Status,歌を　聴いた　ポケモンは ３ターン　たつと　ひんしに　なる。 交代すると　効果は　なくなる。
196,こごえるかぜ,Ice,55,95,15,Special,凍てつく　冷気を 相手に　吹きつけて　攻撃する。 相手の　素早さを　さげる。
197,みきり,Fighting,0,0,5,Status,相手の　攻撃を まったく　受けない。 連続で　だすと　失敗しやすい。
198,ボーンラッシュ,Ground,25,90,10,Physical,硬い　ホネで 相手を　なぐりつけて　攻撃する。 ２ー５回の　間　連続で　だす。
199,ロックオン,Normal,0,0,5,Status,照準を　しっかり　あわせて 次の　攻撃が　必ず 相手に　当たるように　する。
200,げきりん,Dragon,120,100,10,Physical,２ー３ターンの　間 暴れまくって　攻撃する。 暴れたあとは　混乱する。
201,すなあらし,Rock,0,0,10,Status,５ターンの　間　砂あらしで　いわ じめん　はがねタイプ　以外に　ダメージ。 いわタイプの　特防が　あがる。
202,ギガドレイン,Grass,75,100,10,Special,養分を　吸い取り　攻撃する。 与えた　ダメージの 半分の　ＨＰを　回復できる。
203,こらえる,Normal,0,0,10,Status,攻撃を　受けても ＨＰを　必ず　１だけ　残せる。 連続で　だすと　失敗しやすい。
204,あまえる,Fairy,0,100,20,Status,かわいく　みつめて　油断を　誘い 相手の　攻撃を　がくっと　さげる。
205,ころがる,Rock,30,90,20,Physical,５ターンの　間　転がり続けて 攻撃する。　技が　当たるたびに 威力が　あがる。
206,みねうち,Normal,40,100,40,Physical,相手の　ＨＰが 必ず　１だけ　残るように 手加減して　攻撃する。
207,いばる,Normal,0,85,15,Status,相手を　怒らせて　混乱させる。 怒りで　相手の　攻撃は ぐーんと　あがってしまう。
208,ミルクのみ,Normal,0,0,5,Status,最大ＨＰの　半分 自分の　ＨＰを　回復する。
209,スパーク,Electric,65,100,20,Physical,電気を　まとい 相手に　突進して　攻撃する。 まひ状態に　することが　ある。
210,れんぞくぎり,Bug,40,95,20,Physical,カマや　ツメなどで　相手を 切りつけて　攻撃する。 連続で　当てると　威力が　あがる。
211,はがねのつばさ,Steel,70,90,25,Physical,硬い　翼を　相手に　たたきつけて 攻撃する。　自分の　防御が あがることが　ある。
212,くろいまなざし,Normal,0,0,5,Status,吸いこまれるような　黒い　まなざしで じっと　みつめて　相手を 戦闘から　逃げられなくする。
213,メロメロ,Normal,0,100,15,Status,♂なら♀を　♀なら♂を　誘惑して メロメロに　する。 相手は　技が　だしにくくなる。
214,ねごと,Normal,0,0,10,Status,自分が　おぼえている　技の　うち どれか　１つを　くりだす。 自分が　寝ているときだけ　使える。
215,いやしのすず,Normal,0,0,5,Status,心地好い　鈴の　音色を　聞かせて 味方　全員の 状態異常を　回復　する。
216,おんがえし,Normal,0,100,20,Physical,この技は　使えません 思い出すことが　できなくなりますが 技を　忘れることを　おすすめします
217,プレゼント,Normal,0,90,15,Physical,わなを　しかけた　箱を 相手に　わたして　攻撃する。ＨＰが 回復して　しまうことも　ある。
218,やつあたり,Normal,0,100,20,Physical,この技は　使えません 思い出すことが　できなくなりますが 技を　忘れることを　おすすめします
219,しんぴのまもり,Normal,0,0,25,Status,５ターンの　間 不思議な　力に　守られて 状態異常に　ならなくなる。
220,いたみわけ,Normal,0,0,20,Status,自分の　ＨＰと　相手の　ＨＰを あわせて　それを　自分と　相手で なかよく　わける。
221,せいなるほのお,Fire,100,95,5,Physical,神秘の　炎で 相手を　焼きつくして　攻撃する。 やけど状態に　することが　ある。
222,マグニチュード,Ground,0,100,30,Physical,この技は　使えません 思い出すことが　できなくなりますが 技を　忘れることを　おすすめします
223,ばくれつパンチ,Fighting,100,50,5,Physical,こん身の　力で パンチを　くりだして　攻撃する。 相手を　必ず　混乱させる。
224,メガホーン,Bug,120,85,10,Physical,硬くて　りっぱな　つので　おもいっきり 相手を　突き刺して　攻撃する。
225,りゅうのいぶき,Dragon,60,100,20,Special,ものすごい　息を 相手に　吹きつけて　攻撃する。 まひ状態に　することが　ある。
226,バトンタッチ,Normal,0,0,40,Status,控えの　ポケモンと　入れ替わる。 能力変化は　替わった ポケモンが　そのまま　受けつぐ。
227,アンコール,Normal,0,100,5,Status,相手に　アンコールした　技を ３回　続けて　出させる。
228,おいうち,Dark,40,100,20,Physical,この技は　使えません 思い出すことが　できなくなりますが 技を　忘れることを　おすすめします
229,こうそくスピン,Normal,50,100,40,Physical,回転して　相手を　攻撃する。 しめつける　まきつく　やどりぎのタネ　など 吹きとばす。自分の　素早さも　あがる。
230,あまいかおり,Normal,0,100,20,Status,香りで　相手の　回避率を がくっと　さげる。
231,アイアンテール,Steel,100,75,15,Physical,硬い　しっぽで 相手を　たたきつけて　攻撃する。 相手の　防御を　さげることが　ある。
232,メタルクロー,Steel,50,95,35,Physical,鋼鉄の　ツメで 相手を　切り裂いて　攻撃する。 自分の　攻撃が　あがることが　ある。
233,あてみなげ,Fighting,70,0,10,Physical,相手より　あとに　攻撃する。 そのかわり　自分の　攻撃は 必ず　命中する。
234,あさのひざし,Normal,0,0,5,Status,自分の　ＨＰを　回復する。 天気に　よって 回復の　量が　変化する。
235,こうごうせい,Grass,0,0,5,Status,自分の　ＨＰを　回復する。 天気に　よって 回復の　量が　変化する。
236,つきのひかり,Fairy,0,0,5,Status,自分の　ＨＰを　回復する。 天気に　よって 回復の　量が　変化する。
237,めざめるパワー,Normal,60,100,15,Special,この技は　使えません 思い出すことが　できなくなりますが 技を　忘れることを　おすすめします
238,クロスチョップ,Fighting,100,80,5,Physical,両手チョップを 相手に　たたきつけて　攻撃する。 急所に　当たりやすい。
239,たつまき,Dragon,40,100,20,Special,竜巻を　おこして 相手を　まきこみ　攻撃する。 相手を　ひるませることが　ある。
240,あまごい,Water,0,0,5,Status,５ターンの　間　雨を　降らせて みずタイプの　威力を　あげる。 ほのおタイプの　威力は　さがる。
241,にほんばれ,Fire,0,0,5,Status,５ターンの　間　日差しを　強くして ほのおタイプの　威力を　あげる。 みずタイプの　威力は　さがる。
242,かみくだく,Dark,80,100,15,Physical,鋭い　歯で 相手を　かみくだいて　攻撃する。 相手の　防御を　さげることが　ある。
243,ミラーコート,Psychic,0,100,20,Special,相手から　受けた　特殊攻撃の ダメージを　２倍に　して その相手に　返す。
244,じこあんじ,Normal,0,0,10,Status,自分に　暗示を　かけることで 能力変化の　状態を 相手と　同じにする。
245,しんそく,Normal,80,100,5,Physical,目にも　留まらぬ　ものすごい　速さで 相手に　突進して　攻撃する。 必ず　先制攻撃　できる。
246,げんしのちから,Rock,60,100,5,Special,原始の　力で　攻撃する。 自分の　すべての 能力が　あがることが　ある。
247,シャドーボール,Ghost,80,100,15,Special,黒い影の　塊を　投げつけて 攻撃する。　相手の　特防を さげることが　ある。
248,みらいよち,Psychic,120,100,10,Special,技を　使った　２ターン後に 相手に　念力の 塊を　送って　攻撃する。
249,いわくだき,Fighting,40,100,15,Physical,パンチで　攻撃する。相手の 防御を　さげる　ことが　ある。
250,うずしお,Water,35,85,15,Special,激しく　渦をまく　水の中に ４ー５ターンの　間 相手を　閉じこめて　攻撃する。
251,ふくろだたき,Dark,0,100,10,Physical,味方　全員で　攻撃する。 仲間の　ポケモンが　多いほど 技の　攻撃回数が　増える。
252,ねこだまし,Normal,40,100,10,Physical,先制攻撃で　相手を　ひるませる。 戦闘に　でたら すぐに　ださないと　成功しない。
253,さわぐ,Normal,90,100,10,Special,３ターンの　間 騒いで　相手を　攻撃する。 そのあいだは　だれも　眠れなくなる。
254,たくわえる,Normal,0,0,20,Status,力を　蓄えて　自分の 防御と　特防を　あげる。 最大　３回まで　蓄えられる。
255,はきだす,Normal,0,100,10,Special,蓄えた　力を 相手に　ぶつけて　攻撃する。 蓄えているほど　威力が　あがる。
256,のみこむ,Normal,0,0,10,Status,蓄えた　力を　のみこんで 自分の　ＨＰを　回復する。 蓄えているほど　回復する。
257,ねっぷう,Fire,95,90,10,Special,熱い　息を 相手に　吹きつけて　攻撃する。 やけど状態に　することが　ある。
258,あられ,Ice,0,0,10,Status,５ターンの　間　あられを　降らして こおりタイプで　ない　ポケモン 全員に　ダメージを　与える。
259,いちゃもん,Dark,0,100,15,Status,相手に　いちゃもんを　つけて 同じ　技を　２回連続で だせなくする。
260,おだてる,Dark,0,100,15,Status,相手を　おだてて　混乱させる。 同時に　相手の　特攻も あげてしまう。
261,おにび,Fire,0,85,15,Status,不気味で　怪しい　炎を　放って 相手を　やけどの　状態に　する。
262,おきみやげ,Dark,0,100,10,Status,自分は　ひんしに　なるが　そのかわりに 相手の　攻撃と　特攻を がくっと　さげる。
263,からげんき,Normal,70,100,20,Physical,自分が　毒　まひ　やけど 状態のとき　相手に　くりだすと 技の　威力が　２倍に　なる。
264,きあいパンチ,Fighting,150,100,20,Physical,精神を　高めて　パンチを　くりだす。 技を　だすまでに 攻撃を　受けると　失敗する。
265,きつけ,Normal,70,100,10,Physical,この技は　使えません 思い出すことが　できなくなりますが 技を　忘れることを　おすすめします
266,このゆびとまれ,Normal,0,0,20,Status,自分に　注目させて 相手からの　攻撃を すべて　自分に　むけさせる。
267,しぜんのちから,Normal,0,0,20,Status,自然の　力で　攻撃する。 使う　場所で でてくる　技が　変化する。
268,じゅうでん,Electric,0,0,20,Status,次の　ターンに　だす　でんきタイプの 技の　威力を　あげる。 自分の　特防も　あがる。
269,ちょうはつ,Dark,0,100,20,Status,相手を　怒らせる。　３ターンの 間　相手は　ダメージを 与える　技しか　だせなくなる。
270,てだすけ,Normal,0,0,20,Status,仲間を　助ける。 てだすけ　された　ポケモンの　技の 威力は　いつもより　大きくなる。
271,トリック,Psychic,0,100,10,Status,相手の　すきを　ついて 自分と　相手の 持ち物を　交換する。
272,なりきり,Psychic,0,0,10,Status,相手に　なりきって　自分も　相手と 同じ　特性に　変化する。
273,ねがいごと,Normal,0,0,10,Status,次の　ターンに　自分　もしくは 入れ替わった　ポケモンの　ＨＰを 最大ＨＰの　半分　回復する。
274,ねこのて,Normal,0,0,20,Status,この技は　使えません 思い出すことが　できなくなりますが 技を　忘れることを　おすすめします
275,ねをはる,Grass,0,0,20,Status,大地に　根を　張り 毎ターン　自分の　ＨＰを　回復する。 根を　張っているので　入れ替えられない。
276,ばかぢから,Fighting,120,100,5,Physical,すごい　力を　発揮して 相手を　攻撃する。自分の 攻撃と　防御が　さがる。
277,マジックコート,Psychic,0,0,15,Status,状態異常に　なる　技や やどりぎのタネ　などを だされたとき　相手に　跳ね返す。
278,リサイクル,Normal,0,0,10,Status,戦闘中に　使って　なくなった 自分の　持ち物を　再生させて 使えるように　する。
279,リベンジ,Fighting,60,100,10,Physical,相手から　技を　受けていると その相手に　対して 与える　ダメージが　２倍に　なる。
280,かわらわり,Fighting,75,100,15,Physical,手刀を　勢いよく　振りおろして 相手を　攻撃する。　ひかりのかべや リフレクター　なども　破壊できる。
281,あくび,Normal,0,0,10,Status,大きな　あくびで　眠気を　誘う。 次の　ターンに 相手を　眠り状態に　する。
282,はたきおとす,Dark,65,100,20,Physical,相手の　持ち物を　はたき　落として 戦闘が　終わるまで　使えなくする。 物を持つ　相手には　ダメージが増す。
283,がむしゃら,Normal,0,100,5,Physical,相手の　ＨＰが　自分の　ＨＰと 同じくらいに　なるように ダメージを　与える。
284,ふんか,Fire,150,100,5,Special,怒りを　爆発させて　相手を 攻撃する。　自分の　ＨＰが 少ないほど　技の　威力は　さがる。
285,スキルスワップ,Psychic,0,0,10,Status,超能力で　自分の　特性と 相手の　特性を　入れ替える。
286,ふういん,Psychic,0,0,10,Status,相手が　自分と　同じ　技を おぼえていたら　相手だけ その技を　使えなくする。
287,リフレッシュ,Normal,0,0,20,Status,この技は　使えません 思い出すことが　できなくなりますが 技を　忘れることを　おすすめします
288,おんねん,Ghost,0,0,5,Status,相手の　技で　ひんしに　されたとき おんねんを　かけて その技の　ＰＰを　０に　する。
289,よこどり,Dark,0,0,10,Status,この技は　使えません 思い出すことが　できなくなりますが 技を　忘れることを　おすすめします
290,ひみつのちから,Normal,70,100,20,Physical,この技は　使えません 思い出すことが　できなくなりますが 技を　忘れることを　おすすめします
291,ダイビング,Water,80,100,10,Physical,１ターン目で　潜り　２ターン目に 浮きあがって　攻撃する。
292,つっぱり,Fighting,15,100,20,Physical,ひらいた　両手で 相手を　つっぱって　攻撃する。 ２ー５回の　間　連続で　だす。
293,ほごしょく,Normal,0,0,20,Status,この技は　使えません 思い出すことが　できなくなりますが 技を　忘れることを　おすすめします
294,ほたるび,Bug,0,0,20,Status,この技は　使えません 思い出すことが　できなくなりますが 技を　忘れることを　おすすめします
295,ラスターパージ,Psychic,95,100,5,Special,まばゆい　光を 解放して　攻撃する。 相手の　特防を　さげることが　ある。
296,ミストボール,Psychic,95,100,5,Special,霧状の　羽毛で　包みこみ 攻撃する。 相手の　特攻を　さげることが　ある。
297,フェザーダンス,Flying,0,100,15,Status,羽毛を　ふりまいて 相手の　体に　からませる。 相手の　攻撃を　がくっと　さげる。
298,フラフラダンス,Normal,0,100,20,Status,フラフラと　ダンスを　おどって 自分の　周りに　いるものを 混乱状態に　させる。
299,ブレイズキック,Fire,85,90,10,Physical,攻撃した　相手を やけど状態に　することが　ある。 急所にも　当たりやすい。
300,どろあそび,Ground,0,0,15,Status,この技は　使えません 思い出すことが　できなくなりますが 技を　忘れることを　おすすめします
301,アイスボール,Ice,30,90,20,Physical,この技は　使えません 思い出すことが　できなくなりますが 技を　忘れることを　おすすめします
302,ニードルアーム,Grass,60,100,15,Physical,この技は　使えません 思い出すことが　できなくなりますが 技を　忘れることを　おすすめします
303,なまける,Normal,0,0,5,Status,怠けて　やすむ。 自分の　ＨＰを　最大ＨＰの 半分　回復する。
304,ハイパーボイス,Normal,90,100,10,Special,うるさく　響く　大きな　振動を 相手に　与えて　攻撃する。
305,どくどくのキバ,Poison,50,100,15,Physical,毒の　ある　キバで 相手に　かみついて　攻撃する。 猛毒を　おわせる　ことが　ある。
306,ブレイククロー,Normal,75,95,10,Physical,硬く　鋭い　ツメで 切り裂いて　攻撃する。 相手の　防御を　さげることが　ある。
307,ブラストバーン,Fire,150,90,5,Special,爆発の　炎で 相手を　焼きつくして　攻撃する。 次の　ターンは　動けなくなる。
308,ハイドロカノン,Water,150,90,5,Special,水の　大砲を 相手に　発射して　攻撃する。 次の　ターンは　動けなくなる。
309,コメットパンチ,Steel,90,90,10,Physical,すい星の　ごとく　パンチを　くりだして 相手を　攻撃する。　自分の 攻撃が　あがることが　ある。
310,おどろかす,Ghost,30,100,15,Physical,大きな　声などで 不意に　驚かして　攻撃する。 相手を　ひるませることが　ある。
311,ウェザーボール,Normal,50,100,10,Special,使ったときの　天気に　よって 技の　タイプと　威力が　変わる。
312,アロマセラピー,Grass,0,0,5,Status,心地好い　やすらぐ　香りを　かがせて 味方全員の　状態異常を　回復する。
313,うそなき,Dark,0,100,20,Status,ないた　ふりをして　涙を　流す。 こまらせる　ことで 相手の　特防を　がくっと　さげる。
314,エアカッター,Flying,60,95,25,Special,鋭い　風で 相手を　切りつけて　攻撃する。 急所に　当たりやすい。
315,オーバーヒート,Fire,130,90,5,Special,フルパワーで　相手を　攻撃する。 使うと　反動で 自分の　特攻が　がくっと　さがる。
316,かぎわける,Normal,0,0,40,Status,この技は　使えません 思い出すことが　できなくなりますが 技を　忘れることを　おすすめします
317,がんせきふうじ,Rock,60,95,15,Physical,岩石を　投げつけて　攻撃する。 相手の　動きを　封じることで 素早さを　さげる。
318,ぎんいろのかぜ,Bug,60,100,5,Special,この技は　使えません 思い出すことが　できなくなりますが 技を　忘れることを　おすすめします
319,きんぞくおん,Steel,0,85,40,Status,金属を　こすって　でるような いやな　音を　聞かせる。 相手の　特防を　がくっと　さげる。
320,くさぶえ,Grass,0,55,15,Status,この技は　使えません 思い出すことが　できなくなりますが 技を　忘れることを　おすすめします
321,くすぐる,Normal,0,100,20,Status,体を　くすぐり　笑わせる　ことで 相手の　攻撃と　防御を　さげる。 
322,コスモパワー,Psychic,0,0,20,Status,宇宙から　神秘の　力を とりこむ　ことで 自分の　防御と　特防を　あげる。
323,しおふき,Water,150,100,5,Special,潮を　吹きつけて　攻撃する。 自分の　ＨＰが　少ないほど 技の　威力は　さがる。
324,シグナルビーム,Bug,75,100,15,Special,この技は　使えません 思い出すことが　できなくなりますが 技を　忘れることを　おすすめします
325,シャドーパンチ,Ghost,60,0,20,Physical,影に　まぎれて　パンチを　くりだす。 攻撃は　必ず　命中する。
326,じんつうりき,Psychic,80,100,20,Special,みえない　不思議な　力を 送って　攻撃する。 相手を　ひるませることが　ある。
327,スカイアッパー,Fighting,85,90,15,Physical,この技は　使えません 思い出すことが　できなくなりますが 技を　忘れることを　おすすめします
328,すなじごく,Ground,35,85,15,Physical,激しく　吹きあれる　砂あらしの 中に　４ー５ターンの　間 相手を　閉じこめて　攻撃する。
329,ぜったいれいど,Ice,0,30,5,Special,相手を　一撃で　瀕死に　する。 こおりタイプ　以外の　ポケモンが 使うと　当たりにくい。
330,だくりゅう,Water,90,85,10,Special,濁った　水を 相手に　発射して　攻撃する。 命中率を　さげることが　ある。
331,タネマシンガン,Grass,25,100,30,Physical,タネを　勢いよく 相手に　発射して　攻撃する。 ２ー５回の　間　連続で　だす。
332,つばめがえし,Flying,60,0,20,Physical,素早い　動きで 相手を　ほんろうして　切りつける。 攻撃は　必ず　命中する。
333,つららばり,Ice,25,100,30,Physical,鋭い　氷柱を 相手に　発射して　攻撃する。 ２ー５回の　間　連続で　だす。
334,てっぺき,Steel,0,0,15,Status,皮膚を　鉄のように 硬くする　ことで 自分の　防御を　ぐーんと　あげる。
335,とおせんぼう,Normal,0,0,5,Status,両手を　ひろげて　たちはだかり 相手の　逃げ道を　ふさいで 逃げられなくする。
336,とおぼえ,Normal,0,0,40,Status,大声で　ほえて　気合を　高め 自分と　味方の　攻撃を　あげる。
337,ドラゴンクロー,Dragon,80,100,15,Physical,鋭く　とがった　巨大な　ツメで 相手を　切り裂いて　攻撃する。
338,ハードプラント,Grass,150,90,5,Special,大きな　樹木で 相手を　たたきつけて　攻撃する。 次の　ターンは　動けなくなる。
339,ビルドアップ,Fighting,0,0,20,Status,体に　力を　こめて 筋肉を　ぶあつく　することで 自分の　攻撃と　防御を　あげる。
340,とびはねる,Flying,85,85,5,Physical,空高く　飛び跳ねて ２ターン目に　相手を　攻撃する。 まひ状態に　することが　ある。
341,マッドショット,Ground,55,95,15,Special,泥の　塊を 相手に　投げつけて　攻撃する。 同時に　相手の　素早さを　さげる。
342,ポイズンテール,Poison,50,100,25,Physical,しっぽで　たたく。 毒状態に　することが　あり 急所にも　当たりやすい。
343,ほしがる,Normal,60,100,25,Physical,かわいく　あまえながら 相手に　ちかづき 持っている　道具を　うばう。
344,ボルテッカー,Electric,120,100,15,Physical,電気を　まとって　突進する。 自分も　かなり　ダメージを　受ける。 まひ状態に　することが　ある。
345,マジカルリーフ,Grass,60,0,20,Special,相手を　追跡する 不思議な　はっぱを　まきちらす。 攻撃は　必ず　命中する。
346,みずあそび,Water,0,0,15,Status,この技は　使えません 思い出すことが　できなくなりますが 技を　忘れることを　おすすめします
347,めいそう,Psychic,0,0,20,Status,静かに　精神を　統一し 心を　鎮めることで　自分の 特攻と　特防を　あげる。
348,リーフブレード,Grass,90,100,15,Physical,はっぱを　剣のように　あやつり 相手を　切りつけて　攻撃する。 急所に　当たりやすい。
349,りゅうのまい,Dragon,0,0,20,Status,神秘的で　力強い　舞を 激しく　おどる。　自分の 攻撃と　素早さを　あげる。
350,ロックブラスト,Rock,25,90,10,Physical,硬い　岩石を 相手に　発射して　攻撃する。 ２ー５回の　間　連続で　だす。
351,でんげきは,Electric,60,0,20,Special,電撃を　素早く 相手に　浴びせる。 攻撃は　必ず　命中する。
352,みずのはどう,Water,60,100,20,Special,水の　振動を 相手に　与えて　攻撃する。 相手を　混乱させることが　ある。
353,はめつのねがい,Steel,140,100,5,Special,技を　使った　２ターン後に 無数の　光の　束で 相手を　攻撃する。
354,サイコブースト,Psychic,140,90,5,Special,この技は　使えません 思い出すことが　できなくなりますが 技を　忘れることを　おすすめします
355,はねやすめ,Flying,0,0,5,Status,地面に　降りて　体を　やすめる。 最大ＨＰの　半分の ＨＰを　回復する。
356,じゅうりょく,Psychic,0,0,5,Status,５ターンの間　ふゆうや　ひこうタイプに じめんタイプの　技が　当たるようになる。 空中に　飛ぶ　技も　使えない。
357,ミラクルアイ,Psychic,0,0,40,Status,この技は　使えません 思い出すことが　できなくなりますが 技を　忘れることを　おすすめします
358,めざましビンタ,Fighting,70,100,10,Physical,この技は　使えません 思い出すことが　できなくなりますが 技を　忘れることを　おすすめします
359,アームハンマー,Fighting,100,90,10,Physical,強くて　重い　こぶしを ふるって　ダメージを　与える。 自分の　素早さが　さがる。
360,ジャイロボール,Steel,0,100,5,Physical,体を　高速に　回転させて 体当たりする。相手より　素早さが 低いほど　強い。
361,いやしのねがい,Psychic,0,0,10,Status,自分は　ひんしに　なるが 控えから　でてくる　ポケモンの 状態異常と　ＨＰを　回復する。
362,しおみず,Water,65,100,10,Special,相手が　ＨＰの　半分くらい きずを　おっていると　技の　威力が ２倍に　なる。
363,しぜんのめぐみ,Normal,0,100,15,Physical,この技は　使えません 思い出すことが　できなくなりますが 技を　忘れることを　おすすめします
364,フェイント,Normal,30,100,10,Physical,まもるや　みきり　などを　している 相手に　攻撃が　できる。 守りの　効果を　解除させる。
365,ついばむ,Flying,60,100,20,Physical,くちばしで　攻撃。 相手が　きのみを　持っているとき 食べて　きのみの　効果を　受けられる。
366,おいかぜ,Flying,0,0,15,Status,激しく　吹きあれる 風の渦を　つくり　４ターンの　間 味方　全員の　素早さを　あげる。
367,つぼをつく,Normal,0,0,30,Status,つぼおしで　体を　活性化させる。 能力の　どれか　１つを ぐーんと　あげる。
368,メタルバースト,Steel,0,100,10,Physical,技を　だす前に 最後に　受けた　技の　ダメージを 大きくして　だした　相手に　返す。
369,とんぼがえり,Bug,70,100,20,Physical,攻撃したあと ものすごい　スピードで　もどってきて 控えの　ポケモンと　入れ替わる。
370,インファイト,Fighting,120,100,5,Physical,守りを　捨てて　相手の　ふところに 突撃する。　自分の 防御と　特防が　さがる。
371,しっぺがえし,Dark,50,100,10,Physical,ためこんで　攻撃する。 相手より　あとに　攻撃できると 技の　威力は　２倍に　なる。
372,ダメおし,Dark,60,100,10,Physical,そのターンに　相手が すでに　ダメージを　受けていたら 技の　威力は　２倍に　なる。
373,さしおさえ,Dark,0,100,15,Status,この技は　使えません 思い出すことが　できなくなりますが 技を　忘れることを　おすすめします
374,なげつける,Dark,0,100,10,Physical,持たせた　道具を 素早く　投げつけて　攻撃する。 道具で　威力と　効果が　変わる。
375,サイコシフト,Psychic,0,100,10,Status,超能力で　暗示を　かけて 自分の　受けている　状態異常を 相手に　うつす。
376,きりふだ,Normal,0,0,5,Special,この技は　使えません 思い出すことが　できなくなりますが 技を　忘れることを　おすすめします
377,かいふくふうじ,Psychic,0,100,15,Status,この技は　使えません 思い出すことが　できなくなりますが 技を　忘れることを　おすすめします
378,しぼりとる,Normal,0,100,5,Special,この技は　使えません 思い出すことが　できなくなりますが 技を　忘れることを　おすすめします
379,パワートリック,Psychic,0,0,10,Status,超能力で 自分の　攻撃と　防御の 力を　交換する。
380,いえき,Poison,0,100,10,Status,胃液を　相手の 体に　吐きつける。　ついた　胃液は 相手の　特性の　効果を　消す。
381,おまじない,Normal,0,0,30,Status,この技は　使えません 思い出すことが　できなくなりますが 技を　忘れることを　おすすめします
382,さきどり,Normal,0,0,20,Status,この技は　使えません 思い出すことが　できなくなりますが 技を　忘れることを　おすすめします
383,まねっこ,Normal,0,0,20,Status,直前に　でた　技を　まねして 同じ　技を　だす。 技が　でていないと　失敗する。
384,パワースワップ,Psychic,0,0,10,Status,超能力で　自分と　相手の 攻撃と　特攻の 能力変化を　入れ替える。
385,ガードスワップ,Psychic,0,0,10,Status,超能力で　自分と　相手の 防御と　特防の 能力変化を　入れ替える。
386,おしおき,Dark,0,100,5,Physical,この技は　使えません 思い出すことが　できなくなりますが 技を　忘れることを　おすすめします
387,とっておき,Normal,140,100,5,Physical,戦闘中に　おぼえている　技を すべて　使うと　はじめて　だせる とっておきの　技。
388,なやみのタネ,Grass,0,100,10,Status,心を　なやませる　タネを 植えつける。　相手を　眠れなくして 特性を　ふみんに　する。
389,ふいうち,Dark,70,100,5,Physical,相手より　先に　攻撃　できる。 相手が　だす技が 攻撃技でないと　失敗する。
390,どくびし,Poison,0,0,20,Status,相手の　足下に　どくびしを しかける。　交代で　でてきた　相手の ポケモンに　毒を　おわせる。
391,ハートスワップ,Psychic,0,0,10,Status,この技は　使えません 思い出すことが　できなくなりますが 技を　忘れることを　おすすめします
392,アクアリング,Water,0,0,20,Status,自分の　体の　周りを 水で　つくった　ベールで　おおう。 毎ターン　ＨＰを　回復する。
393,でんじふゆう,Electric,0,0,10,Status,電気で　つくった　磁力の　力で 宙に　浮かぶ。 ５ターンの　間　浮遊できる。
394,フレアドライブ,Fire,120,100,15,Physical,炎を　まとって　突進する。 自分も　かなり　ダメージを　受ける。 やけど状態に　することが　ある。
395,はっけい,Fighting,60,100,10,Physical,相手の　体に 衝撃波を　当てて　攻撃する。 まひ状態に　することが　ある。
396,はどうだん,Fighting,80,0,20,Special,体の　奥から　波導の　力を 相手に　うち放つ。 攻撃は　必ず　命中する。
397,ロックカット,Rock,0,0,20,Status,自分の　体を　磨いて　空気の 抵抗を　少なくする。素早さを ぐーんと　あげることが　できる。
398,どくづき,Poison,80,100,20,Physical,毒に　そまった　触手や　腕で 相手を　突き刺す。 毒状態に　することが　ある。
399,あくのはどう,Dark,80,100,15,Special,体から　悪意に　みちた 恐ろしい　オーラを　発する。 相手を　ひるませることが　ある。
400,つじぎり,Dark,70,100,15,Physical,一瞬の　すきを　ついて 相手を　切りはらう。 急所に　当たりやすい。
401,アクアテール,Water,90,90,10,Physical,激しく　あれくるう　荒波の　ように 大きな　しっぽを　ふって 相手を　攻撃する。
402,タネばくだん,Grass,80,100,15,Physical,硬い　殻を　もつ　大きな　タネを 上から　たたきつけて 相手を　攻撃する。
403,エアスラッシュ,Flying,75,95,15,Special,空をも　切り裂く 空気の　刃で　攻撃する。 相手を　ひるませることが　ある。
404,シザークロス,Bug,80,100,15,Physical,カマや　ツメを　ハサミのように 交差させながら　相手を　切り裂く。
405,むしのさざめき,Bug,90,100,10,Special,振動で　音波を　おこして 攻撃する。相手の　特防を さげることが　ある。
406,りゅうのはどう,Dragon,85,100,10,Special,大きな　口から　衝撃波を まきおこして　相手を　攻撃する。
407,ドラゴンダイブ,Dragon,100,75,10,Physical,すさまじい　殺気で　威圧しながら 体当たりする。 相手を　ひるませることが　ある。
408,パワージェム,Rock,80,100,20,Special,宝石のように　きらめく　光を 発射して　相手を　攻撃する。
409,ドレインパンチ,Fighting,75,100,10,Physical,こぶしから　相手の　力を　吸い取る。 与えた　ダメージの 半分の　ＨＰを　回復できる。
410,しんくうは,Fighting,40,100,30,Special,こぶしを　ふって 真空の　波を　まきおこす。 必ず　先制攻撃できる。
411,きあいだま,Fighting,120,70,5,Special,気合を　高めて ありったけの　力を　放出する。 相手の　特防を　さげることが　ある。
412,エナジーボール,Grass,90,100,10,Special,自然から　集めた 命の力を　発射する。 相手の　特防を　さげることがある。
413,ブレイブバード,Flying,120,100,15,Physical,はねを　おりたたみ 低空飛行で　突撃する。 自分も　かなり　ダメージを　受ける。
414,だいちのちから,Ground,90,100,10,Special,相手の　足下へ　大地の力を 放出する。相手の　特防を さげることが　ある。
415,すりかえ,Dark,0,100,10,Status,目にも　とまらぬ　速さで 自分と　相手の 持ち物を　交換する。
416,ギガインパクト,Normal,150,90,5,Physical,持てる　力を　すべて　使って 相手に　突撃する。 次の　ターンは　動けなくなる。
417,わるだくみ,Dark,0,0,20,Status,悪いことを　考えて 頭を　活性化させる。 自分の　特攻を　ぐーんと　あげる。
418,バレットパンチ,Steel,40,100,30,Physical,弾丸の　ような　速くて　硬い パンチを　相手に　くりだす。 必ず　先制攻撃　できる。
419,ゆきなだれ,Ice,60,100,10,Physical,相手から　技を　受けていると その　相手に　対して 技の　威力が　２倍に　なる。
420,こおりのつぶて,Ice,40,100,30,Physical,氷の塊を　一瞬で　つくり 相手に　素早く　放つ。 必ず　先制攻撃　できる。
421,シャドークロー,Ghost,70,100,15,Physical,影から　つくった　鋭い　ツメで 相手を　切り裂く。 急所に　当たりやすい。
422,かみなりのキバ,Electric,65,95,15,Physical,電気を　ためた　キバで　かみつく。 相手を　ひるませたり まひ状態に　することが　ある。
423,こおりのキバ,Ice,65,95,15,Physical,冷気を　ひめた　キバで　かみつく。 相手を　ひるませたり こおり状態に　することが　ある。
424,ほのおのキバ,Fire,65,95,15,Physical,炎を　まとった　キバで　かみつく。 相手を　ひるませたり やけど状態に　することが　ある。
425,かげうち,Ghost,40,100,30,Physical,影を　のばして 相手の　背後から　攻撃する。 必ず　先制攻撃　できる。
426,どろばくだん,Ground,65,85,10,Special,この技は　使えません 思い出すことが　できなくなりますが 技を　忘れることを　おすすめします
427,サイコカッター,Psychic,70,100,20,Physical,実体化させた 心の　刃で　相手を　切り裂く。 急所に　当たりやすい。
428,しねんのずつき,Psychic,80,90,15,Physical,思念の　力を 額に　集めて　攻撃する。 相手を　ひるませることが　ある。
429,ミラーショット,Steel,65,85,10,Special,この技は　使えません 思い出すことが　できなくなりますが 技を　忘れることを　おすすめします
430,ラスターカノン,Steel,80,100,10,Special,体の　光を　一点に　集めて 力を　放つ。 相手の　特防を　さげることが　ある。
431,ロッククライム,Normal,90,85,20,Physical,この技は　使えません 思い出すことが　できなくなりますが 技を　忘れることを　おすすめします
432,きりばらい,Flying,0,0,15,Status,強い風で　相手の　リフレクターや ひかりのかべ　などを　はらいのける。 回避率も　さげる。
433,トリックルーム,Psychic,0,0,5,Status,まか不思議な　空間を　つくる。 ５ターンの　間 遅い　ポケモンから　行動できる。
434,りゅうせいぐん,Dragon,130,90,5,Special,天空から　隕石を 相手に　落とす。使うと　反動で 自分の　特攻が　がくっと　さがる。
435,ほうでん,Electric,80,100,15,Special,まばゆい　電撃で　自分の 周りに　いるものを　攻撃する。 まひ状態に　することが　ある。
436,ふんえん,Fire,80,100,15,Special,真っ赤な　炎で　自分の 周りに　いるものを　攻撃する。 やけど状態に　することが　ある。
437,リーフストーム,Grass,130,90,5,Special,とがった　はっぱで　相手に　あらしを おこす。使うと　反動で 自分の　特攻が　がくっと　さがる。
438,パワーウィップ,Grass,120,85,10,Physical,ツタや　触手を　激しく　ふるって 相手を　たたきつけ　攻撃する。
439,がんせきほう,Rock,150,90,5,Physical,巨大な　岩を 相手に　発射して　攻撃する。 次の　ターンは　動けなくなる。
440,クロスポイズン,Poison,70,100,20,Physical,毒の　刃で　相手を　切り裂く。 毒状態に　することが　あり 急所にも　当たりやすい。
441,ダストシュート,Poison,120,80,5,Physical,汚い　ゴミを 相手に　ぶつけて　攻撃する。 毒状態に　することが　ある。
442,アイアンヘッド,Steel,80,100,15,Physical,鋼の　ような 硬い　頭で　攻撃する。 相手を　ひるませることが　ある。
443,マグネットボム,Steel,60,0,20,Physical,この技は　使えません 思い出すことが　できなくなりますが 技を　忘れることを　おすすめします
444,ストーンエッジ,Rock,100,80,5,Physical,とがった　岩を 相手に　突き刺して　攻撃する。 急所に　当たりやすい。
445,ゆうわく,Normal,0,100,20,Status,この技は　使えません 思い出すことが　できなくなりますが 技を　忘れることを　おすすめします
446,ステルスロック,Rock,0,0,20,Status,相手の　周りに　無数の　岩を 浮かべて　交代で　でてきた　相手の ポケモンに　ダメージを　与える。
447,くさむすび,Grass,0,100,20,Special,草を　からませて　相手を 転ばせる。相手が　重いほど 威力が　あがる。
448,おしゃべり,Flying,65,100,20,Special,とても　うるさい　おしゃべりの 音波で　相手を　攻撃する。 相手を　混乱させる。
449,さばきのつぶて,Normal,100,100,10,Special,無数の　光弾を　相手に　放出する。 自分の　持つ　プレートに　より タイプが　変わる。
450,むしくい,Bug,60,100,20,Physical,かみついて　攻撃する。 相手が　きのみを　持っているとき 食べて　きのみの　効果を　受けられる。
451,チャージビーム,Electric,50,90,10,Special,電撃の　束を　相手に 発射する。電気を　ためて　自分の 特攻を　あげることが　ある。
452,ウッドハンマー,Grass,120,100,15,Physical,硬い　胴体を 相手に　たたきつけて　攻撃する。 自分も　かなり　ダメージを　受ける。
453,アクアジェット,Water,40,100,20,Physical,目にも　留まらぬ　ものすごい　速さで 相手に　つっこむ。 必ず　先制攻撃　できる。
454,こうげきしれい,Bug,90,100,15,Physical,しもべを　呼びだして 相手に　むかって　攻撃させる。 急所に　当たりやすい。
455,ぼうぎょしれい,Bug,0,0,10,Status,しもべを　呼びだして　自分の　体に おおい　つかせる。防御と　特防を あげることが　できる。
456,かいふくしれい,Bug,0,0,10,Status,この技は　使えません 思い出すことが　できなくなりますが 技を　忘れることを　おすすめします
457,もろはのずつき,Rock,150,80,5,Physical,命を　懸けて　こん身の　力で 相手に　ずつきを　する。　自分も ものすごい　ダメージを　受ける。
458,ダブルアタック,Normal,35,90,10,Physical,しっぽなどを　使い 相手を　たたいて　攻撃する。 ２回連続で　ダメージを　与える。
459,ときのほうこう,Dragon,150,90,5,Special,時間が　ゆがむほどの　力を うちだして　相手を　攻撃する。 次の　ターンは　動けなくなる。
460,あくうせつだん,Dragon,100,95,5,Special,周りの　空間ごと　相手を 引き裂き　ダメージを　与える。 急所に　当たりやすい。
461,みかづきのまい,Psychic,0,0,10,Status,自分は　ひんしに　なるが 控えから　でてくる　ポケモンの すべての　状態を　回復する。
462,にぎりつぶす,Normal,0,100,5,Physical,すさまじい　力で　相手を　にぎりつぶす。 相手の　ＨＰが　残っているほど 威力が　あがる。
463,マグマストーム,Fire,100,75,5,Special,激しく　燃えたぎる　炎の　なかに ４ー５ターンの　間 相手を　閉じこめて　攻撃する。
464,ダークホール,Dark,0,50,10,Status,暗黒の　世界に　ひきずり　落として 相手を　眠り状態に　する。
465,シードフレア,Grass,120,85,5,Special,体の　中から　衝撃波を 発生させる。相手の　特防を がくっと　さげることが　ある。
466,あやしいかぜ,Ghost,60,100,5,Special,この技は　使えません 思い出すことが　できなくなりますが 技を　忘れることを　おすすめします
467,シャドーダイブ,Ghost,120,100,5,Physical,１ターン目で　姿を　消して ２ターン目に　相手を　攻撃する。 守っていても　攻撃は　当たる。
468,つめとぎ,Dark,0,0,15,Status,ツメを　磨いて　鋭く　する。 自分の　攻撃と 命中率を　あげる。
469,ワイドガード,Rock,0,0,10,Status,味方全員に　当たる　攻撃を １ターンの　間　防ぐ。
470,ガードシェア,Psychic,0,0,10,Status,超能力で　自分と　相手の 防御と　特防を　たして 半分に　わける。
471,パワーシェア,Psychic,0,0,10,Status,超能力で　自分と　相手の 攻撃と　特攻を　たして 半分に　わける。
472,ワンダールーム,Psychic,0,0,10,Status,まか不思議な　空間を　つくる。 ５ターンのあいだ　すべてのポケモンの 防御と　特防が　入れ替わる。
473,サイコショック,Psychic,80,100,10,Special,不思議な　念波を　実体化して 相手を　攻撃する。 物理的な　ダメージを　与える。
474,ベノムショック,Poison,65,100,10,Special,特殊な　毒液を　浴びせかける。 毒状態の　相手には 威力が　２倍に　なる。
475,ボディパージ,Steel,0,0,15,Status,体の　ムダな　部分を　削る。 自分の　素早さを　ぐーんと　あげて 体重も　軽くなる。
476,いかりのこな,Bug,0,0,20,Status,イライラさせる　粉を　自分に ふりかけて　注意を　ひく。　相手の 攻撃を　すべて　自分に　むける。
477,テレキネシス,Psychic,0,0,15,Status,この技は　使えません 思い出すことが　できなくなりますが 技を　忘れることを　おすすめします
478,マジックルーム,Psychic,0,0,10,Status,まか不思議な　空間を　つくる。 ５ターンの間　すべてのポケモンの 道具の　効果が　なくなる。
479,うちおとす,Rock,50,100,15,Physical,石や　弾を　投げて　飛んでいる 相手を　攻撃する。　相手は うち落とされて　地面に　落ちる。
480,やまあらし,Fighting,60,100,10,Physical,強烈な　一撃を 相手に　くりだす。攻撃は 必ず　急所に　当たる。
481,はじけるほのお,Fire,70,100,15,Special,この技は　使えません 思い出すことが　できなくなりますが 技を　忘れることを　おすすめします
482,ヘドロウェーブ,Poison,95,100,10,Special,ヘドロの　波で　自分の 周りに　いるものを　攻撃する。 毒状態に　することが　ある。
483,ちょうのまい,Bug,0,0,20,Status,神秘的で　美しい　舞を 軽やかに　おどる。　自分の　特攻と 特防と　素早さを　あげる。
484,ヘビーボンバー,Steel,0,100,10,Physical,重たい　体で　相手に　ぶつかって 攻撃する。　自分が　相手より 重いほど　威力が　あがる。
485,シンクロノイズ,Psychic,120,100,10,Special,この技は　使えません 思い出すことが　できなくなりますが 技を　忘れることを　おすすめします
486,エレキボール,Electric,0,100,10,Special,電気の　塊を　相手に ぶつける。相手より　素早さが 速いほど　威力が　あがる。
487,みずびたし,Water,0,100,20,Status,たくさんの　水を　浴びせかけて 相手を　みずタイプに　する。
488,ニトロチャージ,Fire,50,100,20,Physical,炎を　まとい　相手を　攻撃する。 力を　ためて　自分の 素早さを　あげる。
489,とぐろをまく,Poison,0,0,20,Status,とぐろを　まいて　集中する。 自分の　攻撃と　防御と 命中率を　あげる。
490,ローキック,Fighting,65,100,20,Physical,素早い　動きで　相手の　足を ねらって　攻撃する。 相手の　素早さを　さげる。
491,アシッドボム,Poison,40,100,20,Special,相手を　とかす　液体を 吐きだして　攻撃する。 相手の　特防を　がくっと　さげる。
492,イカサマ,Dark,95,100,15,Physical,相手の　力を　利用する。 戦っている　相手の　攻撃が 高いほど　ダメージが　あがる。
493,シンプルビーム,Normal,0,100,15,Status,なぞの　念波を　相手に　送る。 念波を　受けとった　相手は 特性が　たんじゅんに　なる。
494,なかまづくり,Normal,0,100,15,Status,不思議な　リズムで　おどる。 動きを　まねさせて　自分と　相手の 特性を　同じに　する。
495,おさきにどうぞ,Normal,0,0,15,Status,相手の　行動を　サポートして 自分の　行動の　あとに 続けて　動けるように　する。
496,りんしょう,Normal,60,100,15,Special,歌で　相手を　攻撃する。 みんなで　輪唱すると　続けて だすことが　でき　威力も　あがる。
497,エコーボイス,Normal,40,100,15,Special,響く　声で　相手を　攻撃する。 毎ターン　だれかが　技を 使い続けると　威力が　あがる。
498,なしくずし,Normal,70,100,20,Physical,この技は　使えません 思い出すことが　できなくなりますが 技を　忘れることを　おすすめします
499,クリアスモッグ,Poison,50,0,15,Special,特殊な　泥の　塊を 相手に　投げつけて　攻撃する。 能力変化を　もとに　もどす。
500,アシストパワー,Psychic,20,100,10,Special,蓄積された　パワーで　相手を 攻撃する。自分の　能力が あがっているほど　威力が　あがる。
501,ファストガード,Fighting,0,0,15,Status,自分と　味方を　相手の 先制攻撃から　守る。
502,サイドチェンジ,Psychic,0,0,15,Status,不思議な　力で　テレポートして 自分と　味方の　居場所を 入れ替える。
503,ねっとう,Water,80,100,15,Special,熱く　煮えたぎる　水を 相手に　発射して　攻撃する。 やけど状態に　することが　ある。
504,からをやぶる,Normal,0,0,15,Status,殻を　やぶって　自分の　防御 特防を　さげるが　攻撃　特攻 素早さを　ぐーんと　あげる。
505,いやしのはどう,Psychic,0,0,10,Status,いやしのはどうを　とばして 最大ＨＰの　半分 相手の　ＨＰを　回復する。
506,たたりめ,Ghost,65,100,10,Special,たたみかける　ように　攻撃する。 状態異常の　相手に 大きな　ダメージを　与える。
507,フリーフォール,Flying,60,100,10,Physical,この技は　使えません 思い出すことが　できなくなりますが 技を　忘れることを　おすすめします
508,ギアチェンジ,Steel,0,0,10,Status,歯車を　回して 自分の　攻撃を　あげる　だけでなく 素早さも　ぐーんと　あげる。
509,ともえなげ,Fighting,60,90,10,Physical,相手を　投げとばして 控えの　ポケモンを　ひきずりだす。 野生の　場合は　戦闘が　終わる。
510,やきつくす,Fire,60,100,15,Special,炎で　相手を　攻撃する。 相手が　きのみなどを　持っているとき 燃やして　使えなくする。
511,さきおくり,Dark,0,100,15,Status,相手を　おさえつけて 行動の　順番を 最後に　する。
512,アクロバット,Flying,55,100,15,Physical,軽やかに　相手を　攻撃する。 自分が　道具を　持っていないとき 大きな　ダメージを　与える。
513,ミラータイプ,Normal,0,0,15,Status,相手の　タイプを　反射して 自分も　同じ　タイプに　なる。
514,かたきうち,Normal,70,100,5,Physical,倒れた　味方の　かたきを　討つ。 前の　ターンに　味方が 倒されていると　威力が　あがる。
515,いのちがけ,Fighting,0,100,5,Special,命懸けで　相手を　攻撃する。 自分は　ひんしに　なるが　相手に ＨＰ分の　ダメージを　与える。
516,ギフトパス,Normal,0,0,15,Status,この技は　使えません 思い出すことが　できなくなりますが 技を　忘れることを　おすすめします
517,れんごく,Fire,100,50,5,Special,激しい　炎で 相手を　包みこみ　攻撃する。 やけど状態に　する。
518,みずのちかい,Water,80,100,10,Special,水の柱で　攻撃する。 ほのおと　組みあわせると　威力が あがって　空に　にじが　かかる。
519,ほのおのちかい,Fire,80,100,10,Special,炎の柱で　攻撃する。 くさと　組みあわせると　威力が あがって　周りが　火の海に　なる。
520,くさのちかい,Grass,80,100,10,Special,草の柱で　攻撃する。 みずと　組みあわせると　威力が あがって　あたりが　湿原に　なる。
521,ボルトチェンジ,Electric,70,100,20,Special,攻撃したあと ものすごい　スピードで　もどってきて 控えポケモンと　入れ替わる。
522,むしのていこう,Bug,50,100,20,Special,抵抗して　相手を　攻撃する。 相手の　特攻を　さげる。
523,じならし,Ground,60,100,20,Physical,地面を　踏みならして　自分の 周りに　いるものを　攻撃する。 相手の　素早さを　さげる。
524,こおりのいぶき,Ice,60,90,10,Special,冷たい　息を 相手に　吹きつけて　攻撃する。 必ず　急所に　当たる。
525,ドラゴンテール,Dragon,60,90,10,Physical,相手を　はじきとばして 控えの　ポケモンを　ひきずりだす。 野生の　場合は　戦闘が　終わる。
526,ふるいたてる,Normal,0,0,30,Status,自分を　奮いたてて 攻撃と　特攻を　あげる。
527,エレキネット,Electric,55,95,15,Special,電気の　ネットで 相手を　捕まえて　攻撃する。 相手の　素早さを　さげる。
528,ワイルドボルト,Electric,90,100,15,Physical,電気を　まとって 相手に　ぶつかって　攻撃する。 自分も　少し　ダメージを　受ける。
529,ドリルライナー,Ground,80,95,10,Physical,ドリルのように　体を　回転しながら 相手に　体当たりする。 急所に　当たりやすい。
530,ダブルチョップ,Dragon,40,90,15,Physical,体の　硬い部分で　相手を たたいて　攻撃する。 ２回連続で　ダメージを　与える。
531,ハートスタンプ,Psychic,60,100,25,Physical,この技は　使えません 思い出すことが　できなくなりますが 技を　忘れることを　おすすめします
532,ウッドホーン,Grass,75,100,10,Physical,つのを　突き刺して　相手の　養分を 吸い取る。　与えた　ダメージの 半分の　ＨＰを　回復できる。
533,せいなるつるぎ,Fighting,90,100,15,Physical,長い　つので　切りつけ　攻撃する。 相手の　能力変化に 関係なく　ダメージを　与える。
534,シェルブレード,Water,75,95,10,Physical,鋭い　貝殻で　切りつけて 攻撃する。　相手の　防御を さげることが　ある。
535,ヒートスタンプ,Fire,0,100,10,Physical,燃える　体で　相手に　ぶつかって 攻撃する。　自分が　相手より 重いほど　威力が　あがる。
536,グラスミキサー,Grass,65,90,10,Special,鋭い　はっぱで　相手を 包みこんで　攻撃する。 命中率を　さげることが　ある。
537,ハードローラー,Bug,65,100,20,Physical,この技は　使えません 思い出すことが　できなくなりますが 技を　忘れることを　おすすめします
538,コットンガード,Grass,0,0,10,Status,フワフワの　綿毛で　自分の 体を　包みこんで　守る。 防御を　ぐぐーんと　あげる。
539,ナイトバースト,Dark,85,95,10,Special,暗黒の　衝撃波を とばして　相手を　攻撃する。 命中率を　さげることが　ある。
540,サイコブレイク,Psychic,100,100,10,Special,不思議な　念波を　実体化して 相手を　攻撃する。 物理的な　ダメージを　与える。
541,スイープビンタ,Normal,25,85,10,Physical,硬い　しっぽで 相手を　たたいて　攻撃する。 ２ー５回の　間　連続で　だす。
542,ぼうふう,Flying,110,70,10,Special,強烈な　風で　相手を 包みこんで　攻撃する。 相手を　混乱させることが　ある。
543,アフロブレイク,Normal,120,100,15,Physical,すごい　アフロの　頭で 相手に　突進して　攻撃する。 自分も　少し　ダメージを　受ける。
544,ギアソーサー,Steel,50,85,15,Physical,鋼鉄の　ギアを　相手に 投げつけて　攻撃する。 ２回連続で　ダメージを　与える。
545,かえんだん,Fire,100,100,5,Special,真っ赤な　炎で　自分の 周りに　いるものを　攻撃する。 やけど状態に　することが　ある。
546,テクノバスター,Normal,120,100,5,Special,光弾を　相手に　放出する。 自分の　持つ カセットにより　タイプが　変わる。
547,いにしえのうた,Normal,75,100,10,Special,いにしえのうたを　相手に　聞かせて 心に　うったえて　攻撃する。 眠り状態に　することが　ある。
548,しんぴのつるぎ,Fighting,85,100,10,Special,長い　つので　切りつけ　攻撃する。 つのが　まとった　不思議な　力は 物理的な　ダメージを　与える。
549,こごえるせかい,Ice,65,95,10,Special,凍えるような　冷気を 相手に　吹きつけて　攻撃する。 相手の　素早さを　さげる。
550,らいげき,Electric,130,85,5,Physical,ぼうだいな　電気を　身に　まとって 相手に　突進して　攻撃する。 まひ状態に　することが　ある。
551,あおいほのお,Fire,130,85,5,Special,美しくも　激しい　青い炎で 相手を　包みこんで　攻撃する。 やけど状態に　することが　ある。
552,ほのおのまい,Fire,80,100,10,Special,炎を　まとい　はばたいて　相手を 攻撃する。自分の　特攻が あがることが　ある。
553,フリーズボルト,Ice,140,90,5,Physical,電気を　まとった　氷の　塊で ２ターン目に　相手を　たたきつける。 まひ状態に　することが　ある。
554,コールドフレア,Ice,140,90,5,Special,すべてを　凍らせる　激しい　冷気で ２ターン目に　相手を　包みこむ。 やけど状態に　することが　ある。
555,バークアウト,Dark,55,95,15,Special,まくしたてる　ように　怒鳴りつけて 相手の　特攻を　さげる。
556,つららおとし,Ice,85,90,10,Physical,大きな　氷柱を 激しく　ぶつけて　攻撃する。 相手を　ひるませることが　ある。
557,Ｖジェネレート,Fire,180,95,5,Physical,灼熱の　炎を　額から 発生させて　捨て身の　体当たり。 防御　特防　素早さが　さがる。
558,クロスフレイム,Fire,100,100,5,Special,巨大な　炎を　たたきつける。 巨大な　雷の　影響を受け 技の　威力が　あがる。
559,クロスサンダー,Electric,100,100,5,Physical,巨大な　雷を　たたきつける。 巨大な　炎の　影響を受け 技の　威力が　あがる。
560,フライングプレス,Fighting,100,95,10,Physical,空中から　相手に　ダイブする。 この技は　かくとうタイプと　同時に ひこうタイプでも　ある。
561,たたみがえし,Fighting,0,0,10,Status,かえした　タタミを　盾にして　自分や 味方への　技の　ダメージを　防ぐ。 変化技は　防ぐことが　できない。
562,ゲップ,Poison,120,90,10,Special,相手に　向かって　ゲップを 浴びせて　ダメージを　与える。 きのみを　食べないと　だせない。
563,たがやす,Ground,0,0,10,Status,この技は　使えません 思い出すことが　できなくなりますが 技を　忘れることを　おすすめします
564,ねばねばネット,Bug,0,0,20,Status,相手の　周りに　ねばねばした ネットを　はりめぐらせ　交代で でてきた　相手の　素早さを　さげる。
565,とどめばり,Bug,50,100,25,Physical,この　技を　使って 相手を　倒すと 攻撃が　ぐぐーんと　あがる。
566,ゴーストダイブ,Ghost,90,100,10,Physical,１ターンめで　どこかに　消えて ２ターンめに　相手を　攻撃する。 守りを　無視して　攻撃できる。
567,ハロウィン,Ghost,0,100,20,Status,相手を　ハロウィンに　誘う。 相手の　タイプに ゴーストタイプが　追加される。
568,おたけび,Normal,0,100,30,Status,おたけびを　あげて 相手を　威嚇し　相手の 攻撃と　特攻を　さげる。
569,プラズマシャワー,Electric,0,0,25,Status,この技は　使えません 思い出すことが　できなくなりますが 技を　忘れることを　おすすめします
570,パラボラチャージ,Electric,65,100,20,Special,周りにいる　ポケモン　全員に ダメージ。　与えた　ダメージの 半分を　自分が　回復する。
571,もりののろい,Grass,0,100,20,Status,相手に　森ののろいを　かける。 のろいを　かけられた　相手は タイプに　くさタイプが　追加される。
572,はなふぶき,Grass,90,100,15,Physical,激しい　花吹雪を　起こし 周りに　いるものに　攻撃して ダメージを　与える。
573,フリーズドライ,Ice,70,100,20,Special,相手を　急激に　冷やして こおり　状態に　することが　ある。 みずタイプにも　効果バツグンになる。
574,チャームボイス,Fairy,40,0,15,Special,魅惑の　鳴き声を　だして　相手に 精神的な　ダメージを　与える。 攻撃は　必ず　命中　する。
575,すてゼリフ,Dark,0,100,20,Status,すてゼリフで　相手を　いかくし 攻撃と　特攻を　さげたのち 控えの　ポケモンと　入れ替わる。
576,ひっくりかえす,Dark,0,0,20,Status,相手に　かかっている すべての　能力変化を ひっくり返して　逆にする。
577,ドレインキッス,Fairy,50,100,10,Special,キッスによって　相手から　ＨＰを 吸い取る。　与えた　ダメージの 半分以上　ＨＰを　回復する。
578,トリックガード,Fairy,0,0,10,Status,不思議な　力を　使って 味方への　変化技を　防ぐ。 ダメージ技は　受けてしまう。
579,フラワーガード,Fairy,0,0,10,Status,不思議な　力を　使って 場にいる　くさタイプの　ポケモン 全員の　防御を　あげる。
580,グラスフィールド,Grass,0,0,10,Status,５ターンの　間　グラスフィールドにする。 地面にいると　毎ターン　回復する。 くさタイプの　威力が　あがる。
581,ミストフィールド,Fairy,0,0,10,Status,５ターンの　間　地面にいると 状態異常に　ならず　ドラゴン技の ダメージも　半分になる。
582,そうでん,Electric,0,0,20,Status,相手が　技を　だす前に そうでん　すると　そのターン 相手の　技は　でんきタイプになる。
583,じゃれつく,Fairy,90,90,10,Physical,相手に　じゃれついて 攻撃する。　相手の 攻撃を　さげる　ことがある。
584,ようせいのかぜ,Fairy,40,100,30,Special,ようせいのかぜを　起こし 相手に　吹きつけて　攻撃する。 
585,ムーンフォース,Fairy,95,100,15,Special,月の　パワーを　かりて 相手を　攻撃する。　相手の 特攻を　さげる　ことがある。
586,ばくおんぱ,Normal,140,100,10,Special,すさまじい　爆音の 破壊力に　よって 周りに　いるものを　攻撃する。
587,フェアリーロック,Fairy,0,0,10,Status,ロックを　かけることによって 次のターン　すべての ポケモンを　逃げられなくする。
588,キングシールド,Steel,0,0,10,Status,相手の　攻撃を　防ぐと　同時に 防御態勢になる。　触れた 相手の　攻撃を　さげる。
589,なかよくする,Normal,0,0,20,Status,相手と　なかよくなって 戦う　気力を　失わせ 相手の　攻撃を　さげる。
590,ないしょばなし,Normal,0,0,20,Status,ないしょばなしを　することで　相手の 集中力を　失わせ 相手の　特攻を　さげる。
591,ダイヤストーム,Rock,100,95,5,Physical,ダイヤの　嵐を　巻き起こし ダメージを　与える。　自分の 防御を　ぐーんと　あげることが　ある。
592,スチームバースト,Water,110,95,5,Special,ものすごく　熱い　蒸気を 相手に　浴びせる。 相手は　やけどする　ことがある。
593,いじげんホール,Psychic,80,0,5,Special,異次元ホールで　突然　相手の 真横に　現れ　攻撃する。 まもるや　みきり　なども　無視　できる。
594,みずしゅりけん,Water,15,100,20,Special,粘液で　できた　手裏剣を ２ー５回の　間　連続で　だす。 必ず　先制攻撃　できる。
595,マジカルフレイム,Fire,75,100,10,Special,口から　吐きだす　特別 熱い　炎で　攻撃する。 相手の　特攻を　さげる。
596,ニードルガード,Grass,0,0,10,Status,相手の　攻撃を　防ぐと 同時に　触れた　相手の 体力を　削って　しまう。
597,アロマミスト,Fairy,0,0,20,Status,不思議な　アロマの　香りによって 味方の　特防を　あげる。
598,かいでんぱ,Electric,0,100,15,Status,体から　かいでんぱを　放ち 相手に　浴びせる　ことによって 特攻を　がくっと　さげる。
599,ベノムトラップ,Poison,0,100,20,Status,特殊な　毒液を　浴びせかける。 毒状態の　相手は 攻撃　特攻　素早さが　さがる。
600,ふんじん,Bug,0,100,20,Status,ふんじんを　浴びせた　相手が ほのお技を　使うと 爆発して　ダメージを　与える。
601,ジオコントロール,Fairy,0,0,10,Status,１ターン目で　エネルギーを 吸収し　２ターン目に　特攻 特防　素早さを　ぐーんと　あげる。
602,じばそうさ,Electric,0,0,20,Status,磁場を　操作　することによって 特性　プラスと　マイナスの 防御　特防が　あがる。
603,ハッピータイム,Normal,0,0,30,Status,ハッピータイムの　技を　使うと 戦闘の　あとで　もらえる お金が　倍になる。
604,エレキフィールド,Electric,0,0,10,Status,５ターンの　間　エレキフィールドにする。 地面にいる　ポケモンは　眠らない。 でんきタイプの　威力が　あがる。
605,マジカルシャイン,Fairy,80,100,10,Special,強力な　光を　放ち 相手に　ダメージを　与える。
606,おいわい,Normal,0,0,40,Status,ポケモンが　とっても ハッピーな　あなたのことを お祝い　してくれる。
607,てをつなぐ,Normal,0,0,40,Status,味方の　ポケモン　同士が 手をつなぐ。　とっても　幸せな 気持ちに　なれる。
608,つぶらなひとみ,Fairy,0,100,30,Status,つぶらなひとみで　相手を　みつめて 攻撃を　さげる。 必ず　先制攻撃　できる。
609,ほっぺすりすり,Electric,20,100,20,Physical,電気を　帯びた　ほっぺを すりつけて　攻撃。 相手を　まひ状態に　する。
610,てかげん,Normal,40,100,40,Physical,手加減　した　攻撃で 相手の　ＨＰを 必ず　１だけ　残す。
611,まとわりつく,Bug,20,100,20,Special,４ー５ターンの　間　相手に まとわりついて　攻撃する。 そのあいだ　相手は　逃げられない。
612,グロウパンチ,Fighting,40,100,20,Physical,繰り返し　打つことで だんだん　こぶしが　固くなる。 相手に　当てると　攻撃が　あがる。
613,デスウイング,Flying,80,100,10,Special,ねらいを　定めた　相手から　ＨＰを 吸い取る。　与えた　ダメージの 半分以上　ＨＰを　回復する。
614,サウザンアロー,Ground,90,100,10,Physical,浮いている　ポケモンにも　当たる。 浮いていた　相手は 撃ち落とされて　地面に　落ちる。
615,サウザンウェーブ,Ground,90,100,10,Physical,地をはう　波によって　攻撃。 波に　巻き込まれた　相手は 戦闘から　逃げられなくなる。
616,グランドフォース,Ground,90,100,10,Physical,大地の　パワーを　集め 力を　相手に　集中させて ダメージを　与える。
617,はめつのひかり,Fairy,140,90,5,Special,永遠の花　の　パワーを　かりて 強力な　光線を　撃ちだす。 自分も　かなりの　ダメージを　受ける。
618,こんげんのはどう,Water,110,85,10,Special,青白く　輝く　無数の　光線で 相手を　攻撃する。
619,だんがいのつるぎ,Ground,120,85,10,Physical,大地の　力を　刃に　変えて 相手を　攻撃する。
620,ガリョウテンセイ,Flying,120,100,5,Physical,大空から　急速落下　して 相手を　攻撃する。 自分の　防御と　特防が　さがる。
621,いじげんラッシュ,Dark,100,0,5,Physical,たくさんの　腕で　まもるや　みきり などを　無視した　連続攻撃。 自分の　防御が　さがる。
622,ウルトラダッシュアタック,Normal,0,0,1,Physical,この技は　使えません 思い出すことが　できなくなりますが 技を　忘れることを　おすすめします
623,ウルトラダッシュアタック,Normal,0,0,1,Special,この技は　使えません 思い出すことが　できなくなりますが 技を　忘れることを　おすすめします
624,ぜんりょくむそうげきれつけん,Fighting,0,0,1,Physical,この技は　使えません 思い出すことが　できなくなりますが 技を　忘れることを　おすすめします
625,ぜんりょくむそうげきれつけん,Fighting,0,0,1,Special,この技は　使えません 思い出すことが　できなくなりますが 技を　忘れることを　おすすめします
626,ファイナルダイブクラッシュ,Flying,0,0,1,Physical,この技は　使えません 思い出すことが　できなくなりますが 技を　忘れることを　おすすめします
627,ファイナルダイブクラッシュ,Flying,0,0,1,Special,この技は　使えません 思い出すことが　できなくなりますが 技を　忘れることを　おすすめします
628,アシッドポイズンデリート,Poison,0,0,1,Physical,この技は　使えません 思い出すことが　できなくなりますが 技を　忘れることを　おすすめします
629,アシッドポイズンデリート,Poison,0,0,1,Special,この技は　使えません 思い出すことが　できなくなりますが 技を　忘れることを　おすすめします
630,ライジングランドオーバー,Ground,0,0,1,Physical,この技は　使えません 思い出すことが　できなくなりますが 技を　忘れることを　おすすめします
631,ライジングランドオーバー,Ground,0,0,1,Special,この技は　使えません 思い出すことが　できなくなりますが 技を　忘れることを　おすすめします
632,ワールズエンドフォール,Rock,0,0,1,Physical,この技は　使えません 思い出すことが　できなくなりますが 技を　忘れることを　おすすめします
633,ワールズエンドフォール,Rock,0,0,1,Special,この技は　使えません 思い出すことが　できなくなりますが 技を　忘れることを　おすすめします
634,ぜったいほしょくかいてんざん,Bug,0,0,1,Physical,この技は　使えません 思い出すことが　できなくなりますが 技を　忘れることを　おすすめします
635,ぜったいほしょくかいてんざん,Bug,0,0,1,Special,この技は　使えません 思い出すことが　できなくなりますが 技を　忘れることを　おすすめします
636,むげんあんやへのいざない,Ghost,0,0,1,Physical,この技は　使えません 思い出すことが　できなくなりますが 技を　忘れることを　おすすめします
637,むげんあんやへのいざない,Ghost,0,0,1,Special,この技は　使えません 思い出すことが　できなくなりますが 技を　忘れることを　おすすめします
638,ちょうぜつらせんれんげき,Steel,0,0,1,Physical,この技は　使えません 思い出すことが　できなくなりますが 技を　忘れることを　おすすめします
639,ちょうぜつらせんれんげき,Steel,0,0,1,Special,この技は　使えません 思い出すことが　できなくなりますが 技を　忘れることを　おすすめします
640,ダイナミックフルフレイム,Fire,0,0,1,Physical,この技は　使えません 思い出すことが　できなくなりますが 技を　忘れることを　おすすめします
641,ダイナミックフルフレイム,Fire,0,0,1,Special,この技は　使えません 思い出すことが　できなくなりますが 技を　忘れることを　おすすめします
642,スーパーアクアトルネード,Water,0,0,1,Physical,この技は　使えません 思い出すことが　できなくなりますが 技を　忘れることを　おすすめします
643,スーパーアクアトルネード,Water,0,0,1,Special,この技は　使えません 思い出すことが　できなくなりますが 技を　忘れることを　おすすめします
644,ブルームシャインエクストラ,Grass,0,0,1,Physical,この技は　使えません 思い出すことが　できなくなりますが 技を　忘れることを　おすすめします
645,ブルームシャインエクストラ,Grass,0,0,1,Special,この技は　使えません 思い出すことが　できなくなりますが 技を　忘れることを　おすすめします
646,スパーキングギガボルト,Electric,0,0,1,Physical,この技は　使えません 思い出すことが　できなくなりますが 技を　忘れることを　おすすめします
647,スパーキングギガボルト,Electric,0,0,1,Special,この技は　使えません 思い出すことが　できなくなりますが 技を　忘れることを　おすすめします
648,マキシマムサイブレイカー,Psychic,0,0,1,Physical,この技は　使えません 思い出すことが　できなくなりますが 技を　忘れることを　おすすめします
649,マキシマムサイブレイカー,Psychic,0,0,1,Special,この技は　使えません 思い出すことが　できなくなりますが 技を　忘れることを　おすすめします
650,レイジングジオフリーズ,Ice,0,0,1,Physical,この技は　使えません 思い出すことが　できなくなりますが 技を　忘れることを　おすすめします
651,レイジングジオフリーズ,Ice,0,0,1,Special,この技は　使えません 思い出すことが　できなくなりますが 技を　忘れることを　おすすめします
652,アルティメットドラゴンバーン,Dragon,0,0,1,Physical,この技は　使えません 思い出すことが　できなくなりますが 技を　忘れることを　おすすめします
653,アルティメットドラゴンバーン,Dragon,0,0,1,Special,この技は　使えません 思い出すことが　できなくなりますが 技を　忘れることを　おすすめします
654,ブラックホールイクリプス,Dark,0,0,1,Physical,この技は　使えません 思い出すことが　できなくなりますが 技を　忘れることを　おすすめします
655,ブラックホールイクリプス,Dark,0,0,1,Special,この技は　使えません 思い出すことが　できなくなりますが 技を　忘れることを　おすすめします
656,ラブリースターインパクト,Fairy,0,0,1,Physical,この技は　使えません 思い出すことが　できなくなりますが 技を　忘れることを　おすすめします
657,ラブリースターインパクト,Fairy,0,0,1,Special,この技は　使えません 思い出すことが　できなくなりますが 技を　忘れることを　おすすめします
658,ひっさつのピカチュート,Electric,210,0,1,Physical,この技は　使えません 思い出すことが　できなくなりますが 技を　忘れることを　おすすめします
659,すなあつめ,Ground,0,0,5,Status,最大ＨＰの　半分 自分の　ＨＰを　回復する。 すなあらしの時は　多く　回復。
660,であいがしら,Bug,90,100,10,Physical,威力が　高い　技　だが 戦闘に　出たら すぐに　出さないと　成功　しない。
661,トーチカ,Poison,0,0,10,Status,相手の　攻撃を　防ぐと 同時に　触れた　相手に 毒を　与えてしまう。
662,かげぬい,Ghost,80,100,10,Physical,攻撃と　同時に 相手の　影を　縫い付けて 逃げられなくする。
663,ＤＤラリアット,Dark,85,100,10,Physical,両腕を　回し　相手に　当てる。 相手の　能力変化に 関係なく　ダメージを　与える。
664,うたかたのアリア,Water,90,100,10,Special,歌うことによって　たくさんの バルーンを　放出する。 技を　受けると　やけどが　治る。
665,アイスハンマー,Ice,100,90,10,Physical,強くて　重い　こぶしを ふるって　ダメージを　与える。 自分の　素早さが　さがる。
666,フラワーヒール,Fairy,0,0,10,Status,最大ＨＰの　半分 相手の　ＨＰを　回復する。 グラスフィールドの時　効果が　あがる。
667,１０まんばりき,Ground,95,95,10,Physical,全身を　使って 相手に　猛アタックする。
668,ちからをすいとる,Grass,0,100,10,Status,相手の　攻撃力と　同じだけ 自分の　ＨＰを　回復する。 そして　相手の　攻撃を　さげる。
669,ソーラーブレード,Grass,125,100,10,Physical,１ターン目に　光を　いっぱいに　集め ２ターン目に　その　力を 剣に　込めて　攻撃する。
670,このは,Grass,40,100,40,Physical,はっぱを　相手に　当てて 攻撃する。
671,スポットライト,Normal,0,0,15,Status,この技は　使えません 思い出すことが　できなくなりますが 技を　忘れることを　おすすめします
672,どくのいと,Poison,0,100,20,Status,毒の　混じった　糸を　吹き付ける。 相手を　毒にして 素早さを　さげる。
673,とぎすます,Normal,0,0,30,Status,精神を　集中して 次の　攻撃を　必ず 急所に　当てる。
674,アシストギア,Steel,0,0,20,Status,ギアを　入れる　ことによって 特性　プラスと　マイナスの 攻撃と　特攻が　あがる。
675,じごくづき,Dark,80,100,15,Physical,この　技を　受けた　相手は 地獄の　苦しみから　２ターンの間 音の　技を　出すことが　できなくなる。
676,かふんだんご,Bug,90,100,15,Special,敵には　爆発する　だんごを 使って　攻撃。　味方には 回復する　だんごを　与える。
677,アンカーショット,Steel,80,100,20,Physical,アンカーを　相手に　からませて 攻撃する。　相手は 逃げることが　できなくなる。
678,サイコフィールド,Psychic,0,0,10,Status,５ターンの間　地面にいると 先制技を　受けない。 エスパータイプの　威力が　あがる。
679,とびかかる,Bug,80,100,15,Physical,全力で　相手に 飛びかかって　攻撃。 相手の　攻撃を　さげる。
680,ほのおのムチ,Fire,80,100,15,Physical,焼けたムチで　相手を　打ちつける。 攻撃を　受けた　相手は 防御が　さがる。
681,つけあがる,Dark,20,100,10,Physical,自分の　強さを　鼻高々に 攻撃する。自分の　能力が あがって　いるほど　威力が　あがる。
682,もえつきる,Fire,130,100,5,Special,全身の　ほのおを　すべて 燃やして　大ダメージを　与える。 自分の　ほのおタイプが　なくなる。
683,スピードスワップ,Psychic,0,0,10,Status,相手の　素早さと 自分の　素早さを 入れ替えてしまう。
684,スマートホーン,Steel,70,0,10,Physical,とがった　つので　相手を 突き刺して　攻撃する。 攻撃は　必ず　命中する。
685,じょうか,Poison,0,0,20,Status,相手の　状態異常を　治す。 治すと　自分は　ＨＰを 回復　することが　できる。
686,めざめるダンス,Normal,90,100,15,Special,全力で　踊って　攻撃する。 この　技の　タイプは 自分の　タイプと　同じになる。
687,コアパニッシャー,Dragon,100,100,10,Special,ダメージを　与えた　相手が すでに　行動を　終えていたら 相手の　特性を　消してしまう。
688,トロピカルキック,Grass,70,100,15,Physical,南国　由来の　熱い キックを　相手に　浴びせる。 相手の　攻撃を　さげる。
689,さいはい,Psychic,0,0,15,Status,相手が　出した　技を 指示して　もう一度 出させることが　できる。
690,くちばしキャノン,Flying,100,100,15,Physical,最初に　クチバシを　加熱してから 攻撃を　くりだす。 加熱中に　さわると　やけどする。
691,スケイルノイズ,Dragon,110,100,5,Special,全身の　うろこを　こすり 大きな　音を　出して　攻撃する。 攻撃後　自分の　防御が　さがる。
692,ドラゴンハンマー,Dragon,90,100,15,Physical,体を　ハンマーのように 使って　相手に　襲いかかり ダメージを　与える。
693,ぶんまわす,Dark,60,100,20,Physical,自分の　体を ぶんまわして　相手に ダメージを　与える。
694,オーロラベール,Ice,0,0,20,Status,５ターンの　間　物理と 特殊の　ダメージを　弱める。 あられの　時しか　出すことが　できない。
695,シャドーアローズストライク,Ghost,180,0,1,Physical,この技は　使えません 思い出すことが　できなくなりますが 技を　忘れることを　おすすめします
696,ハイパーダーククラッシャー,Dark,180,0,1,Physical,この技は　使えません 思い出すことが　できなくなりますが 技を　忘れることを　おすすめします
697,わだつみのシンフォニア,Water,195,0,1,Special,この技は　使えません 思い出すことが　できなくなりますが 技を　忘れることを　おすすめします
698,ガーディアン・デ・アローラ,Fairy,0,0,1,Special,この技は　使えません 思い出すことが　できなくなりますが 技を　忘れることを　おすすめします
699,しちせいだっこんたい,Ghost,195,0,1,Physical,この技は　使えません 思い出すことが　できなくなりますが 技を　忘れることを　おすすめします
700,ライトニングサーフライド,Electric,175,0,1,Special,この技は　使えません 思い出すことが　できなくなりますが 技を　忘れることを　おすすめします
701,ほんきをだす　こうげき,Normal,210,0,1,Physical,この技は　使えません 思い出すことが　できなくなりますが 技を　忘れることを　おすすめします
702,ナインエボルブースト,Normal,0,0,1,Status,この技は　使えません 思い出すことが　できなくなりますが 技を　忘れることを　おすすめします
703,オリジンズスーパーノヴァ,Psychic,185,0,1,Special,この技は　使えません 思い出すことが　できなくなりますが 技を　忘れることを　おすすめします
704,トラップシェル,Fire,150,100,5,Special,こうらの　トラップを　しかける。 相手が　物理技を　出すと 爆発して　ダメージを　与える。
705,フルールカノン,Fairy,130,90,5,Special,強力な　ビームを　放ったあと 自分の　特攻が　がくっと　さがる。
706,サイコファング,Psychic,85,100,10,Physical,サイコパワーで　かみついて 相手を　攻撃する。　ひかりのかべや リフレクター　なども　破壊できる。
707,じだんだ,Ground,75,100,10,Physical,悔しさを　バネにして　攻撃する。 前の　ターンに　技を　外していると 威力が　倍に　なる。
708,シャドーボーン,Ghost,85,100,10,Physical,魂の　宿った　ホネで 相手を　なぐりつけて　攻撃する。 相手の　防御を　さげる　ことがある。
709,アクセルロック,Rock,40,100,20,Physical,素早い　スピードで 相手に　ぶつかって　攻撃する。 必ず　先制攻撃　できる。
710,アクアブレイク,Water,85,100,10,Physical,水の　力で　相手に ぶつかって　攻撃する。 相手の　防御を　さげる　ことがある。
711,プリズムレーザー,Psychic,160,100,10,Special,プリズムの　力で　強力な 光線を　発射する。 次の　ターンは　動けなくなる。
712,シャドースチール,Ghost,90,100,10,Physical,相手の　影に　潜り込み 相手の　能力アップを 奪って　攻撃する。
713,メテオドライブ,Steel,100,100,5,Physical,流星の　ような　勢いで 突進する。　相手の　特性を 無視して　攻撃　することが　できる。
714,シャドーレイ,Ghost,100,100,5,Special,怪しい　光線を　放って 攻撃する。相手の　特性を 無視して　攻撃　することが　できる。
715,なみだめ,Normal,0,0,20,Status,なみだめに　なって 相手の　戦力を　喪失させる。 相手の　攻撃と　特攻が　さがる。
716,びりびりちくちく,Electric,80,100,10,Physical,相手に　ぶつかって　強力な 電気を浴びせ　びりびりちくちく　させる。 相手を　ひるませる　ことが　ある。
717,しぜんのいかり,Fairy,0,90,10,Special,自然の　怒りを　相手に　ぶつける。 相手の　ＨＰは　半分に　なる。
718,マルチアタック,Normal,120,100,10,Physical,高い　エネルギーを　まといつつ 相手に　ぶつかって　攻撃する。 メモリに　より　タイプが　変わる。
719,１０００まんボルト,Electric,195,0,1,Special,この技は　使えません 思い出すことが　できなくなりますが 技を　忘れることを　おすすめします
720,ビックリヘッド,Fire,150,100,5,Special,自分の　頭を　爆発　させて 周りの　すべてを　攻撃する。 自分も　ダメージを　受けてしまう。
721,プラズマフィスト,Electric,100,100,15,Physical,電気を　まとった　こぶしで 攻撃。　ノーマルタイプの　技を でんきタイプに　してしまう。
722,フォトンゲイザー,Psychic,100,100,5,Special,光の　柱で　攻撃する。 攻撃と　特攻を　比べて 高いほうで　ダメージを　与える。
723,てんこがすめつぼうのひかり,Psychic,200,0,1,Special,この技は　使えません 思い出すことが　できなくなりますが 技を　忘れることを　おすすめします
724,サンシャインスマッシャー,Steel,200,0,1,Physical,この技は　使えません 思い出すことが　できなくなりますが 技を　忘れることを　おすすめします
725,ムーンライトブラスター,Ghost,200,0,1,Special,この技は　使えません 思い出すことが　できなくなりますが 技を　忘れることを　おすすめします
726,ぽかぼかフレンドタイム,Fairy,190,0,1,Physical,この技は　使えません 思い出すことが　できなくなりますが 技を　忘れることを　おすすめします
727,ラジアルエッジストーム,Rock,190,0,1,Physical,この技は　使えません 思い出すことが　できなくなりますが 技を　忘れることを　おすすめします
728,ブレイジングソウルビート,Dragon,185,0,1,Special,この技は　使えません 思い出すことが　できなくなりますが 技を　忘れることを　おすすめします
729,ばちばちアクセル,Electric,80,100,10,Physical,この技は　使えません 思い出すことが　できなくなりますが 技を　忘れることを　おすすめします
730,ざぶざぶサーフ,Water,90,100,15,Special,この技は　使えません 思い出すことが　できなくなりますが 技を　忘れることを　おすすめします
731,ふわふわフォール,Flying,90,95,15,Physical,この技は　使えません 思い出すことが　できなくなりますが 技を　忘れることを　おすすめします
732,ピカピカサンダー,Electric,0,0,20,Special,この技は　使えません 思い出すことが　できなくなりますが 技を　忘れることを　おすすめします
733,いきいきバブル,Water,60,100,20,Special,この技は　使えません 思い出すことが　できなくなりますが 技を　忘れることを　おすすめします
734,びりびりエレキ,Electric,60,100,20,Special,この技は　使えません 思い出すことが　できなくなりますが 技を　忘れることを　おすすめします
735,めらめらバーン,Fire,60,100,20,Physical,この技は　使えません 思い出すことが　できなくなりますが 技を　忘れることを　おすすめします
736,どばどばオーラ,Psychic,80,95,15,Special,この技は　使えません 思い出すことが　できなくなりますが 技を　忘れることを　おすすめします
737,わるわるゾーン,Dark,80,95,15,Special,この技は　使えません 思い出すことが　できなくなりますが 技を　忘れることを　おすすめします
738,すくすくボンバー,Grass,100,90,10,Physical,この技は　使えません 思い出すことが　できなくなりますが 技を　忘れることを　おすすめします
739,こちこちフロスト,Ice,100,90,10,Special,この技は　使えません 思い出すことが　できなくなりますが 技を　忘れることを　おすすめします
740,きらきらストーム,Fairy,120,85,5,Special,この技は　使えません 思い出すことが　できなくなりますが 技を　忘れることを　おすすめします
741,ブイブイブレイク,Normal,0,0,20,Physical,この技は　使えません 思い出すことが　できなくなりますが 技を　忘れることを　おすすめします
742,ダブルパンツァー,Steel,60,100,5,Physical,胸の　ナットを　軸に　回転して ２回　続けて　うでを　たたきつける。 相手を　ひるませる　ことが　ある。
743,ダイウォール,Normal,0,0,10,Status,相手の　攻撃を まったく　受けない。 連続で　だすと　失敗しやすい。
744,ダイマックスほう,Dragon,100,100,5,Special,コアから　ビームを　放って　攻撃。 相手が　ダイマックス　していると ダメージは　２倍に　なる。
745,ねらいうち,Water,80,100,15,Special,相手の　技を　引き受ける 特性や　技の　影響を　無視して 選んだ　相手を　攻撃　できる。
746,くらいつく,Dark,80,100,10,Physical,お互い　ひんしに　なるまで 交代が　できなくなる。　どちらかの ポケモンが　いなくなると　効果は消える。
747,ほおばる,Normal,0,0,10,Status,持っている　きのみを　食べて 防御を　ぐーんと　あげる。
748,はいすいのじん,Fighting,0,0,5,Status,自分の　すべての 能力が　上がるが　交代　したり 逃げることが　できなくなる。
749,タールショット,Rock,0,100,15,Status,ねばねばの　タールを　浴びせて 相手の　素早さを　下げる。 相手は　ほのおが　弱点に　なる。
750,まほうのこな,Psychic,0,100,20,Status,まほうのこなを　浴びせて 相手を　エスパータイプに　変化させる。
751,ドラゴンアロー,Dragon,50,100,10,Physical,ドラメシヤで　２回　攻撃。 相手が　２匹　いるときは それぞれに　１回ずつ　攻撃する。
752,おちゃかい,Normal,0,0,10,Status,おちゃかいを　ひらいて 場にいる　ポケモンが　それぞれ 持っている　きのみを　食べる。
753,たこがため,Fighting,0,100,15,Status,相手を　逃げられなくする。 かためられた　相手は　毎ターン 防御と　特防が　下がる。
754,でんげきくちばし,Electric,85,100,10,Physical,電気を　まとった　くちばしで　刺す。 相手より　先に　攻撃できると 技の　威力は　２倍に　なる。
755,エラがみ,Water,85,100,10,Physical,かたい　エラで　かみつく。 相手より　先に　攻撃できると 技の　威力は　２倍に　なる。
756,コートチェンジ,Normal,0,100,10,Status,不思議な　力で お互いの　場の　効果を　入れ替える。
757,ダイバーン,Fire,100,0,10,Physical,ダイマックスした　ポケモンが 繰りだす　ほのおタイプの　攻撃。 ５ターンの　間　日差しを　強くする。
758,ダイワーム,Bug,10,0,10,Physical,ダイマックスした　ポケモンが 繰りだす　むしタイプの　攻撃。 相手の　特攻を　下げる。
759,ダイサンダー,Electric,10,0,10,Physical,ダイマックスした　ポケモンが 繰りだす　でんきタイプの　攻撃。 ５ターンの　間　エレキフィールドにする。
760,ダイアタック,Normal,10,0,10,Physical,ダイマックスした　ポケモンが 繰りだす　ノーマルタイプの　攻撃。 相手の　素早さを　下げる。
761,ダイナックル,Fighting,10,0,10,Physical,ダイマックスした　ポケモンが 繰りだす　かくとうタイプの　攻撃。 味方の　攻撃を　上げる。
762,ダイホロウ,Ghost,10,0,10,Physical,ダイマックスした　ポケモンが 繰りだす　ゴーストタイプの　攻撃。 相手の　防御を　下げる。
763,ダイアイス,Ice,10,0,10,Physical,ダイマックスした　ポケモンが 繰りだす　こおりタイプの　攻撃。 ５ターンの　間　あられを　降らす。
764,ダイアシッド,Poison,10,0,10,Physical,ダイマックスした　ポケモンが 繰りだす　どくタイプの　攻撃。 味方の　特攻を　上げる。
765,ダイストリーム,Water,10,0,10,Physical,ダイマックスした　ポケモンが 繰りだす　みずタイプの　攻撃。 ５ターンの　間　雨を　降らせる。
766,ダイジェット,Flying,10,0,10,Physical,ダイマックスした　ポケモンが 繰りだす　ひこうタイプの　攻撃。 味方の　素早さを　上げる。
767,ダイフェアリー,Fairy,10,0,10,Physical,ダイマックスした　ポケモンが 繰りだす　フェアリータイプの　攻撃。 ５ターンの　間　ミストフィールドにする。
768,ダイドラグーン,Dragon,10,0,10,Physical,ダイマックスした　ポケモンが 繰りだす　ドラゴンタイプの　攻撃。 相手の　攻撃を　下げる。
769,ダイサイコ,Psychic,10,0,10,Physical,ダイマックスした　ポケモンが 繰りだす　エスパータイプの　攻撃。 ５ターンの　間　サイコフィールドにする。
770,ダイロック,Rock,10,0,10,Physical,ダイマックスした　ポケモンが 繰りだす　いわタイプの　攻撃。 ５ターンの　間　砂あらしにする。
771,ダイアース,Ground,10,0,10,Physical,ダイマックスした　ポケモンが 繰りだす　じめんタイプの　攻撃。 味方の　特防を　上げる。
772,ダイアーク,Dark,10,0,10,Physical,ダイマックスした　ポケモンが 繰りだす　あくタイプの　攻撃。 相手の　特防を　下げる。
773,ダイソウゲン,Grass,10,0,10,Physical,ダイマックスした　ポケモンが 繰りだす　くさタイプの　攻撃。 ５ターンの　間　グラスフィールドにする。
774,ダイスチル,Steel,10,0,10,Physical,ダイマックスした　ポケモンが 繰りだす　はがねタイプの　攻撃。 味方の　防御を　上げる。
775,ソウルビート,Dragon,0,100,5,Status,自分の　ＨＰを　少し　削って すべての　能力を　上げる。
776,ボディプレス,Fighting,80,100,10,Physical,体を　ぶつけて　攻撃。 防御が　高いほど 与える　ダメージが　増える。
777,デコレーション,Fairy,0,0,15,Status,かざりつけを　することで 相手の　攻撃と　特攻を ぐーんと　上げる。
778,ドラムアタック,Grass,80,100,10,Physical,ドラムの　根っこを　ドラミングで コントロールして　こうげき　することで 相手の　素早さを　下げる。
779,トラバサミ,Grass,35,100,15,Physical,トラバサミで　捕らえて ４－５ターンの　間 相手を　はさんで　攻撃する。
780,かえんボール,Fire,120,90,5,Physical,小石を　燃やした　炎の　ボールで 相手を　攻撃する。 やけど　状態に　することが　ある。
781,きょじゅうざん,Steel,100,100,5,Physical,巨大な　剣となり　切りかかる。 相手が　ダイマックス　していると ダメージは　２倍に　なる。
782,きょじゅうだん,Steel,100,100,5,Physical,巨大な　盾となり　ぶつかる。 相手が　ダイマックス　していると ダメージは　２倍に　なる。
783,オーラぐるま,Electric,110,100,10,Physical,ほほぶくろに　溜めた　エネルギーで 攻撃し　自分の　素早さを　あげる。 モルペコの　姿で　タイプが　変わる。
784,ワイドブレイカー,Dragon,60,100,15,Physical,きょうじんな　しっぽを　激しく ふりはらって　相手を　攻撃する。 相手の　攻撃を　下げる。
785,えだづき,Grass,40,100,40,Physical,するどく　とがった　枝で 相手を　突いて　攻撃する。
786,オーバードライブ,Electric,80,100,10,Special,ギターや　ベースを　かきならして 激しく　響く　大きな　振動を 相手に　与えて　攻撃する。
787,りんごさん,Grass,80,100,10,Special,すっぱい　りんごから　つくりだした 酸性の　液体で　攻撃。 相手の　特防を　下げる。
788,Ｇのちから,Grass,80,100,10,Physical,高いところから　りんごを　落として ダメージを　与える。 相手の　防御を　下げる。
789,ソウルクラッシュ,Fairy,75,100,15,Physical,食らうと　くじけるほどの 勢いで　攻撃。 相手の　特攻を　下げる。
790,ワンダースチーム,Fairy,90,95,10,Special,煙を　噴出して 相手を　攻撃。 混乱　させることが　ある。
791,いのちのしずく,Water,0,0,10,Status,不思議な　水を　ふりまいて 自分と　場にいる 味方の　ＨＰを　回復する。
792,ブロッキング,Dark,0,100,10,Status,相手の　攻撃を　まったく　受けない。 連続で　だすと　失敗しやすい。 触れると　防御が　がくっと　下がる。
793,どげざつき,Dark,80,0,10,Physical,頭を　下げる　ふりを　しながら 振りみだした　髪の毛を　突き刺す。 攻撃は　必ず　命中する。
794,スターアサルト,Fighting,150,100,5,Physical,太い　クキを　ふりまわして　攻撃。 ただし　自分も　よろめいてしまうため 次の　ターンは　動けなくなる。
795,ムゲンダイビーム,Dragon,160,90,5,Special,本来の　姿と　なった ムゲンダイナ　最大の　攻撃。 次の　ターンは　動けなくなる。
796,てっていこうせん,Steel,140,95,5,Special,全身から　集めた　はがねを ビームとして　激しく　撃ちだす。 自分も　ダメージを　受けてしまう。
797,ワイドフォース,Psychic,80,100,10,Special,サイコパワーで　相手を　攻撃する。 サイコフィールドの時　威力が　あがり すべての　相手に　ダメージを　与える。
798,アイアンローラー,Steel,130,100,5,Physical,フィールドを　破壊しながら　攻撃。 なんらかの　フィールド状態に 変わっていないと　技は　失敗する。
799,スケイルショット,Dragon,25,90,20,Physical,ウロコを　撃ちだして　攻撃する。 ２ー５回の　間　連続で　だす。 素早さが　あがるが　防御が　さがる。
800,メテオビーム,Rock,120,90,10,Special,１ターン目に　宇宙の　力を 集めることで　特攻が　あがり ２ターン目に　相手を　攻撃する。
801,シェルアームズ,Poison,90,100,10,Special,物理か　特殊か　より多く　ダメージを 与えられる　能力で　攻撃する。 毒状態に　することが　ある。
802,ミストバースト,Fairy,100,100,5,Special,自分の　周りに　いる　すべてを 攻撃するが　使うと　瀕死になる。 ミストフィールドで　威力が　あがる。
803,グラススライダー,Grass,55,100,20,Physical,地面を　滑るように　相手を　攻撃。 グラスフィールドの時 必ず　先制攻撃　できる。
804,ライジングボルト,Electric,70,100,20,Special,地面から　立ちのぼる　電撃で　攻撃。 相手が　エレキフィールドに　いる時 技の　威力が　２倍に　なる。
805,だいちのはどう,Normal,50,100,10,Special,フィールドの力を　借りて　攻撃。 使った時の　フィールドの状態に　よって 技の　タイプと　威力が　変わる。
806,はいよるいちげき,Bug,70,90,10,Physical,背後から　はいより　攻撃する。 相手の　特攻を　さげる。
807,しっとのほのお,Fire,70,100,5,Special,しっとの　エネルギーで　相手を　攻撃。 そのターン　能力が　あがった　ポケモンを やけどの　状態に　する。
808,うっぷんばらし,Dark,75,100,5,Physical,相手への　いらだちを　ぶつけて　攻撃。 そのターンに　能力を　さげられていると 技の　威力が　２倍に　なる。
809,ポルターガイスト,Ghost,110,90,5,Physical,相手の　持ち物を　あやつって　攻撃。 相手が　道具を　持っていない　場合は 失敗する。
810,ふしょくガス,Poison,0,100,40,Status,強い　酸性の　ガスで 周りに　いるものを　包みこみ 持っている　道具を　溶かしてしまう。
811,コーチング,Fighting,0,0,10,Status,的確な　指導を　おこなうことで　 味方　全員の 攻撃と　防御を　上げる。
812,クイックターン,Water,60,100,20,Physical,攻撃した　あと ものすごい　スピードで　戻ってきて 控えの　ポケモンと　入れ替わる。
813,トリプルアクセル,Ice,20,90,10,Physical,３回連続で　キックを　くりだして 攻撃する。　技が　当たるたびに 威力は　あがる。
814,ダブルウイング,Flying,40,90,10,Physical,翼を　相手に　ぶつけて 攻撃する。　２回連続で ダメージを　与える。
815,ねっさのだいち,Ground,70,100,10,Special,熱く　焼けた　砂を 相手に　ぶつけて　攻撃する。 やけど状態に　することが　ある。
816,ジャングルヒール,Grass,0,0,10,Status,ジャングルと　一体化して 自分と　場にいる　味方の ＨＰと　状態を　回復する。
817,あんこくきょうだ,Dark,75,100,5,Physical,あくの型を　極めし 強烈な　一撃。 必ず　急所に　当たる。
818,すいりゅうれんだ,Water,25,100,5,Physical,みずの型を　極めし 流れるような　３回の　連撃。 必ず　急所に　当たる。
819,サンダープリズン,Electric,80,90,15,Special,ほとばしる　電気の　おりの　中に ４ー５ターンの　間 相手を　閉じこめて　攻撃する。
820,ドラゴンエナジー,Dragon,150,100,5,Special,生命力を　パワーに　変え　相手を 攻撃する。　自分の　ＨＰが　少ないほど 技の　威力は　さがる。
821,いてつくしせん,Psychic,90,100,10,Special,両目から　サイコパワーを 撃ちだして　攻撃する。 こおり状態に　することが　ある。
822,もえあがるいかり,Dark,90,100,10,Special,怒りを　炎の　ような オーラに　変えて　攻撃する。 相手を　ひるませることが　ある。
823,らいめいげり,Fighting,90,100,10,Physical,雷の　ような　動きで 相手を　翻弄しながら　キックする。 相手の　防御を　さげる。
824,ブリザードランス,Ice,120,100,5,Physical,吹雪を　まとった　氷の　槍を 相手に　投げつけて　攻撃する。
825,アストラルビット,Ghost,120,100,5,Special,たくさんの　小さな　霊体を 相手に　ぶつけて　攻撃する。
826,ぶきみなじゅもん,Psychic,80,100,5,Special,強力な　サイコパワーで　攻撃。 相手が　最後に　使った技の ＰＰを　３だけ　減らす。
