SpeciesId,MoveId
645,89
645,369
645,446
645,432
645,92
645,282
645,444
645,14
645,153
887,369
887,434
887,247
887,53
887,751
887,566
887,126
887,349
887,506
887,85
887,389
887,56
887,261
485,463
485,414
485,446
485,269
485,92
485,182
485,484
485,430
485,284
598,73
598,282
598,446
598,191
598,360
598,438
598,776
598,182
598,86
445,89
445,446
445,14
445,799
445,92
445,182
445,424
445,401
445,525
445,444
445,164
445,337
445,126
36,585
36,135
36,347
36,86
36,446
36,282
36,53
36,312
36,273
36,182
36,215
36,271
36,411
36,87
36,322
461,282
461,420
461,813
461,14
461,67
461,251
892,818
892,370
892,369
892,453
892,8
892,9
145,355
145,542
145,521
145,432
145,257
145,87
145,311
145,435
145,92
145,85
823,355
823,432
823,369
823,776
823,413
823,334
823,269
823,442
809,742
809,9
809,89
809,182
809,276
809,8
809,92
641,369
641,282
641,542
641,432
641,257
641,269
641,417
641,411
641,92
641,196
748,105
748,503
748,282
748,114
748,92
748,390
748,113
748,398
748,661
812,803
812,282
812,14
812,276
812,369
812,452
812,409
786,585
786,473
786,411
786,94
786,248
786,85
786,347
786,87
798,348
798,533
798,282
798,684
798,14
80,100
80,303
80,248
80,503
80,776
80,58
80,92
80,433
785,605
785,85
785,521
785,355
785,447
785,369
785,92
785,347
785,269
806,247
806,53
806,271
806,315
806,269
806,126
806,473
806,720
806,94
788,585
788,269
788,503
788,432
788,347
788,577
788,271
788,717
788,250
788,57
788,58
788,56
242,135
242,69
242,100
242,92
242,86
242,446
242,312
242,273
242,182
794,8
794,355
794,370
794,89
794,141
794,92
794,409
794,9
794,339
794,164
794,264
248,242
248,444
248,89
248,446
248,276
248,350
248,484
248,86
248,7
248,8
248,58
248,126
248,332
248,372
248,349
248,164
248,264
248,317
248,92
199,188
199,53
199,248
199,503
199,89
199,58
199,473
199,417
637,483
637,405
637,552
637,53
637,94
637,202
637,355
637,164
149,89
149,349
149,355
149,814
149,8
149,245
149,7
149,337
149,200
149,432
149,58
149,215
149,612
479,56
479,521
479,220
479,261
479,86
479,432
479,92
479,271
530,89
530,442
530,229
530,14
530,157
530,446
530,92
34,414
34,482
34,58
34,53
34,276
34,85
34,126
279,369
279,355
279,503
279,432
279,542
279,311
279,57
257,14
257,370
257,394
257,182
257,282
257,9
257,89
257,299
257,7
847,370
847,710
847,812
847,242
847,398
847,706
847,453
450,303
450,89
450,446
450,92
450,444
450,242
807,721
807,370
807,282
807,339
807,583
807,521
807,92
807,299
807,409
807,447
462,776
462,334
462,85
462,430
462,92
462,521
462,164
462,435
462,393
462,243
701,512
701,14
701,370
701,164
701,409
701,444
701,432
701,269
151,269
151,446
151,191
151,86
151,355
151,58
151,282
151,101
151,94
151,500
151,322
151,396
151,271
151,776
151,370
151,349
151,261
151,706
151,135
151,521
151,153
151,126
151,156
151,389
151,144
151,369
151,813
151,286
151,335
151,809
151,414
151,432
151,433
151,85
342,282
342,453
342,152
342,14
342,370
342,710
227,355
227,191
227,776
227,334
227,18
227,92
227,446
227,432
681,247
681,430
681,370
681,425
681,588
681,796
681,14
681,164
681,442
681,421
625,442
625,389
625,282
625,14
625,251
625,67
625,280
494,557
494,550
494,369
494,515
494,428
494,433
494,227
494,261
494,549
494,271
494,551
494,412
38,694
38,573
38,227
38,585
38,95
38,59
38,215
38,220
38,258
38,420
38,92
423,105
423,503
423,92
423,414
423,89
423,499
423,182
423,243
721,592
721,53
721,414
721,188
721,482
721,92
721,432
721,126
858,595
858,433
858,361
858,94
858,605
858,577
858,473
858,347
858,609
858,802
858,248
94,247
94,188
94,417
94,412
94,411
94,194
94,482
94,271
94,164
94,85
94,605
94,202
94,203
94,269
635,399
635,434
635,414
635,430
635,417
635,355
635,369
635,53
635,126
212,418
212,355
212,14
212,282
212,369
212,432
212,328
212,276
537,414
537,311
537,446
537,196
537,411
537,503
537,482
537,92
537,282
537,89
537,710
537,438
537,447
537,8
537,264
894,521
894,229
894,85
894,246
894,486
894,153
894,245
894,804
894,115
894,113
894,87
894,819
199,503
199,248
199,100
199,303
199,53
199,525
199,433
199,57
199,94
199,86
199,192
113,69
113,135
113,446
113,86
113,100
113,92
113,312
113,273
113,182
630,355
630,492
630,432
630,369
630,92
630,282
91,333
91,504
91,350
91,420
91,710
91,92
91,56
91,153
260,89
260,812
260,446
260,92
260,8
260,710
260,281
260,58
260,667
260,182
797,53
797,403
797,475
797,800
797,73
797,484
797,182
797,126
797,89
881,754
881,59
881,164
881,573
881,67
881,556
130,349
130,127
130,89
130,242
130,423
130,340
130,164
130,86
130,438
130,156
465,202
465,282
465,411
465,92
465,188
465,79
465,73
465,89
245,347
245,503
245,164
245,156
245,58
245,243
245,182
468,403
468,355
468,86
468,605
468,396
468,417
468,53
468,432
468,595
468,215
468,257
468,271
468,246
468,577
468,135
146,822
146,417
146,97
146,542
146,403
146,156
381,434
381,94
381,271
381,432
381,58
381,595
381,473
381,347
381,396
381,85
381,412
381,355
381,89
381,406
324,446
324,229
324,436
324,776
324,92
324,281
324,76
324,311
324,504
324,499
324,261
324,53
324,284
324,153
324,257
324,156
145,413
145,370
145,369
145,823
145,707
145,339
145,299
184,583
184,453
184,187
184,282
184,710
184,276
184,250
184,156
184,195
184,182
184,127
184,8
184,802
121,58
121,503
121,800
121,85
121,473
121,229
121,56
3,311
3,202
3,74
3,414
3,188
3,76
3,73
793,408
793,800
793,482
793,447
793,446
793,85
793,188
793,605
793,220
793,86
793,506
793,94
534,282
534,409
534,183
534,9
534,263
534,398
534,8
534,370
534,89
233,105
233,433
233,100
233,492
233,58
233,92
233,85
233,86
855,504
855,500
855,247
855,202
855,164
855,506
855,261
385,442
385,273
385,409
385,369
385,500
385,322
385,182
385,246
385,94
385,34
385,428
385,7
385,86
385,361
385,248
385,271
385,347
385,446
385,353
385,396
385,612
385,8
385,164
385,173
385,156
385,473
139,504
139,58
139,57
139,246
139,414
139,503
195,105
195,92
195,503
195,89
195,114
195,182
195,254
195,156
195,710
784,409
784,187
784,164
784,9
784,775
784,691
784,776
784,398
784,446
784,586
784,370
784,89
784,799
784,92
784,53
784,14
784,200
784,396
784,430
784,525
784,349
105,394
105,14
105,89
105,809
105,708
105,155
105,164
105,282
292,261
292,182
292,92
292,506
292,425
292,522
292,809
292,14
292,404
292,421
292,141
880,754
880,89
880,434
880,126
880,200
880,424
880,337
880,53
880,231
880,67
143,34
143,156
143,89
143,174
143,335
143,535
143,68
143,214
143,359
143,92
143,441
143,428
143,663
143,133
488,461
488,433
488,236
488,58
488,585
488,277
488,247
488,94
861,115
861,113
861,269
861,789
861,86
861,276
861,583
861,280
861,389
861,409
861,663
861,271
861,577
213,564
213,446
213,227
213,92
213,515
213,611
213,504
213,156
213,182
213,282
213,360
426,347
426,247
426,432
426,261
426,85
591,147
591,202
591,188
591,492
591,235
591,499
591,92
591,182
591,707
591,506
591,78
591,402
579,105
579,347
579,94
579,282
579,473
579,411
579,433
579,247
579,151
579,500
579,412
727,282
727,394
727,575
727,252
727,261
727,370
727,269
727,663
727,369
727,92
727,89
727,14
727,182
727,7
727,339
727,409
558,504
558,404
558,398
558,444
558,157
558,89
787,532
787,370
787,73
787,14
787,444
787,235
787,92
787,269
787,452
787,18
787,164
787,667
787,182
555,89
555,394
555,369
555,157
555,428
555,276
555,7
555,187
555,164
282,585
282,271
282,473
282,595
282,361
282,94
282,347
282,194
282,412
282,85
282,605
282,247
230,434
230,57
230,542
230,812
230,58
230,56
230,406
230,430
230,116
230,499
553,89
553,282
553,370
553,799
553,446
553,444
553,663
553,424
553,337
553,667
553,269
553,200
697,457
697,89
697,200
697,370
697,349
697,424
697,337
697,706
9,504
9,58
9,57
9,411
9,56
9,399
9,396
9,406
9,229
9,323
9,805
9,240
9,63
9,335
9,503
9,89
9,453
9,127
9,8
9,812
9,710
110,790
110,261
110,432
110,257
110,220
110,53
110,810
110,269
110,92
110,194
110,605
110,188
110,312
142,89
142,814
142,157
142,349
142,446
142,444
142,269
142,355
647,548
647,503
647,347
647,56
647,164
647,196
647,812
647,403
65,94
65,247
65,411
65,605
65,412
65,473
65,417
65,347
65,105
65,797
65,227
65,271
65,86
65,351
123,814
123,14
123,450
123,282
132,144
122,595
122,345
122,451
122,196
146,355
146,53
146,369
146,815
146,432
146,261
146,92
146,595
146,682
373,89
373,349
373,814
373,444
373,200
373,164
373,355
373,424
373,434
373,337
373,542
373,19
373,242
373,53
373,432
642,521
642,411
642,85
642,417
642,447
642,87
642,399
642,482
642,311
642,94
642,432
642,269
642,435
642,188
642,430
473,420
473,89
473,556
473,282
473,446
473,164
473,667
473,333
473,276
473,444
473,442
473,246
473,419
800,722
800,257
800,414
800,446
800,475
800,282
800,347
800,500
800,349
800,89
800,800
800,156
448,245
448,370
448,14
448,89
448,309
448,396
448,8
448,430
448,417
448,299
448,418
448,411
448,406
448,805
448,410
448,242
448,399
448,409
448,198
448,247
448,9
448,179
6,126
6,53
6,76
6,311
6,246
6,512
6,187
6,403
6,7
6,164
6,355
6,315
6,411
6,406
6,815
6,432
6,89
6,394
6,337
6,349
6,542
6,241
6,814
6,9
6,14
6,38
6,366
6,525
6,92
6,257
695,521
695,87
695,304
695,57
695,447
695,311
695,406
695,85
730,585
730,58
730,503
730,812
730,664
730,94
730,347
730,56
730,453
730,164
730,304
730,92
730,412
730,195
730,250
730,497
743,585
743,564
743,78
743,369
743,405
743,412
743,483
743,271
743,432
743,182
743,94
743,366
778,425
778,14
778,583
778,409
778,421
778,247
778,452
778,566
474,161
474,58
474,473
474,87
474,247
474,271
474,63
474,85
474,97
620,369
620,282
620,136
620,398
620,444
620,370
620,252
620,14
620,409
642,86
642,369
642,282
642,85
642,411
642,435
642,92
642,276
642,521
642,432
642,269
642,528
642,87
642,447
642,311
642,492
642,430
642,188
752,564
752,710
752,141
752,92
752,182
752,277
752,243
752,503
752,242
706,53
706,58
706,85
706,188
706,434
706,406
706,89
706,126
706,482
706,263
706,491
706,57
706,438
706,157
706,156
706,151
706,311
706,92
706,87
244,245
244,221
244,707
244,242
244,444
380,396
380,347
380,500
380,355
380,97
380,94
380,361
380,434
380,432
380,58
380,105
380,271
380,182
380,473
380,248
479,315
479,521
479,261
479,85
479,86
479,417
479,220
479,432
479,271
479,435
479,92
596,564
596,87
596,405
596,521
596,86
596,85
596,412
350,503
350,105
350,58
350,92
350,114
350,812
350,243
350,182
350,525
350,164
350,113
144,542
144,821
144,248
144,473
144,369
197,273
197,492
197,182
197,215
197,92
663,355
663,261
663,413
663,432
663,269
663,53
663,394
663,14
663,369
663,366
796,605
796,412
796,85
796,521
796,87
796,804
796,435
796,76
796,347
818,58
818,399
818,745
818,369
818,403
818,57
818,56
818,116
818,113
818,341
818,247
818,311
818,97
818,453
818,59
818,240
660,89
660,7
660,98
660,25
660,34
660,282
660,14
660,9
660,191
660,97
660,8
612,89
612,398
612,349
612,337
612,370
612,799
612,200
612,14
612,660
612,231
612,164
612,242
612,67
545,398
545,89
545,14
545,224
545,675
545,283
545,191
545,164
545,404
545,276
545,440
545,684
376,309
376,89
376,418
376,428
376,8
376,776
376,322
376,446
376,9
376,156
376,97
376,153
376,359
376,280
376,442
376,797
376,113
376,468
768,660
768,141
768,453
768,710
768,282
768,389
768,191
768,283
768,339
768,529
768,370
768,14
768,330
844,89
844,489
844,444
844,799
844,137
844,446
844,317
844,776
844,157
844,424
844,182
805,360
805,433
805,535
805,89
805,444
805,776
805,276
805,446
623,809
623,89
623,223
623,446
623,8
623,444
623,409
623,271
623,667
178,94
178,257
178,433
178,19
178,369
178,182
178,273
178,355
178,100
178,432
178,101
178,403
134,273
134,182
134,503
134,812
134,215
134,58
134,250
134,92
134,383
68,223
68,444
68,418
68,282
68,339
68,89
68,238
68,8
68,663
68,370
771,105
771,68
771,243
771,220
771,92
771,487
771,182
771,335
862,282
862,263
862,370
862,792
862,575
862,269
862,8
862,271
862,7
862,675
862,415
862,441
862,38
862,339
196,605
196,247
196,248
196,182
196,473
196,113
196,273
196,115
196,281
196,94
196,271
196,347
196,797
196,234
196,192
196,500
639,370
639,444
639,89
639,98
639,14
639,442
639,446
639,269
59,245
59,234
59,261
59,394
59,370
59,528
59,53
59,241
59,406
59,583
59,555
59,242
59,100
59,92
59,182
59,422
59,424
59,706
609,247
609,412
609,53
609,271
609,126
609,261
609,595
609,351
609,433
609,347
609,94
609,315
609,257
609,506
609,182
745,709
745,370
745,14
745,444
745,706
745,446
745,242
745,389
745,283
745,269
745,529
745,583
745,442
745,422
73,229
73,503
73,282
73,188
73,390
73,58
73,92
73,506
73,482
73,114
73,14
73,127
849,586
849,786
849,482
849,521
849,188
849,508
849,555
849,435
849,409
849,85
849,441
849,92
849,283
849,304
849,351
849,86
849,474
849,371
849,398
849,182
379,776
379,446
379,484
379,92
379,182
379,133
379,334
379,156
379,442
379,174
638,370
638,442
638,521
638,446
638,224
638,14
638,92
638,444
638,86
638,411
475,370
475,427
475,282
475,410
475,428
475,14
475,398
475,348
475,425
475,194
475,280
864,247
864,414
864,203
864,408
864,58
864,668
864,194
864,120
864,800
864,202
864,250
864,182
864,347
864,506
707,86
707,115
707,113
707,432
707,191
707,587
707,415
707,492
707,577
707,605
707,92
707,334
707,347
707,277
707,500
689,444
689,504
689,238
689,400
689,710
689,332
689,612
80,801
80,53
80,58
80,89
80,248
80,94
80,417
80,482
80,247
80,187
80,409
80,398
80,473
80,303
80,126
80,188
80,428
80,503
80,347
407,188
407,202
407,191
407,605
407,390
407,73
407,412
407,79
407,78
407,247
407,437
407,235
407,312
745,709
745,444
745,370
745,14
745,446
758,92
758,482
758,53
758,164
758,417
758,188
758,126
758,182
758,406
758,282
758,227
758,680
758,525
758,315
214,224
214,444
214,203
214,179
214,370
214,14
214,400
214,282
214,89
254,348
254,14
254,89
254,512
254,9
254,669
254,157
254,409
254,411
254,437
254,412
254,406
254,76
254,202
254,68
254,331
254,97
254,337
254,242
685,583
685,187
685,409
685,564
685,168
685,263
685,277
685,281
685,802
685,283
186,503
186,94
186,311
186,227
186,58
186,411
186,156
186,127
186,195
186,114
186,92
186,56
186,67
186,240
186,264
186,89
186,414
186,164
464,89
464,446
464,350
464,444
464,8
464,14
464,397
464,157
464,92
464,7
464,242
464,224
464,398
464,535
464,776
464,9
464,439
464,280
454,409
454,441
454,389
454,14
454,282
454,89
454,8
454,92
454,269
454,227
454,339
454,164
454,188
560,409
560,282
560,339
560,349
560,242
560,8
560,370
560,269
560,156
560,398
560,136
560,442
715,434
715,542
715,369
715,355
715,586
715,53
715,406
715,403
715,257
243,503
243,85
243,347
243,164
243,396
243,521
243,87
243,247
243,435
243,242
479,437
479,521
479,271
479,432
479,261
479,220
479,85
319,182
319,194
319,56
319,399
319,423
319,242
319,370
319,127
319,89
319,710
319,453
531,273
531,282
531,215
531,182
531,361
302,261
302,282
302,105
302,269
302,227
302,271
302,182
302,50
302,492
302,92
302,212
302,241
302,425
466,8
466,528
466,89
466,9
466,238
466,98
466,7
466,280
466,663
466,317
466,85
466,612
466,63
466,94
466,91
466,34
466,53
466,411
330,89
330,349
330,369
330,337
330,200
330,444
330,675
330,7
330,434
330,242
330,231
330,414
442,261
442,399
442,92
442,389
442,220
442,506
442,247
442,492
442,101
442,182
442,269
442,94
442,809
442,425
237,183
237,229
237,89
237,813
237,370
237,157
237,389
237,252
237,339
99,710
99,14
99,282
99,667
99,97
99,276
99,157
304,283
304,182
304,201
304,92
304,46
304,442
304,89
304,776
304,34
304,246
304,446
304,457
304,332
304,240
304,414
304,111
304,33
304,164
304,368
304,523
26,94
26,804
26,417
26,411
26,57
26,87
26,473
26,521
26,447
26,85
26,347
26,500
26,97
26,604
26,282
26,577
26,248
452,282
452,398
452,14
452,89
452,182
452,401
452,18
452,390
452,423
452,440
452,97
452,424
452,242
452,400
452,92
452,399
452,565
452,404
452,269
879,89
879,484
879,535
879,438
879,446
879,583
879,442
879,276
879,174
879,182
879,428
879,444
750,89
750,776
750,446
750,92
750,46
750,157
750,484
750,182
750,164
750,334
750,156
750,68
750,667
750,442
750,34
750,614
750,245
750,200
750,92
750,276
750,137
750,444
750,349
750,687
750,615
584,573
584,59
584,524
584,475
584,694
584,269
584,420
584,430
584,304
584,214
563,261
563,433
563,247
563,220
563,776
563,506
563,334
563,114
563,471
563,417
563,412
563,347
563,282
563,164
563,50
563,421
563,101
356,261
356,220
356,809
356,612
356,425
356,101
356,433
356,7
356,69
356,92
356,194
356,156
356,214
356,269
356,389
356,68
356,241
356,280
171,503
171,521
171,86
171,215
171,85
171,182
171,58
171,87
781,229
781,809
781,438
781,677
781,235
781,89
781,282
781,484
781,421
781,14
781,360
738,521
738,412
738,355
738,405
738,564
738,85
738,86
738,97
871,390
871,389
871,716
871,174
871,804
871,191
871,105
871,262
871,503
871,56
871,120
526,89
526,446
526,776
526,444
526,153
526,92
526,276
526,800
526,350
526,442
526,356
526,157
264,187
264,245
264,707
264,675
264,421
264,34
264,583
264,402
38,76
38,417
38,261
38,126
38,311
38,53
38,815
38,95
38,262
38,247
38,595
38,412
38,347
38,326
38,227
38,241
38,315
38,473
38,399
437,446
437,433
437,360
437,89
437,248
437,776
437,92
437,94
437,153
437,271
437,182
437,442
437,484
437,113
437,285
437,447
437,334
437,347
55,57
55,58
55,240
55,499
893,663
893,438
893,816
893,339
893,369
893,370
893,409
893,157
893,202
700,595
700,182
700,273
700,304
700,585
700,473
700,347
700,215
700,247
700,577
700,497
12,542
12,79
12,483
12,355
12,432
12,405
12,412
12,202
12,164
839,446
839,261
839,53
839,191
839,414
839,800
839,444
839,229
839,89
839,203
839,682
839,776
839,394
839,126
839,315
839,334
839,350
169,413
169,355
169,369
169,432
169,269
169,162
169,440
169,92
169,512
169,188
169,428
169,305
169,403
169,417
169,242
169,202
169,98
169,18
169,114
169,109
169,164
169,211
621,446
621,137
621,269
621,92
621,525
621,441
621,89
621,46
621,34
621,242
621,424
621,337
621,468
719,591
719,446
719,414
719,585
719,776
719,433
719,577
719,595
719,113
719,334
719,583
867,776
867,89
867,446
867,433
867,390
867,261
867,809
867,133
867,156
867,334
867,421
867,164
272,58
272,73
272,202
272,503
272,182
272,311
272,412
272,235
272,240
272,56
272,252
272,411
272,409
272,14
272,402
135,521
135,85
135,311
135,63
135,247
135,87
135,86
135,435
135,304
135,804
135,182
135,240
135,281
482,446
482,153
482,269
482,282
482,126
482,8
482,409
482,9
482,94
482,369
482,53
482,271
482,86
482,605
691,812
691,182
691,434
691,441
691,525
691,85
691,482
691,390
691,188
691,406
561,355
561,94
561,322
561,500
561,403
561,347
561,375
561,92
561,257
561,115
561,113
571,53
571,399
571,271
571,369
571,417
571,188
571,282
571,539
571,14
571,389
571,182
571,411
571,262
571,447
571,67
571,326
571,492
571,92
571,383
593,503
593,105
593,269
593,92
593,261
593,506
593,605
593,247
593,56
593,59
222,668
222,261
222,446
222,101
222,250
222,194
222,113
222,174
222,50
222,59
222,506
208,89
208,446
208,92
208,776
208,484
208,153
208,182
208,360
208,525
208,457
208,38
208,174
208,442
208,91
208,231
208,334
208,46
845,57
845,432
845,542
845,355
845,413
845,59
845,58
845,56
640,348
640,444
640,370
640,14
640,533
640,263
640,526
640,437
640,235
760,409
760,8
760,89
760,9
760,663
760,14
760,38
760,370
760,776
760,339
760,263
760,337
756,585
756,147
756,668
756,92
756,447
756,277
687,276
687,282
687,156
687,214
687,427
687,269
687,492
687,576
687,400
687,115
687,248
687,207
687,272
687,710
687,415
687,399
687,194
687,53
687,433
675,370
675,418
675,282
675,441
675,409
675,8
675,663
675,242
675,339
675,442
675,575
675,359
675,398
675,89
675,509
105,155
105,282
105,444
105,14
105,7
25,85
25,344
25,57
25,282
25,521
25,252
25,231
25,447
25,527
25,98
25,583
25,486
25,87
25,245
25,435
25,97
25,113
25,577
25,804
25,115
25,92
25,84
25,347
25,69
25,182
25,417
565,504
565,444
565,127
565,282
565,710
565,453
547,366
547,585
547,73
547,432
547,92
547,113
547,227
547,412
547,433
547,182
547,262
547,164
547,78
547,369
547,269
547,204
547,247
547,74
547,202
547,178
895,820
895,434
895,406
895,246
895,153
895,200
895,242
895,337
895,115
895,113
895,34
776,434
776,504
776,89
776,535
776,126
776,457
776,334
776,776
226,355
226,503
226,432
226,114
226,92
226,250
851,141
851,438
851,680
851,282
851,679
851,815
851,489
851,595
851,422
851,242
851,682
851,172
851,405
851,424
851,53
851,503
851,126
486,409
486,663
486,164
486,182
486,156
486,92
486,462
486,282
486,612
486,34
486,776
486,85
486,428
486,89
486,86
486,214
486,263
486,246
693,396
693,352
693,805
693,399
693,812
693,406
632,660
632,442
632,276
632,468
632,404
632,444
632,157
632,707
632,494
632,86
632,28
632,242
632,91
28,89
28,14
28,556
28,229
28,813
28,282
28,442
28,401
306,457
306,484
306,776
306,89
306,446
306,442
306,444
306,7
306,269
306,68
306,46
306,334
306,283
306,156
306,157
306,612
306,246
306,419
306,174
306,8
306,401
306,38
306,510
306,214
306,86
306,59
306,53
141,444
141,14
141,276
141,453
141,127
141,157
141,282
141,446
141,710
141,229
141,812
141,427
567,369
567,457
567,444
567,814
567,89
567,512
567,401
567,282
567,242
567,446
567,19
567,246
567,257
567,366
567,403
567,414
567,800
567,269
617,182
617,191
617,515
617,227
617,405
617,390
617,594
617,202
617,369
617,188
617,281
617,611
713,776
713,229
713,105
713,419
713,333
713,89
896,556
896,667
896,370
896,14
896,484
896,333
896,776
896,59
896,258
896,419
896,24
724,348
724,662
724,425
724,14
724,809
724,369
724,413
724,389
724,282
724,402
724,235
724,437
724,355
724,113
724,202
828,399
828,94
828,807
828,447
828,575
828,247
828,242
828,555
828,417
828,168
828,421
828,422
873,405
873,483
873,58
873,202
873,59
873,605
711,261
711,492
711,235
711,109
711,425
275,282
275,257
275,348
275,74
275,389
275,669
275,14
275,157
764,577
764,347
764,500
764,202
764,74
764,164
764,269
764,235
764,73
764,605
764,676
764,412
764,156
883,755
883,556
883,706
883,242
883,442
883,444
883,59
883,164
883,573
883,800
883,423
883,694
883,428
866,94
866,573
866,58
866,605
866,473
866,433
866,303
866,412
866,92
866,229
866,182
866,797
866,347
866,678
866,252
866,85
866,248
875,187
875,556
875,710
875,428
875,164
875,442
875,333
875,179
875,182
875,263
875,127
875,8
460,59
460,89
460,202
460,420
460,452
460,694
460,73
460,419
460,231
460,58
460,280
460,14
460,92
618,446
618,435
618,86
618,281
618,414
618,92
618,492
477,809
477,433
477,8
477,663
477,280
477,261
477,264
477,89
477,425
477,220
477,506
477,194
477,9
477,271
869,595
869,347
869,605
869,577
869,151
869,105
869,473
869,412
869,202
869,500
869,156
869,182
869,113
869,374
869,583
869,777
334,355
334,432
334,46
334,168
334,92
334,542
334,34
334,58
334,215
334,53
334,538
853,612
853,753
853,509
853,710
853,693
853,409
853,389
853,164
853,339
853,279
853,371
746,58
746,56
746,89
746,812
746,369
746,503
746,156
746,214
746,182
251,94
251,417
251,396
251,105
251,412
251,414
251,202
251,215
251,73
251,347
251,437
251,241
251,76
251,797
251,678
78,394
78,667
78,234
78,92
78,14
78,528
78,67
78,224
78,669
78,261
78,241
763,438
763,229
763,813
763,583
763,282
763,369
763,136
763,67
763,437
763,202
45,188
45,668
45,202
45,810
45,611
45,79
45,605
45,412
45,76
45,92
45,585
626,543
626,370
626,675
626,528
626,538
626,133
626,156
877,783
877,575
877,242
877,252
877,423
877,424
877,182
877,86
877,229
877,521
131,573
131,85
131,57
131,58
131,56
131,94
131,248
131,87
131,406
131,304
131,59
131,776
131,664
131,195
131,710
131,246
131,215
131,182
131,92
131,127
131,240
699,414
699,573
699,304
699,267
699,59
699,446
699,800
699,58
699,246
699,497
699,85
699,399
699,87
699,694
699,164
699,311
699,114
699,86
699,263
699,89
467,85
467,53
467,94
467,562
467,815
467,182
467,92
467,269
467,89
467,126
467,9
467,411
467,76
467,595
467,7
467,164
467,187
467,315
467,280
241,208
241,69
241,92
241,247
241,446
241,34
241,89
241,8
241,23
241,215
814,441
814,136
814,389
814,394
814,369
814,97
814,126
814,299
814,486
814,488
26,57
26,85
26,417
26,227
26,87
26,252
26,411
26,447
26,521
26,86
26,435
26,609
26,577
26,240
26,344
479,403
479,85
479,399
479,417
479,521
863,442
863,369
863,370
863,182
863,583
863,14
863,360
863,675
78,583
78,667
78,14
78,234
78,528
78,98
78,427
78,224
78,428
78,529
78,97
709,532
709,73
709,261
709,421
709,612
709,809
709,89
709,409
709,182
709,452
709,164
709,433
709,174
144,355
144,432
144,573
144,369
144,92
144,413
144,58
144,813
144,420
144,59
144,258
144,246
144,97
378,85
378,58
378,411
378,430
378,397
378,59
378,92
378,258
378,246
378,68
378,164
378,419
884,434
884,776
884,430
884,85
884,200
884,707
884,14
884,442
884,334
884,406
884,796
884,446
884,444
884,34
884,182
884,399
884,87
884,400
470,14
470,282
470,348
470,281
470,669
470,404
470,235
470,91
62,187
62,409
62,710
62,8
62,370
62,127
62,240
62,509
62,667
62,89
62,156
359,400
359,427
359,116
359,163
359,444
359,370
359,282
359,224
359,583
359,14
359,157
359,389
359,404
359,675
359,421
478,194
478,191
478,269
478,196
478,506
478,261
478,59
478,58
478,247
478,85
478,809
110,188
110,53
110,261
110,220
110,182
110,92
110,390
110,153
110,114
110,599
110,474
110,247
110,139
110,499
480,577
480,417
480,473
480,446
480,164
480,87
480,369
480,286
480,433
480,182
480,8
480,271
480,94
480,227
480,262
480,281
480,282
112,89
112,446
112,224
112,444
112,535
112,398
112,414
112,14
112,9
112,350
112,280
112,8
112,157
112,46
112,156
112,68
112,38
112,406
799,434
799,282
799,399
799,53
799,188
799,182
799,407
799,707
799,484
799,89
799,482
799,242
799,409
799,525
799,200
799,164
799,156
799,214
830,229
830,73
830,202
830,312
830,79
830,676
405,242
405,423
405,528
405,521
405,85
405,706
405,422
405,263
405,424
405,86
405,182
405,583
405,98
405,276
221,420
221,89
221,446
221,92
221,333
221,444
221,556
221,317
221,59
291,14
291,814
291,369
291,141
291,404
291,400
291,512
291,405
291,91
291,432
291,332
291,355
291,182
291,403
842,787
842,105
842,73
842,434
842,406
842,278
842,74
842,34
842,276
842,776
471,59
471,58
471,247
471,573
471,182
471,98
471,258
471,352
471,311
471,164
870,748
870,370
870,660
870,675
870,224
870,398
870,68
870,442
870,157
870,339
870,179
103,202
103,92
103,156
103,94
103,473
103,347
103,79
103,246
103,76
103,611
103,182
103,437
103,53
103,434
103,433
641,257
641,366
641,269
641,182
641,542
641,282
641,411
641,311
641,369
641,240
641,403
182,483
182,188
182,585
182,412
182,668
182,202
182,79
182,270
182,495
589,224
589,442
589,282
589,370
589,534
589,14
589,182
589,529
589,92
539,282
539,370
539,398
539,8
539,89
539,444
539,9
539,612
202,68
202,243
202,227
202,194
528,347
528,500
528,257
528,403
528,417
528,355
528,94
128,89
128,370
128,444
128,224
128,34
128,126
128,58
128,157
51,89
51,444
51,262
51,179
51,389
51,201
51,91
51,446
51,468
51,515
628,413
628,355
628,369
628,339
628,370
628,276
628,416
628,432
628,442
628,97
628,306
628,428
754,141
754,348
754,276
754,427
754,398
754,437
754,280
53,575
53,269
53,492
53,92
53,252
53,399
53,247
53,408
346,73
346,105
346,92
346,202
346,350
346,246
346,446
346,182
346,414
346,157
832,538
832,776
832,387
832,97
832,34
832,86
832,14
832,156
832,214
832,24
344,229
344,446
344,58
344,89
344,92
344,94
344,182
344,100
344,113
344,433
344,414
344,322
344,776
860,269
860,113
860,115
860,86
678,115
678,113
678,86
678,473
678,94
678,247
678,182
678,85
678,215
678,347
481,361
481,94
481,605
481,369
481,383
481,500
481,347
481,417
428,252
428,512
428,612
428,409
428,415
428,227
428,509
428,7
428,370
428,136
428,813
428,182
428,396
428,387
428,383
428,369
428,583
428,361
428,92
876,248
876,113
876,304
876,115
876,797
876,595
876,247
876,266
876,270
876,182
876,412
876,577
31,414
31,482
31,58
31,446
31,390
31,305
31,9
31,53
31,85
31,89
31,398
31,92
106,282
106,252
106,179
106,339
106,370
106,136
106,203
106,389
106,229
106,444
106,156
106,418
106,89
106,299
106,157
876,797
876,271
876,605
876,247
876,595
876,577
876,433
876,412
876,252
876,227
876,304
876,472
546,73
546,182
546,164
546,92
546,227
546,432
546,203
680,425
680,14
680,370
680,421
680,92
533,409
533,339
533,8
533,9
533,183
533,282
777,596
777,283
777,273
777,252
777,565
777,92
777,442
777,609
777,213
777,398
321,323
321,58
321,56
321,304
321,484
321,34
321,499
321,59
321,710
321,89
321,57
321,419
321,156
321,214
321,92
321,523
321,196
508,70
508,276
508,528
508,423
508,263
508,583
508,442
508,514
508,424
508,706
508,707
508,304
508,182
508,247
303,583
303,442
303,389
303,157
303,14
303,446
303,68
303,34
303,242
303,424
303,246
449,414
449,174
449,34
449,242
449,89
449,182
449,201
449,446
449,46
449,281
449,157
449,38
295,586
295,58
295,126
295,315
295,497
295,411
295,53
295,304
295,67
295,57
295,182
737,564
737,86
737,521
737,113
773,718
773,575
773,432
773,53
773,305
773,242
773,14
773,488
773,263
615,229
615,573
615,92
615,109
615,430
615,114
615,282
615,58
510,583
510,252
510,675
510,441
510,227
510,86
510,383
510,389
510,313
510,282
510,369
510,492
510,421
510,555
765,94
765,85
765,347
765,411
765,689
765,433
765,182
765,492
765,244
766,370
766,282
766,442
766,339
766,369
766,89
377,776
377,182
377,157
377,359
377,444
377,246
377,153
377,409
377,334
377,484
377,446
377,89
377,8
377,442
40,273
40,58
40,215
40,282
40,85
573,331
573,541
573,350
573,282
573,369
573,813
127,370
127,404
127,444
127,89
127,14
127,157
127,200
127,282
127,38
606,433
606,85
606,94
606,247
348,444
348,282
348,89
348,14
348,710
348,404
348,453
348,229
348,401
348,67
225,194
225,8
225,65
225,191
225,252
225,229
225,573
225,420
28,89
28,446
28,398
28,282
28,229
28,14
28,207
780,406
780,304
780,156
780,214
780,53
780,434
780,58
780,355
780,525
780,412
780,347
780,257
773,718
773,575
773,14
773,404
773,58
773,432
773,164
224,58
224,53
224,412
224,56
224,503
224,188
224,323
224,59
224,126
224,350
224,710
224,441
224,331
550,710
550,457
550,242
550,706
550,812
550,453
463,34
463,14
463,525
463,68
463,92
463,215
463,273
463,182
463,89
463,282
463,438
310,85
310,521
310,53
310,86
310,315
310,423
310,97
549,483
549,412
549,676
549,215
549,80
549,202
614,14
614,276
614,556
614,710
614,453
614,333
614,67
5,53
5,406
5,261
5,92
5,246
5,9
710,174
710,194
710,92
710,809
8,812
8,130
8,360
8,174
826,369
826,564
826,405
826,94
826,115
826,248
826,247
826,611
826,202
826,347
826,113
826,473
826,105
826,141
841,788
841,200
841,389
841,349
841,369
841,803
841,512
841,182
841,164
841,407
440,92
440,156
440,68
440,215
355,261
355,174
355,220
355,212
587,355
587,521
587,512
587,369
587,528
587,403
587,86
587,366
587,435
587,432
618,446
618,89
618,174
618,389
618,68
618,220
618,414
618,503
618,86
618,805
618,14
618,421
618,156
618,214
618,387
618,86
618,442
618,369
618,38
365,57
365,58
365,156
365,496
365,59
365,710
365,174
365,242
365,423
365,34
365,89
365,392
365,92
365,164
365,776
82,430
82,85
82,161
82,86
82,521
82,87
82,92
82,527
82,796
164,542
164,92
164,432
164,248
447,418
447,197
447,98
447,164
447,383
124,58
124,94
124,411
124,271
124,142
124,497
124,164
124,186
124,347
93,188
93,247
93,261
93,194
93,94
93,220
93,101
93,109
93,412
369,457
369,127
369,89
369,38
369,428
362,191
362,153
362,556
362,89
362,59
362,34
362,38
362,242
479,59
479,521
479,85
479,432
479,220
479,203
479,261
479,435
119,58
119,14
119,164
119,130
119,127
119,529
119,34
119,812
119,38
770,446
770,809
770,89
770,95
770,659
770,92
770,202
770,133
770,174
770,194
770,182
770,156
770,414
745,389
745,14
745,444
745,46
556,72
556,538
556,282
556,178
556,73
556,202
556,191
556,164
