SpeciesId,ItemName
645,Leftovers
645,Rocky Helmet
645,Choice Scarf
645,Soft Sand
645,Focus Sash
645,Choice Band
887,Choice Specs
887,Life Orb
887,Choice Band
887,Focus Sash
887,Heavy-Duty Boots
887,Dragon Fang
887,Choice Scarf
887,Leftovers
887,Expert Belt
887,Spell Tag
485,Leftovers
485,Air Balloon
485,Choice Scarf
598,Leftovers
598,Rocky Helmet
445,Leftovers
445,Rocky Helmet
445,Life Orb
445,Roseli Berry
445,Lum Berry
445,Yache Berry
36,Leftovers
36,Rocky Helmet
36,Sticky Barb
36,Life Orb
36,Heavy-Duty Boots
461,Heavy-Duty Boots
461,Choice Band
461,Life Orb
892,Choice Band
892,Choice Scarf
892,Protective Pads
145,Heavy-Duty Boots
145,Choice Specs
145,Leftovers
823,Rocky Helmet
823,Leftovers
823,Shed Shell
809,Leftovers
809,Assault Vest
809,Choice Band
809,Protective Pads
809,Life Orb
641,Heavy-Duty Boots
641,Assault Vest
641,Eject Button
748,Black Sludge
748,Shed Shell
748,Rocky Helmet
748,Eject Button
748,Heavy-Duty Boots
748,Leftovers
812,Choice Band
812,Leftovers
812,Life Orb
812,Terrain Extender
812,Coba Berry
812,Assault Vest
786,Choice Scarf
786,Choice Specs
786,Terrain Extender
786,Twisted Spoon
786,Assault Vest
798,Choice Scarf
798,Protective Pads
798,Choice Band
798,Life Orb
798,Adrenaline Orb
798,Focus Sash
798,Muscle Band
80,Heavy-Duty Boots
80,Rocky Helmet
80,Colbur Berry
80,Eject Button
80,Leftovers
785,Heavy-Duty Boots
785,Choice Specs
785,Life Orb
785,Terrain Extender
785,Light Clay
806,Choice Scarf
806,Choice Specs
806,Heavy-Duty Boots
788,Leftovers
788,Choice Scarf
242,Heavy-Duty Boots
242,Leftovers
794,Rocky Helmet
794,Leftovers
794,Choice Band
794,Heavy-Duty Boots
794,Choice Scarf
248,Choice Band
248,Leftovers
248,Smooth Rock
248,Assault Vest
248,Weakness Policy
248,Sitrus Berry
248,Chople Berry
199,Assault Vest
199,Black Sludge
199,Heavy-Duty Boots
637,Heavy-Duty Boots
637,Leftovers
149,Heavy-Duty Boots
149,Weakness Policy
149,Life Orb
149,Leftovers
149,Yache Berry
149,Lum Berry
479,Leftovers
479,Choice Scarf
479,Heavy-Duty Boots
479,Rocky Helmet
479,Iapapa Berry
530,Leftovers
530,Choice Band
530,Life Orb
530,Focus Sash
530,Air Balloon
530,Heavy-Duty Boots
34,Life Orb
34,Assault Vest
34,Choice Scarf
279,Damp Rock
279,Heavy-Duty Boots
279,Choice Specs
257,Leftovers
257,Life Orb
257,Air Balloon
257,Focus Sash
257,Choice Band
257,Sitrus Berry
257,Protective Pads
257,Heavy-Duty Boots
257,Expert Belt
257,Muscle Band
847,Choice Band
847,Mystic Water
450,Leftovers
450,Smooth Rock
450,Rocky Helmet
807,Heavy-Duty Boots
807,Life Orb
807,Leftovers
807,Choice Band
807,Air Balloon
807,Expert Belt
807,Choice Scarf
462,Leftovers
462,Air Balloon
462,Choice Specs
462,Rocky Helmet
462,Assault Vest
701,Grassy Seed
701,Psychic Seed
701,Electric Seed
701,Misty Seed
151,Leftovers
151,Mental Herb
151,Focus Sash
151,Colbur Berry
151,Choice Scarf
151,Weakness Policy
151,Life Orb
151,Kasib Berry
151,Rocky Helmet
151,Red Card
151,Heavy-Duty Boots
151,Expert Belt
151,Petaya Berry
342,Life Orb
342,Choice Band
342,Focus Sash
227,Rocky Helmet
227,Heavy-Duty Boots
227,Leftovers
227,Shed Shell
681,Choice Specs
681,Spell Tag
681,Leftovers
681,Air Balloon
681,Weakness Policy
681,Choice Band
625,Black Glasses
625,Life Orb
625,Choice Band
625,Assault Vest
625,Chople Berry
625,Leftovers
625,Air Balloon
625,Heavy-Duty Boots
494,Heavy-Duty Boots
494,Iron Ball
494,Choice Band
494,Choice Scarf
38,Icy Rock
38,Light Clay
38,Heavy-Duty Boots
38,Choice Scarf
423,Leftovers
423,Heavy-Duty Boots
721,Choice Specs
721,Heavy-Duty Boots
721,Assault Vest
721,Leftovers
721,Choice Scarf
858,Focus Sash
858,Eject Button
858,Leftovers
858,Assault Vest
858,Grassy Seed
858,Life Orb
858,Heavy-Duty Boots
94,Choice Scarf
94,Kasib Berry
94,Focus Sash
94,Black Sludge
94,Choice Specs
94,Salac Berry
94,Life Orb
94,Spell Tag
635,Choice Specs
635,Choice Scarf
635,Leftovers
635,Life Orb
212,Heavy-Duty Boots
212,Leftovers
212,Life Orb
212,Choice Band
212,Nothing
212,Rocky Helmet
212,Metal Coat
212,Focus Sash
537,Life Orb
537,Custap Berry
537,Leftovers
537,Choice Specs
537,Mystic Water
894,Choice Specs
894,Heavy-Duty Boots
894,Magnet
894,Life Orb
894,Light Clay
894,Air Balloon
199,Heavy-Duty Boots
199,Assault Vest
199,Life Orb
199,Eject Button
199,Colbur Berry
199,Shed Shell
199,Light Clay
113,Eviolite
630,Heavy-Duty Boots
630,Leftovers
91,Focus Sash
91,Heavy-Duty Boots
91,White Herb
91,Normal Gem
260,Leftovers
260,Sitrus Berry
797,Power Herb
797,Leftovers
797,Life Orb
881,Heavy-Duty Boots
881,Leftovers
881,Life Orb
130,Leftovers
130,Wacan Berry
130,Chesto Berry
130,Mystic Water
130,Heavy-Duty Boots
130,Lum Berry
130,Focus Sash
130,Life Orb
130,Expert Belt
130,Muscle Band
465,Rocky Helmet
465,Assault Vest
465,Nothing
245,Leftovers
245,Wacan Berry
468,Leftovers
468,Heavy-Duty Boots
468,Choice Scarf
468,Focus Sash
468,Expert Belt
468,Assault Vest
468,Life Orb
146,Heavy-Duty Boots
146,Chesto Berry
146,Weakness Policy
146,Leftovers
146,Sitrus Berry
146,Life Orb
146,Assault Vest
381,Choice Specs
381,Choice Scarf
381,Soul Dew
381,Weakness Policy
381,Expert Belt
381,Life Orb
381,Leftovers
324,Heat Rock
324,Leftovers
324,Choice Specs
145,Choice Band
145,Choice Scarf
145,Leftovers
145,Adrenaline Orb
145,Life Orb
184,Sitrus Berry
184,Choice Band
184,Leftovers
184,Assault Vest
121,Power Herb
121,Choice Specs
121,Life Orb
121,Leftovers
3,Life Orb
3,Black Sludge
3,Focus Sash
3,Choice Specs
3,Weakness Policy
3,Heavy-Duty Boots
3,Assault Vest
793,Power Herb
793,Black Sludge
793,Assault Vest
793,Choice Specs
793,Air Balloon
534,Flame Orb
534,Assault Vest
534,Leftovers
534,Choice Band
233,Eviolite
855,Focus Sash
855,White Herb
385,Leftovers
385,Weakness Policy
385,Choice Scarf
385,Focus Sash
385,Assault Vest
139,Focus Sash
139,Power Herb
195,Leftovers
195,Rocky Helmet
195,Heavy-Duty Boots
784,Salac Berry
784,Leftovers
784,Throat Spray
784,Life Orb
784,Rocky Helmet
784,Heavy-Duty Boots
784,Lum Berry
784,Sitrus Berry
105,Thick Club
292,Heavy-Duty Boots
292,Safety Goggles
292,Focus Sash
880,Life Orb
880,Choice Band
880,Focus Sash
880,Heavy-Duty Boots
880,Choice Scarf
880,Leftovers
880,Assault Vest
143,Leftovers
143,Chople Berry
143,Assault Vest
488,Mental Herb
488,Leftovers
488,Rocky Helmet
488,Colbur Berry
488,Choice Scarf
861,Light Clay
861,Leftovers
861,Focus Sash
861,Lagging Tail
861,Sitrus Berry
213,Custap Berry
213,Leftovers
213,Aguav Berry
213,Mental Herb
213,Red Card
213,Rocky Helmet
213,Chesto Berry
213,Air Balloon
426,Psychic Seed
426,Grassy Seed
591,Black Sludge
591,Rocky Helmet
591,Leftovers
591,Heavy-Duty Boots
591,Eject Button
579,Leftovers
579,Life Orb
579,Assault Vest
579,Sticky Barb
579,Colbur Berry
727,Heavy-Duty Boots
727,Leftovers
727,Figy Berry
727,Sitrus Berry
727,Assault Vest
727,Air Balloon
727,Nothing
727,Rocky Helmet
727,Safety Goggles
727,Lum Berry
727,Life Orb
727,Choice Band
727,Focus Sash
558,Liechi Berry
558,Salac Berry
558,Shell Bell
558,Focus Sash
787,Leftovers
787,Rocky Helmet
787,Choice Band
787,Life Orb
787,Heavy-Duty Boots
555,Choice Scarf
555,Salac Berry
555,Life Orb
555,Choice Band
282,Choice Scarf
282,Leftovers
282,Assault Vest
282,Choice Specs
282,Expert Belt
282,Life Orb
282,Terrain Extender
230,Choice Specs
230,Life Orb
230,Scope Lens
553,Choice Scarf
553,Muscle Band
553,Life Orb
553,Leftovers
553,Focus Sash
553,Expert Belt
553,Rocky Helmet
697,Choice Scarf
697,Life Orb
697,Choice Band
697,Expert Belt
697,Leftovers
9,White Herb
9,Life Orb
9,Leftovers
9,Air Balloon
9,Focus Sash
9,Heavy-Duty Boots
9,Assault Vest
110,Black Sludge
110,Heavy-Duty Boots
110,Rocky Helmet
110,Leftovers
110,Focus Sash
110,Poison Barb
142,Wacan Berry
142,Focus Sash
142,Heavy-Duty Boots
647,Leftovers
647,Choice Specs
647,Choice Scarf
647,Mystic Water
65,Focus Sash
65,Life Orb
65,Choice Scarf
65,Choice Specs
65,Twisted Spoon
123,Eviolite
132,Air Balloon
132,Choice Scarf
132,Shell Bell
122,Assault Vest
146,Heavy-Duty Boots
373,Wide Lens
373,Heavy-Duty Boots
373,Liechi Berry
373,Leftovers
373,Life Orb
373,Lum Berry
373,Choice Scarf
373,Choice Specs
642,Heavy-Duty Boots
642,Choice Specs
642,Choice Scarf
642,Life Orb
642,Leftovers
473,Choice Band
473,Life Orb
473,Assault Vest
473,Leftovers
473,Never-Melt Ice
473,Metronome
473,Choice Scarf
800,Weakness Policy
800,Power Herb
800,Chesto Berry
800,Leftovers
800,Lum Berry
448,Life Orb
448,Focus Sash
448,Choice Scarf
448,Wise Glasses
448,Leftovers
448,Air Balloon
448,Expert Belt
448,Nothing
6,Heavy-Duty Boots
6,Life Orb
6,Salac Berry
6,Choice Specs
6,Leftovers
6,Focus Sash
6,Nothing
6,Choice Scarf
6,Charcoal
6,Sitrus Berry
6,Air Balloon
6,Expert Belt
6,Power Herb
6,Assault Vest
6,Rocky Helmet
695,Life Orb
695,Assault Vest
695,Choice Specs
695,Choice Scarf
730,Leftovers
730,Choice Specs
730,Custap Berry
730,Assault Vest
730,Rocky Helmet
730,Mystic Water
730,Choice Scarf
743,Focus Sash
743,Heavy-Duty Boots
743,Choice Scarf
743,Choice Specs
778,Red Card
778,Life Orb
778,Scope Lens
778,Leftovers
778,Liechi Berry
474,Choice Specs
474,Choice Scarf
474,Life Orb
620,Focus Sash
620,Choice Band
620,Life Orb
620,Choice Scarf
620,Heavy-Duty Boots
620,Assault Vest
642,Heavy-Duty Boots
642,Life Orb
642,Assault Vest
642,Nothing
642,Choice Specs
642,Leftovers
642,Choice Band
752,Leftovers
752,Focus Sash
752,Heavy-Duty Boots
752,Rocky Helmet
752,Nothing
706,Assault Vest
706,Leftovers
706,Choice Specs
244,Expert Belt
244,Choice Band
244,Assault Vest
380,Weakness Policy
380,Grassy Seed
380,Choice Specs
380,Leftovers
380,Soul Dew
380,Choice Scarf
380,Heavy-Duty Boots
479,Heavy-Duty Boots
479,Choice Scarf
479,Choice Specs
479,Leftovers
479,Wide Lens
479,Assault Vest
479,Focus Sash
596,Focus Sash
596,Heavy-Duty Boots
596,Red Card
596,Air Balloon
350,Leftovers
350,Flame Orb
350,Heavy-Duty Boots
350,Shell Bell
350,Life Orb
144,Choice Scarf
144,Choice Specs
144,Heavy-Duty Boots
197,Leftovers
197,Heavy-Duty Boots
663,Heavy-Duty Boots
663,Leftovers
663,Focus Sash
663,Aguav Berry
663,Choice Specs
663,Life Orb
796,Choice Scarf
796,Choice Specs
796,Air Balloon
796,Wise Glasses
796,Heavy-Duty Boots
818,Life Orb
818,Choice Scarf
818,Scope Lens
818,Heavy-Duty Boots
818,Choice Specs
818,Mystic Water
818,Leftovers
818,Expert Belt
818,Nothing
660,Choice Band
660,Life Orb
660,Choice Scarf
660,Leftovers
660,Silk Scarf
612,Lum Berry
612,Life Orb
612,Liechi Berry
612,Choice Band
612,Choice Scarf
612,Roseli Berry
612,Heavy-Duty Boots
612,Blunder Policy
612,Leftovers
545,Focus Sash
545,Life Orb
545,Choice Band
545,Payapa Berry
545,Charti Berry
545,Black Sludge
545,Shell Bell
545,Liechi Berry
376,Assault Vest
376,Leftovers
376,Choice Scarf
376,Weakness Policy
376,Life Orb
376,Choice Band
376,Quick Claw
376,Heavy-Duty Boots
376,Focus Sash
376,Aguav Berry
768,Assault Vest
768,Heavy-Duty Boots
768,Eject Button
768,Red Card
768,Choice Band
768,Life Orb
768,Leftovers
768,Mystic Water
768,Sitrus Berry
844,Leftovers
844,Focus Sash
844,Rocky Helmet
805,Air Balloon
805,Life Orb
805,Shuca Berry
805,Leftovers
805,Focus Sash
805,Chople Berry
805,Rocky Helmet
623,Life Orb
623,Choice Band
623,Colbur Berry
623,Ring Target
623,Choice Scarf
178,Focus Sash
178,Leftovers
178,Heavy-Duty Boots
178,Rocky Helmet
178,Light Clay
134,Leftovers
134,Choice Scarf
134,Nothing
134,Heavy-Duty Boots
68,Assault Vest
68,Flame Orb
68,Choice Band
68,Psychic Seed
68,Lum Berry
68,Scope Lens
68,Choice Scarf
771,Custap Berry
771,Leftovers
771,Rocky Helmet
862,Flame Orb
862,Heavy-Duty Boots
862,Choice Band
862,Leftovers
862,Life Orb
196,Focus Sash
196,Light Clay
196,Choice Scarf
196,Leftovers
196,Eject Button
196,Sticky Barb
196,White Herb
196,Power Herb
196,Life Orb
639,Choice Band
639,Life Orb
639,Focus Sash
59,Heavy-Duty Boots
59,Life Orb
59,Leftovers
59,Expert Belt
59,Charcoal
59,Heat Rock
59,Rocky Helmet
59,Choice Band
59,Aguav Berry
609,Choice Scarf
609,Choice Specs
609,Life Orb
609,Assault Vest
609,Heavy-Duty Boots
609,Leftovers
745,Life Orb
745,Focus Sash
745,Choice Band
745,Expert Belt
745,Eject Pack
73,Black Sludge
73,Leftovers
73,Assault Vest
849,Choice Specs
849,Throat Spray
849,Focus Sash
849,Air Balloon
849,Choice Scarf
849,Black Sludge
849,Life Orb
849,Assault Vest
379,Leftovers
379,Life Orb
379,Rocky Helmet
638,Rocky Helmet
638,Choice Band
638,Leftovers
638,Shuca Berry
638,Life Orb
638,Occa Berry
638,Choice Scarf
638,Heavy-Duty Boots
475,Life Orb
475,Focus Sash
475,Choice Band
475,Leftovers
475,Choice Scarf
475,Muscle Band
475,Protective Pads
864,Custap Berry
864,Choice Specs
864,Power Herb
864,Leftovers
864,Nothing
864,Life Orb
864,Assault Vest
864,Eject Button
864,Heavy-Duty Boots
707,Light Clay
707,Leftovers
707,Eject Button
707,Ring Target
707,Lagging Tail
707,Air Balloon
707,Rocky Helmet
689,Focus Sash
689,Scope Lens
689,Rocky Helmet
689,Chople Berry
80,Quick Claw
80,Assault Vest
80,Life Orb
80,Colbur Berry
80,Leftovers
80,Black Sludge
407,Black Sludge
407,Expert Belt
407,Focus Sash
407,Heavy-Duty Boots
407,Rocky Helmet
407,Leftovers
407,Life Orb
407,Weakness Policy
407,Quick Claw
745,Life Orb
745,Focus Sash
758,Black Sludge
758,Focus Sash
758,Heavy-Duty Boots
758,Assault Vest
758,Salac Berry
758,Life Orb
758,Choice Specs
758,Air Balloon
214,Salac Berry
214,Flame Orb
214,Choice Scarf
214,Heavy-Duty Boots
214,Sitrus Berry
214,Leftovers
254,Misty Seed
254,Power Herb
254,Cell Battery
254,Electric Seed
254,Life Orb
254,Air Balloon
254,Red Card
254,Choice Scarf
254,Weakness Policy
254,Sitrus Berry
685,Sitrus Berry
685,Focus Sash
186,Damp Rock
186,Leftovers
186,Salac Berry
464,Leftovers
464,Weakness Policy
464,Assault Vest
464,Life Orb
464,Hard Stone
464,Rocky Helmet
454,Life Orb
454,Black Sludge
454,Assault Vest
454,Rocky Helmet
454,Leftovers
454,Shuca Berry
560,Leftovers
560,Expert Belt
560,Life Orb
560,Coba Berry
560,Choice Band
560,Heavy-Duty Boots
715,Heavy-Duty Boots
715,Throat Spray
715,Life Orb
715,Choice Specs
715,Choice Scarf
243,Leftovers
243,Choice Specs
243,Heavy-Duty Boots
243,Air Balloon
243,Lum Berry
243,Life Orb
479,Choice Scarf
479,Leftovers
479,Sitrus Berry
479,Focus Sash
319,Life Orb
319,Focus Sash
319,Rocky Helmet
319,Muscle Band
319,Leftovers
531,Leftovers
531,Heavy-Duty Boots
302,Leftovers
302,Choice Scarf
302,Heavy-Duty Boots
302,Sitrus Berry
302,Grip Claw
302,Lagging Tail
302,Focus Sash
302,Rocky Helmet
466,Assault Vest
466,Expert Belt
466,Life Orb
466,Flame Orb
466,Air Balloon
466,Choice Scarf
466,Salac Berry
330,Lum Berry
330,Choice Scarf
330,Soft Sand
330,Life Orb
330,Choice Band
330,Leftovers
330,Sitrus Berry
442,Leftovers
442,Sitrus Berry
442,Iapapa Berry
442,Black Glasses
442,Choice Band
237,Assault Vest
237,Protective Pads
237,Leftovers
237,Heavy-Duty Boots
99,Life Orb
304,Shell Bell
304,Berry Juice
26,Focus Sash
26,Life Orb
26,Choice Specs
26,Expert Belt
26,Air Balloon
26,Electric Seed
26,Charti Berry
452,Black Sludge
452,Scope Lens
452,Leftovers
452,Choice Scarf
452,Red Card
452,Liechi Berry
452,Razor Claw
452,Rocky Helmet
452,Focus Sash
879,Custap Berry
879,Choice Band
879,Life Orb
879,Assault Vest
879,Air Balloon
879,Chople Berry
879,Leftovers
750,Leftovers
750,Figy Berry
750,Choice Band
750,Chesto Berry
750,Choice Band
750,Leftovers
750,Heavy-Duty Boots
750,Weakness Policy
750,Choice Scarf
750,Nothing
584,Heavy-Duty Boots
584,Choice Specs
584,Light Clay
584,Life Orb
563,Leftovers
563,Weakness Policy
563,Rocky Helmet
563,Colbur Berry
563,Chesto Berry
356,Eviolite
171,Leftovers
171,Magnet
171,Assault Vest
781,Assault Vest
781,Figy Berry
781,Heavy-Duty Boots
781,Choice Band
781,Life Orb
781,Leftovers
738,Heavy-Duty Boots
738,Choice Specs
738,Throat Spray
738,Focus Sash
738,Occa Berry
871,Terrain Extender
871,Life Orb
526,Smooth Rock
526,Assault Vest
526,Leftovers
264,Sitrus Berry
264,Figy Berry
264,Salac Berry
264,TR43
38,Heat Rock
38,Heavy-Duty Boots
38,Wide Lens
38,Life Orb
38,Salac Berry
38,White Herb
38,Choice Scarf
38,Choice Specs
437,Mental Herb
437,Leftovers
437,Choice Scarf
437,Occa Berry
437,Room Service
437,Assault Vest
437,Focus Sash
437,Air Balloon
437,Sitrus Berry
437,Sticky Barb
55,Focus Sash
893,Leftovers
893,Choice Scarf
893,Heavy-Duty Boots
893,Choice Band
893,Rose Incense
893,Rocky Helmet
893,Wide Lens
700,Leftovers
700,Choice Specs
700,Nothing
700,Choice Scarf
700,Throat Spray
700,Pixie Plate
700,Metronome
700,Heavy-Duty Boots
700,Life Orb
12,Heavy-Duty Boots
12,Leftovers
12,Focus Sash
839,Leftovers
839,Power Herb
839,Weakness Policy
839,Heavy-Duty Boots
839,Life Orb
839,Nothing
169,Black Sludge
169,Leftovers
169,Heavy-Duty Boots
169,Nothing
169,Life Orb
169,Black Glasses
169,Focus Sash
169,Choice Band
169,Expert Belt
169,Sharp Beak
621,Focus Sash
621,Roseli Berry
621,Life Orb
621,Leftovers
621,Rocky Helmet
621,Heavy-Duty Boots
719,Leftovers
719,Assault Vest
719,Light Clay
719,Focus Sash
719,Choice Scarf
719,Heavy-Duty Boots
719,Babiri Berry
867,Leftovers
867,Weakness Policy
867,Rocky Helmet
867,Assault Vest
867,Life Orb
272,Life Orb
272,Leftovers
272,Assault Vest
272,Big Root
135,Heavy-Duty Boots
135,Choice Specs
135,Life Orb
135,Air Balloon
135,Thunder Stone
135,Flame Orb
135,Focus Sash
482,Focus Sash
482,Choice Band
482,Heavy-Duty Boots
482,Ring Target
482,Life Orb
691,Black Sludge
691,Choice Specs
691,Payapa Berry
691,Leftovers
561,Leftovers
561,Life Orb
561,Toxic Orb
561,Flame Orb
561,Light Clay
571,Ring Target
571,Heavy-Duty Boots
571,Life Orb
571,Black Glasses
571,Chople Berry
571,Expert Belt
571,Focus Sash
571,Choice Scarf
571,Choice Specs
593,Leftovers
593,Assault Vest
222,Eviolite
208,Leftovers
208,Air Balloon
208,Assault Vest
208,Heavy-Duty Boots
208,Rocky Helmet
208,Focus Sash
208,Choice Band
845,Heavy-Duty Boots
845,Rocky Helmet
845,Choice Specs
845,Focus Sash
640,Life Orb
640,Coba Berry
640,Rocky Helmet
760,Assault Vest
760,Leftovers
760,Sitrus Berry
760,Black Belt
760,Choice Band
756,Rocky Helmet
756,Leftovers
687,Leftovers
687,Choice Scarf
687,Focus Sash
687,Shell Bell
687,Salac Berry
687,Assault Vest
687,Choice Specs
687,Metronome
675,Choice Band
675,Expert Belt
675,Choice Scarf
675,Assault Vest
675,Life Orb
675,Leftovers
105,Thick Club
25,Light Ball
25,Air Balloon
25,Light Clay
565,Salac Berry
565,Heavy-Duty Boots
565,Weakness Policy
547,Focus Sash
547,Leftovers
547,Miracle Seed
547,Scope Lens
547,Heavy-Duty Boots
547,Life Orb
547,Nothing
547,Rocky Helmet
547,Choice Scarf
547,Sitrus Berry
895,Choice Specs
895,Choice Scarf
895,Assault Vest
895,Dragon Fang
776,White Herb
776,Figy Berry
776,Grassy Seed
226,Heavy-Duty Boots
226,Leftovers
851,Heavy-Duty Boots
851,Assault Vest
851,Leftovers
851,Absorb Bulb
851,Charcoal
851,Big Root
851,Choice Scarf
851,Rocky Helmet
851,Life Orb
486,Leftovers
486,Lansat Berry
486,Life Orb
486,Chesto Berry
693,Choice Specs
693,Assault Vest
632,Choice Band
632,Eject Button
632,Air Balloon
632,Wide Lens
632,Life Orb
632,Occa Berry
632,Choice Scarf
632,Leftovers
28,Life Orb
28,Wide Lens
28,Focus Sash
28,Leftovers
28,Heavy-Duty Boots
28,Occa Berry
306,Leftovers
306,Choice Band
306,Life Orb
306,Heavy-Duty Boots
306,Assault Vest
306,Air Balloon
306,Custap Berry
306,Lum Berry
306,Hard Stone
306,Focus Sash
141,Life Orb
141,Focus Sash
141,Choice Band
141,Assault Vest
567,Choice Band
567,Focus Sash
567,Choice Scarf
567,Heavy-Duty Boots
567,Nothing
567,Power Herb
567,Misty Seed
567,Sitrus Berry
567,Life Orb
617,Focus Sash
617,Liechi Berry
617,Heavy-Duty Boots
617,Throat Spray
617,Life Orb
617,Weakness Policy
713,Heavy-Duty Boots
713,Rocky Helmet
713,Assault Vest
713,Leftovers
896,Heavy-Duty Boots
896,Assault Vest
896,Life Orb
896,Leftovers
896,Custap Berry
896,Choice Band
724,Life Orb
724,Spell Tag
724,Assault Vest
724,Heavy-Duty Boots
724,Air Balloon
724,Rocky Helmet
724,Leftovers
724,Expert Belt
828,Choice Specs
828,Red Card
828,Throat Spray
828,Power Anklet
828,Focus Sash
828,Grassy Seed
828,Nothing
873,Heavy-Duty Boots
873,Life Orb
873,Chesto Berry
873,Focus Sash
873,Never-Melt Ice
711,Colbur Berry
275,Life Orb
764,Leftovers
764,Focus Sash
764,Expert Belt
764,Big Root
764,Life Orb
883,Choice Band
883,Choice Scarf
883,Never-Melt Ice
883,Focus Sash
883,Life Orb
883,Mystic Water
866,Leftovers
866,Heavy-Duty Boots
866,Focus Sash
866,Life Orb
875,Rocky Helmet
875,Salac Berry
875,Sitrus Berry
875,Leftovers
875,Life Orb
875,Focus Sash
460,Icy Rock
460,Heavy-Duty Boots
460,Light Clay
460,Focus Sash
618,Eject Button
618,Leftovers
618,Choice Specs
477,Leftovers
477,Choice Band
477,Weakness Policy
477,Adamant Orb
869,Leftovers
869,Choice Specs
869,Heavy-Duty Boots
869,Eject Button
869,Sitrus Berry
334,Heavy-Duty Boots
334,Leftovers
334,Nothing
334,Life Orb
853,Assault Vest
853,Leftovers
853,Black Belt
853,Rocky Helmet
746,Mystic Water
746,Leftovers
746,Sitrus Berry
746,Choice Band
251,Heavy-Duty Boots
251,Leftovers
251,Focus Sash
251,Tanga Berry
78,Heavy-Duty Boots
78,Choice Band
78,Lum Berry
78,Charcoal
763,Assault Vest
763,Focus Sash
763,Wide Lens
763,Life Orb
45,Black Sludge
45,Quick Claw
626,Choice Band
626,Silk Scarf
626,Nothing
877,Choice Band
877,Focus Sash
877,Life Orb
877,Leftovers
877,Heavy-Duty Boots
131,Assault Vest
131,Leftovers
131,Choice Specs
131,Heavy-Duty Boots
131,Damp Rock
131,Weakness Policy
699,Choice Scarf
699,Focus Sash
699,Assault Vest
699,Weakness Policy
699,Rocky Helmet
699,Power Herb
699,Icy Rock
467,Choice Specs
467,Heavy-Duty Boots
467,Assault Vest
467,Leftovers
467,Salac Berry
467,Focus Sash
241,Leftovers
241,Rocky Helmet
814,Choice Band
814,Focus Sash
814,Choice Scarf
814,Heavy-Duty Boots
814,Leftovers
26,Air Balloon
26,Life Orb
26,Focus Sash
26,Choice Scarf
26,Choice Specs
26,Nothing
26,Assault Vest
479,Heavy-Duty Boots
863,Leftovers
863,Iron Ball
863,Choice Band
78,Leftovers
78,Choice Band
78,Life Orb
78,Nothing
78,Focus Sash
709,Sitrus Berry
709,Choice Band
709,Aguav Berry
709,Life Orb
144,Heavy-Duty Boots
144,Icy Rock
144,Wacan Berry
144,Leftovers
378,Assault Vest
378,Leftovers
378,Heavy-Duty Boots
378,Icy Rock
378,Weakness Policy
884,Assault Vest
884,Life Orb
884,Choice Specs
884,Dragon Fang
884,Quick Claw
884,Light Clay
884,Weakness Policy
884,Eviolite
884,Leftovers
470,Lum Berry
470,Life Orb
470,Nothing
470,Weakness Policy
470,Choice Band
470,Leftovers
62,Sitrus Berry
62,Focus Sash
62,Shell Bell
62,Nothing
62,Aguav Berry
359,Razor Claw
359,Choice Scarf
359,Scope Lens
359,Life Orb
359,Leftovers
478,Focus Sash
478,Black Sludge
478,Expert Belt
478,Heavy-Duty Boots
110,Rocky Helmet
110,Black Sludge
110,Leftovers
110,Air Balloon
480,Leftovers
480,Colbur Berry
480,Mental Herb
480,Grassy Seed
480,Light Clay
112,Leftovers
112,Eviolite
112,Focus Sash
112,Focus Band
799,Leftovers
799,Choice Specs
799,Assault Vest
799,Life Orb
799,Nothing
830,Heavy-Duty Boots
830,Leftovers
830,Rocky Helmet
405,Rocky Helmet
405,Flame Orb
405,Choice Band
405,Leftovers
405,Expert Belt
405,Choice Scarf
405,Toxic Orb
405,Air Balloon
221,Eviolite
221,Assault Vest
221,Life Orb
291,Focus Sash
291,Expert Belt
291,Leftovers
291,Choice Scarf
842,Aguav Berry
842,Rowap Berry
842,Leftovers
842,Heavy-Duty Boots
842,Assault Vest
471,Leftovers
471,Never-Melt Ice
471,Choice Specs
471,Rocky Helmet
870,Jaboca Berry
870,Focus Sash
870,Sitrus Berry
870,Nothing
870,Metronome
870,Leftovers
870,Life Orb
870,Choice Band
103,Chesto Berry
103,Sitrus Berry
103,Life Orb
103,Lum Berry
103,Choice Specs
103,Eject Pack
641,Focus Sash
641,Choice Specs
641,Heavy-Duty Boots
641,Leftovers
641,Mental Herb
182,Focus Sash
182,Leftovers
182,Air Balloon
182,Wide Lens
589,Leftovers
589,Assault Vest
589,Life Orb
589,Nothing
539,Choice Scarf
539,Salac Berry
539,Choice Band
539,Air Balloon
539,Lansat Berry
202,Leftovers
202,Focus Sash
202,Assault Vest
202,Life Orb
528,Focus Sash
528,Grassy Seed
528,Mental Herb
528,Nothing
528,Weakness Policy
528,Electric Seed
128,Choice Band
128,Life Orb
128,Leftovers
51,Focus Sash
51,Expert Belt
51,Life Orb
51,Leftovers
51,Soft Sand
628,Choice Band
628,Heavy-Duty Boots
628,Leftovers
628,Life Orb
628,Power Herb
754,Assault Vest
754,Leftovers
53,Heavy-Duty Boots
53,Assault Vest
53,Rocky Helmet
346,Leftovers
346,Power Herb
832,Leftovers
832,Heavy-Duty Boots
832,Nothing
344,Leftovers
344,Focus Sash
344,Colbur Berry
344,Lagging Tail
860,Eviolite
678,Light Clay
678,Wise Glasses
678,Nothing
481,Choice Scarf
481,Colbur Berry
428,Nothing
428,Flame Orb
428,Red Card
428,Leftovers
428,Life Orb
428,Choice Band
428,White Herb
428,Choice Scarf
428,Sitrus Berry
876,Terrain Extender
876,Assault Vest
876,Leftovers
876,Psychic Seed
876,Sitrus Berry
876,Mental Herb
31,Life Orb
31,Poison Barb
31,Choice Band
31,Black Sludge
31,Assault Vest
106,Liechi Berry
106,Focus Sash
106,Sitrus Berry
106,White Herb
106,Chesto Berry
106,Assault Vest
876,Choice Scarf
876,Choice Specs
876,Focus Sash
876,Throat Spray
876,Terrain Extender
546,Focus Sash
680,Eviolite
533,Eviolite
777,Shell Bell
777,Rocky Helmet
777,Choice Scarf
321,Choice Scarf
321,Leftovers
321,Choice Band
321,Choice Specs
508,Choice Band
508,Throat Spray
508,Assault Vest
508,Leftovers
508,Life Orb
303,Choice Band
303,Life Orb
303,Rocky Helmet
303,Choice Scarf
303,Focus Sash
303,Leftovers
449,Smooth Rock
449,Expert Belt
449,Choice Scarf
449,Nothing
295,Choice Specs
295,Life Orb
295,Throat Spray
737,Eviolite
773,Fairy Memory
615,Heavy-Duty Boots
615,Leftovers
615,Nothing
510,Sitrus Berry
510,Focus Sash
510,Mental Herb
510,Black Glasses
765,Leftovers
765,Mental Herb
765,Focus Sash
765,Sitrus Berry
766,Assault Vest
766,Life Orb
377,Absorb Bulb
377,Leftovers
377,Weakness Policy
377,Rock Incense
377,Choice Band
377,Sitrus Berry
40,Leftovers
40,Silk Scarf
573,Leftovers
573,Protective Pads
573,Wide Lens
573,Choice Band
127,Sitrus Berry
127,Choice Scarf
127,Choice Band
127,Normal Gem
606,Life Orb
348,Heavy-Duty Boots
348,Life Orb
348,Leftovers
348,Rocky Helmet
225,Heavy-Duty Boots
28,Leftovers
28,Life Orb
28,Choice Scarf
780,Life Orb
780,Leftovers
780,Wise Glasses
780,Choice Specs
780,Assault Vest
773,Ghost Memory
224,Choice Specs
224,Eject Button
224,Scope Lens
224,Zoom Lens
224,Life Orb
550,Life Orb
550,Choice Band
463,Leftovers
463,Red Card
463,Rocky Helmet
310,Choice Specs
310,Focus Sash
310,Life Orb
549,Life Orb
549,Leftovers
614,Life Orb
614,Heavy-Duty Boots
5,Eviolite
5,Focus Sash
710,Focus Sash
8,Eviolite
826,Light Clay
826,Choice Specs
826,Heavy-Duty Boots
826,Life Orb
826,Nothing
826,Assault Vest
841,Choice Band
841,Wide Lens
841,Focus Sash
841,Sitrus Berry
440,Eviolite
355,Eviolite
587,Heavy-Duty Boots
587,Nothing
618,Leftovers
618,Life Orb
618,Eviolite
365,Leftovers
365,Never-Melt Ice
82,Eviolite
82,Choice Scarf
82,Magnet
82,Leftovers
164,Heavy-Duty Boots
447,Leftovers
447,Focus Sash
447,Lagging Tail
447,Expert Belt
124,Choice Specs
124,Metronome
124,Choice Scarf
124,Quick Claw
93,Focus Sash
93,Eviolite
369,Rindo Berry
369,Choice Band
362,Focus Sash
362,Leftovers
479,Heavy-Duty Boots
479,Never-Melt Ice
479,Leftovers
119,Leftovers
119,Assault Vest
770,Focus Sash
770,Rocky Helmet
770,Aguav Berry
770,Leftovers
745,Scope Lens
556,Absorb Bulb
556,Leftovers
556,Heat Rock
