Id,Name,Type1,Type2,HP,Attack,Defense,SpAttack,SpDefense,Speed,Icon,SpeciesId,NotFullyEvolved
1,フシギダネ,Grass,Poison,45,49,49,65,65,45,https://raw.githubusercontent.com/PokeAPI/sprites/master/sprites/pokemon/1.png,1,1
2,フシギソウ,Grass,Poison,60,62,63,80,80,60,https://raw.githubusercontent.com/PokeAPI/sprites/master/sprites/pokemon/2.png,2,1
3,フシギバナ,Grass,Poison,80,82,83,100,100,80,https://raw.githubusercontent.com/PokeAPI/sprites/master/sprites/pokemon/3.png,3,0
4,ヒトカゲ,Fire,,39,52,43,60,50,65,https://raw.githubusercontent.com/PokeAPI/sprites/master/sprites/pokemon/4.png,4,1
5,リザード,Fire,,58,64,58,80,65,80,https://raw.githubusercontent.com/PokeAPI/sprites/master/sprites/pokemon/5.png,5,1
6,リザードン,Fire,Flying,78,84,78,109,85,100,https://raw.githubusercontent.com/PokeAPI/sprites/master/sprites/pokemon/6.png,6,0
7,ゼニガメ,Water,,44,48,65,50,64,43,https://raw.githubusercontent.com/PokeAPI/sprites/master/sprites/pokemon/7.png,7,1
8,カメール,Water,,59,63,80,65,80,58,https://raw.githubusercontent.com/PokeAPI/sprites/master/sprites/pokemon/8.png,8,1
9,カメックス,Water,,79,83,100,85,105,78,https://raw.githubusercontent.com/PokeAPI/sprites/master/sprites/pokemon/9.png,9,0
10,キャタピー,Bug,,45,30,35,20,20,45,https://raw.githubusercontent.com/PokeAPI/sprites/master/sprites/pokemon/10.png,10,1
11,トランセル,Bug,,50,20,55,25,25,30,https://raw.githubusercontent.com/PokeAPI/sprites/master/sprites/pokemon/11.png,11,1
12,バタフリー,Bug,Flying,60,45,50,90,80,70,https://raw.githubusercontent.com/PokeAPI/sprites/master/sprites/pokemon/12.png,12,0
25,ピカチュウ,Electric,,35,55,40,50,50,90,https://raw.githubusercontent.com/PokeAPI/sprites/master/sprites/pokemon/25.png,25,1
26,ライチュウ,Electric,,60,90,55,90,80,110,https://raw.githubusercontent.com/PokeAPI/sprites/master/sprites/pokemon/26.png,26,0
27,サンド,Ground,,50,75,85,20,30,40,https://raw.githubusercontent.com/PokeAPI/sprites/master/sprites/pokemon/27.png,27,1
28,サンドパン,Ground,,75,100,110,45,55,65,https://raw.githubusercontent.com/PokeAPI/sprites/master/sprites/pokemon/28.png,28,0
29,ニドラン♀,Poison,,55,47,52,40,40,41,https://raw.githubusercontent.com/PokeAPI/sprites/master/sprites/pokemon/29.png,29,1
30,ニドリーナ,Poison,,70,62,67,55,55,56,https://raw.githubusercontent.com/PokeAPI/sprites/master/sprites/pokemon/30.png,30,1
31,ニドクイン,Poison,Ground,90,92,87,75,85,76,https://raw.githubusercontent.com/PokeAPI/sprites/master/sprites/pokemon/31.png,31,0
32,ニドラン♂,Poison,,46,57,40,40,40,50,https://raw.githubusercontent.com/PokeAPI/sprites/master/sprites/pokemon/32.png,32,1
33,ニドリーノ,Poison,,61,72,57,55,55,65,https://raw.githubusercontent.com/PokeAPI/sprites/master/sprites/pokemon/33.png,33,1
34,ニドキング,Poison,Ground,81,102,77,85,75,85,https://raw.githubusercontent.com/PokeAPI/sprites/master/sprites/pokemon/34.png,34,0
35,ピッピ,Fairy,,70,45,48,60,65,35,https://raw.githubusercontent.com/PokeAPI/sprites/master/sprites/pokemon/35.png,35,1
36,ピクシー,Fairy,,95,70,73,95,90,60,https://raw.githubusercontent.com/PokeAPI/sprites/master/sprites/pokemon/36.png,36,0
37,ロコン,Fire,,38,41,40,50,65,65,https://raw.githubusercontent.com/PokeAPI/sprites/master/sprites/pokemon/37.png,37,1
38,キュウコン,Fire,,73,76,75,81,100,100,https://raw.githubusercontent.com/PokeAPI/sprites/master/sprites/pokemon/38.png,38,0
39,プリン,Normal,Fairy,115,45,20,45,25,20,https://raw.githubusercontent.com/PokeAPI/sprites/master/sprites/pokemon/39.png,39,1
40,プクリン,Normal,Fairy,140,70,45,85,50,45,https://raw.githubusercontent.com/PokeAPI/sprites/master/sprites/pokemon/40.png,40,0
41,ズバット,Poison,Flying,40,45,35,30,40,55,https://raw.githubusercontent.com/PokeAPI/sprites/master/sprites/pokemon/41.png,41,1
42,ゴルバット,Poison,Flying,75,80,70,65,75,90,https://raw.githubusercontent.com/PokeAPI/sprites/master/sprites/pokemon/42.png,42,1
43,ナゾノクサ,Grass,Poison,45,50,55,75,65,30,https://raw.githubusercontent.com/PokeAPI/sprites/master/sprites/pokemon/43.png,43,1
44,クサイハナ,Grass,Poison,60,65,70,85,75,40,https://raw.githubusercontent.com/PokeAPI/sprites/master/sprites/pokemon/44.png,44,1
45,ラフレシア,Grass,Poison,75,80,85,110,90,50,https://raw.githubusercontent.com/PokeAPI/sprites/master/sprites/pokemon/45.png,45,0
50,ディグダ,Ground,,10,55,25,35,45,95,https://raw.githubusercontent.com/PokeAPI/sprites/master/sprites/pokemon/50.png,50,1
51,ダグトリオ,Ground,,35,100,50,50,70,120,https://raw.githubusercontent.com/PokeAPI/sprites/master/sprites/pokemon/51.png,51,0
52,ニャース,Normal,,40,45,35,40,40,90,https://raw.githubusercontent.com/PokeAPI/sprites/master/sprites/pokemon/52.png,52,1
53,ペルシアン,Normal,,65,70,60,65,65,115,https://raw.githubusercontent.com/PokeAPI/sprites/master/sprites/pokemon/53.png,53,0
54,コダック,Water,,50,52,48,65,50,55,https://raw.githubusercontent.com/PokeAPI/sprites/master/sprites/pokemon/54.png,54,1
55,ゴルダック,Water,,80,82,78,95,80,85,https://raw.githubusercontent.com/PokeAPI/sprites/master/sprites/pokemon/55.png,55,0
58,ガーディ,Fire,,55,70,45,70,50,60,https://raw.githubusercontent.com/PokeAPI/sprites/master/sprites/pokemon/58.png,58,1
59,ウインディ,Fire,,90,110,80,100,80,95,https://raw.githubusercontent.com/PokeAPI/sprites/master/sprites/pokemon/59.png,59,0
60,ニョロモ,Water,,40,50,40,40,40,90,https://raw.githubusercontent.com/PokeAPI/sprites/master/sprites/pokemon/60.png,60,1
61,ニョロゾ,Water,,65,65,65,50,50,90,https://raw.githubusercontent.com/PokeAPI/sprites/master/sprites/pokemon/61.png,61,1
62,ニョロボン,Water,Fighting,90,95,95,70,90,70,https://raw.githubusercontent.com/PokeAPI/sprites/master/sprites/pokemon/62.png,62,0
63,ケーシィ,Psychic,,25,20,15,105,55,90,https://raw.githubusercontent.com/PokeAPI/sprites/master/sprites/pokemon/63.png,63,1
64,ユンゲラー,Psychic,,40,35,30,120,70,105,https://raw.githubusercontent.com/PokeAPI/sprites/master/sprites/pokemon/64.png,64,1
65,フーディン,Psychic,,55,50,45,135,95,120,https://raw.githubusercontent.com/PokeAPI/sprites/master/sprites/pokemon/65.png,65,0
66,ワンリキー,Fighting,,70,80,50,35,35,35,https://raw.githubusercontent.com/PokeAPI/sprites/master/sprites/pokemon/66.png,66,1
67,ゴーリキー,Fighting,,80,100,70,50,60,45,https://raw.githubusercontent.com/PokeAPI/sprites/master/sprites/pokemon/67.png,67,1
68,カイリキー,Fighting,,90,130,80,65,85,55,https://raw.githubusercontent.com/PokeAPI/sprites/master/sprites/pokemon/68.png,68,0
72,メノクラゲ,Water,Poison,40,40,35,50,100,70,https://raw.githubusercontent.com/PokeAPI/sprites/master/sprites/pokemon/72.png,72,1
73,ドククラゲ,Water,Poison,80,70,65,80,120,100,https://raw.githubusercontent.com/PokeAPI/sprites/master/sprites/pokemon/73.png,73,0
77,ポニータ,Fire,,50,85,55,65,65,90,https://raw.githubusercontent.com/PokeAPI/sprites/master/sprites/pokemon/77.png,77,1
78,ギャロップ,Fire,,65,100,70,80,80,105,https://raw.githubusercontent.com/PokeAPI/sprites/master/sprites/pokemon/78.png,78,0
79,ヤドン,Water,Psychic,90,65,65,40,40,15,https://raw.githubusercontent.com/PokeAPI/sprites/master/sprites/pokemon/79.png,79,1
80,ヤドラン,Water,Psychic,95,75,110,100,80,30,https://raw.githubusercontent.com/PokeAPI/sprites/master/sprites/pokemon/80.png,80,0
81,コイル,Electric,Steel,25,35,70,95,55,45,https://raw.githubusercontent.com/PokeAPI/sprites/master/sprites/pokemon/81.png,81,1
82,レアコイル,Electric,Steel,50,60,95,120,70,70,https://raw.githubusercontent.com/PokeAPI/sprites/master/sprites/pokemon/82.png,82,1
83,カモネギ,Normal,Flying,52,90,55,58,62,60,https://raw.githubusercontent.com/PokeAPI/sprites/master/sprites/pokemon/83.png,83,1
90,シェルダー,Water,,30,65,100,45,25,40,https://raw.githubusercontent.com/PokeAPI/sprites/master/sprites/pokemon/90.png,90,1
91,パルシェン,Water,Ice,50,95,180,85,45,70,https://raw.githubusercontent.com/PokeAPI/sprites/master/sprites/pokemon/91.png,91,0
92,ゴース,Ghost,Poison,30,35,30,100,35,80,https://raw.githubusercontent.com/PokeAPI/sprites/master/sprites/pokemon/92.png,92,1
93,ゴースト,Ghost,Poison,45,50,45,115,55,95,https://raw.githubusercontent.com/PokeAPI/sprites/master/sprites/pokemon/93.png,93,1
94,ゲンガー,Ghost,Poison,60,65,60,130,75,110,https://raw.githubusercontent.com/PokeAPI/sprites/master/sprites/pokemon/94.png,94,0
95,イワーク,Rock,Ground,35,45,160,30,45,70,https://raw.githubusercontent.com/PokeAPI/sprites/master/sprites/pokemon/95.png,95,1
98,クラブ,Water,,30,105,90,25,25,50,https://raw.githubusercontent.com/PokeAPI/sprites/master/sprites/pokemon/98.png,98,1
99,キングラー,Water,,55,130,115,50,50,75,https://raw.githubusercontent.com/PokeAPI/sprites/master/sprites/pokemon/99.png,99,0
102,タマタマ,Grass,Psychic,60,40,80,60,45,40,https://raw.githubusercontent.com/PokeAPI/sprites/master/sprites/pokemon/102.png,102,1
103,ナッシー,Grass,Psychic,95,95,85,125,75,55,https://raw.githubusercontent.com/PokeAPI/sprites/master/sprites/pokemon/103.png,103,0
104,カラカラ,Ground,,50,50,95,40,50,35,https://raw.githubusercontent.com/PokeAPI/sprites/master/sprites/pokemon/104.png,104,1
105,ガラガラ,Ground,,60,80,110,50,80,45,https://raw.githubusercontent.com/PokeAPI/sprites/master/sprites/pokemon/105.png,105,0
106,サワムラー,Fighting,,50,120,53,35,110,87,https://raw.githubusercontent.com/PokeAPI/sprites/master/sprites/pokemon/106.png,106,0
107,エビワラー,Fighting,,50,105,79,35,110,76,https://raw.githubusercontent.com/PokeAPI/sprites/master/sprites/pokemon/107.png,107,0
108,ベロリンガ,Normal,,90,55,75,60,75,30,https://raw.githubusercontent.com/PokeAPI/sprites/master/sprites/pokemon/108.png,108,1
109,ドガース,Poison,,40,65,95,60,45,35,https://raw.githubusercontent.com/PokeAPI/sprites/master/sprites/pokemon/109.png,109,1
110,マタドガス,Poison,,65,90,120,85,70,60,https://raw.githubusercontent.com/PokeAPI/sprites/master/sprites/pokemon/110.png,110,0
111,サイホーン,Ground,Rock,80,85,95,30,30,25,https://raw.githubusercontent.com/PokeAPI/sprites/master/sprites/pokemon/111.png,111,1
112,サイドン,Ground,Rock,105,130,120,45,45,40,https://raw.githubusercontent.com/PokeAPI/sprites/master/sprites/pokemon/112.png,112,1
113,ラッキー,Normal,,250,5,5,35,105,50,https://raw.githubusercontent.com/PokeAPI/sprites/master/sprites/pokemon/113.png,113,1
114,モンジャラ,Grass,,65,55,115,100,40,60,https://raw.githubusercontent.com/PokeAPI/sprites/master/sprites/pokemon/114.png,114,1
115,ガルーラ,Normal,,105,95,80,40,80,90,https://raw.githubusercontent.com/PokeAPI/sprites/master/sprites/pokemon/115.png,115,0
116,タッツー,Water,,30,40,70,70,25,60,https://raw.githubusercontent.com/PokeAPI/sprites/master/sprites/pokemon/116.png,116,1
117,シードラ,Water,,55,65,95,95,45,85,https://raw.githubusercontent.com/PokeAPI/sprites/master/sprites/pokemon/117.png,117,1
118,トサキント,Water,,45,67,60,35,50,63,https://raw.githubusercontent.com/PokeAPI/sprites/master/sprites/pokemon/118.png,118,1
119,アズマオウ,Water,,80,92,65,65,80,68,https://raw.githubusercontent.com/PokeAPI/sprites/master/sprites/pokemon/119.png,119,0
120,ヒトデマン,Water,,30,45,55,70,55,85,https://raw.githubusercontent.com/PokeAPI/sprites/master/sprites/pokemon/120.png,120,1
121,スターミー,Water,Psychic,60,75,85,100,85,115,https://raw.githubusercontent.com/PokeAPI/sprites/master/sprites/pokemon/121.png,121,0
122,バリヤード,Psychic,Fairy,40,45,65,100,120,90,https://raw.githubusercontent.com/PokeAPI/sprites/master/sprites/pokemon/122.png,122,1
123,ストライク,Bug,Flying,70,110,80,55,80,105,https://raw.githubusercontent.com/PokeAPI/sprites/master/sprites/pokemon/123.png,123,1
124,ルージュラ,Ice,Psychic,65,50,35,115,95,95,https://raw.githubusercontent.com/PokeAPI/sprites/master/sprites/pokemon/124.png,124,0
125,エレブー,Electric,,65,83,57,95,85,105,https://raw.githubusercontent.com/PokeAPI/sprites/master/sprites/pokemon/125.png,125,1
126,ブーバー,Fire,,65,95,57,100,85,93,https://raw.githubusercontent.com/PokeAPI/sprites/master/sprites/pokemon/126.png,126,1
127,カイロス,Bug,,65,125,100,55,70,85,https://raw.githubusercontent.com/PokeAPI/sprites/master/sprites/pokemon/127.png,127,0
128,ケンタロス,Normal,,75,100,95,40,70,110,https://raw.githubusercontent.com/PokeAPI/sprites/master/sprites/pokemon/128.png,128,0
129,コイキング,Water,,20,10,55,15,20,80,https://raw.githubusercontent.com/PokeAPI/sprites/master/sprites/pokemon/129.png,129,1
130,ギャラドス,Water,Flying,95,125,79,60,100,81,https://raw.githubusercontent.com/PokeAPI/sprites/master/sprites/pokemon/130.png,130,0
131,ラプラス,Water,Ice,130,85,80,85,95,60,https://raw.githubusercontent.com/PokeAPI/sprites/master/sprites/pokemon/131.png,131,0
132,メタモン,Normal,,48,48,48,48,48,48,https://raw.githubusercontent.com/PokeAPI/sprites/master/sprites/pokemon/132.png,132,0
133,イーブイ,Normal,,55,55,50,45,65,55,https://raw.githubusercontent.com/PokeAPI/sprites/master/sprites/pokemon/133.png,133,1
134,シャワーズ,Water,,130,65,60,110,95,65,https://raw.githubusercontent.com/PokeAPI/sprites/master/sprites/pokemon/134.png,134,0
135,サンダース,Electric,,65,65,60,110,95,130,https://raw.githubusercontent.com/PokeAPI/sprites/master/sprites/pokemon/135.png,135,0
136,ブースター,Fire,,65,130,60,95,110,65,https://raw.githubusercontent.com/PokeAPI/sprites/master/sprites/pokemon/136.png,136,0
137,ポリゴン,Normal,,65,60,70,85,75,40,https://raw.githubusercontent.com/PokeAPI/sprites/master/sprites/pokemon/137.png,137,1
138,オムナイト,Rock,Water,35,40,100,90,55,35,https://raw.githubusercontent.com/PokeAPI/sprites/master/sprites/pokemon/138.png,138,1
139,オムスター,Rock,Water,70,60,125,115,70,55,https://raw.githubusercontent.com/PokeAPI/sprites/master/sprites/pokemon/139.png,139,0
140,カブト,Rock,Water,30,80,90,55,45,55,https://raw.githubusercontent.com/PokeAPI/sprites/master/sprites/pokemon/140.png,140,1
141,カブトプス,Rock,Water,60,115,105,65,70,80,https://raw.githubusercontent.com/PokeAPI/sprites/master/sprites/pokemon/141.png,141,0
142,プテラ,Rock,Flying,80,105,65,60,75,130,https://raw.githubusercontent.com/PokeAPI/sprites/master/sprites/pokemon/142.png,142,0
143,カビゴン,Normal,,160,110,65,65,110,30,https://raw.githubusercontent.com/PokeAPI/sprites/master/sprites/pokemon/143.png,143,0
144,フリーザー,Ice,Flying,90,85,100,95,125,85,https://raw.githubusercontent.com/PokeAPI/sprites/master/sprites/pokemon/144.png,144,0
145,サンダー,Electric,Flying,90,90,85,125,90,100,https://raw.githubusercontent.com/PokeAPI/sprites/master/sprites/pokemon/145.png,145,0
146,ファイヤー,Fire,Flying,90,100,90,125,85,90,https://raw.githubusercontent.com/PokeAPI/sprites/master/sprites/pokemon/146.png,146,0
147,ミニリュウ,Dragon,,41,64,45,50,50,50,https://raw.githubusercontent.com/PokeAPI/sprites/master/sprites/pokemon/147.png,147,1
148,ハクリュー,Dragon,,61,84,65,70,70,70,https://raw.githubusercontent.com/PokeAPI/sprites/master/sprites/pokemon/148.png,148,1
149,カイリュー,Dragon,Flying,91,134,95,100,100,80,https://raw.githubusercontent.com/PokeAPI/sprites/master/sprites/pokemon/149.png,149,0
150,ミュウツー,Psychic,,106,110,90,154,90,130,https://raw.githubusercontent.com/PokeAPI/sprites/master/sprites/pokemon/150.png,150,0
151,ミュウ,Psychic,,100,100,100,100,100,100,https://raw.githubusercontent.com/PokeAPI/sprites/master/sprites/pokemon/151.png,151,0
163,ホーホー,Normal,Flying,60,30,30,36,56,50,https://raw.githubusercontent.com/PokeAPI/sprites/master/sprites/pokemon/163.png,163,1
164,ヨルノズク,Normal,Flying,100,50,50,86,96,70,https://raw.githubusercontent.com/PokeAPI/sprites/master/sprites/pokemon/164.png,164,0
169,クロバット,Poison,Flying,85,90,80,70,80,130,https://raw.githubusercontent.com/PokeAPI/sprites/master/sprites/pokemon/169.png,169,0
170,チョンチー,Water,Electric,75,38,38,56,56,67,https://raw.githubusercontent.com/PokeAPI/sprites/master/sprites/pokemon/170.png,170,1
171,ランターン,Water,Electric,125,58,58,76,76,67,https://raw.githubusercontent.com/PokeAPI/sprites/master/sprites/pokemon/171.png,171,0
172,ピチュー,Electric,,20,40,15,35,35,60,https://raw.githubusercontent.com/PokeAPI/sprites/master/sprites/pokemon/172.png,172,1
173,ピィ,Fairy,,50,25,28,45,55,15,https://raw.githubusercontent.com/PokeAPI/sprites/master/sprites/pokemon/173.png,173,1
174,ププリン,Normal,Fairy,90,30,15,40,20,15,https://raw.githubusercontent.com/PokeAPI/sprites/master/sprites/pokemon/174.png,174,1
175,トゲピー,Fairy,,35,20,65,40,65,20,https://raw.githubusercontent.com/PokeAPI/sprites/master/sprites/pokemon/175.png,175,1
176,トゲチック,Fairy,Flying,55,40,85,80,105,40,https://raw.githubusercontent.com/PokeAPI/sprites/master/sprites/pokemon/176.png,176,1
177,ネイティ,Psychic,Flying,40,50,45,70,45,70,https://raw.githubusercontent.com/PokeAPI/sprites/master/sprites/pokemon/177.png,177,1
178,ネイティオ,Psychic,Flying,65,75,70,95,70,95,https://raw.githubusercontent.com/PokeAPI/sprites/master/sprites/pokemon/178.png,178,0
182,キレイハナ,Grass,,75,80,95,90,100,50,https://raw.githubusercontent.com/PokeAPI/sprites/master/sprites/pokemon/182.png,182,0
183,マリル,Water,Fairy,70,20,50,20,50,40,https://raw.githubusercontent.com/PokeAPI/sprites/master/sprites/pokemon/183.png,183,1
184,マリルリ,Water,Fairy,100,50,80,60,80,50,https://raw.githubusercontent.com/PokeAPI/sprites/master/sprites/pokemon/184.png,184,0
185,ウソッキー,Rock,,70,100,115,30,65,30,https://raw.githubusercontent.com/PokeAPI/sprites/master/sprites/pokemon/185.png,185,0
186,ニョロトノ,Water,,90,75,75,90,100,70,https://raw.githubusercontent.com/PokeAPI/sprites/master/sprites/pokemon/186.png,186,0
194,ウパー,Water,Ground,55,45,45,25,25,15,https://raw.githubusercontent.com/PokeAPI/sprites/master/sprites/pokemon/194.png,194,1
195,ヌオー,Water,Ground,95,85,85,65,65,35,https://raw.githubusercontent.com/PokeAPI/sprites/master/sprites/pokemon/195.png,195,0
196,エーフィ,Psychic,,65,65,60,130,95,110,https://raw.githubusercontent.com/PokeAPI/sprites/master/sprites/pokemon/196.png,196,0
197,ブラッキー,Dark,,95,65,110,60,130,65,https://raw.githubusercontent.com/PokeAPI/sprites/master/sprites/pokemon/197.png,197,0
199,ヤドキング,Water,Psychic,95,75,80,100,110,30,https://raw.githubusercontent.com/PokeAPI/sprites/master/sprites/pokemon/199.png,199,0
202,ソーナンス,Psychic,,190,33,58,33,58,33,https://raw.githubusercontent.com/PokeAPI/sprites/master/sprites/pokemon/202.png,202,0
206,ノコッチ,Normal,,100,70,70,65,65,45,https://raw.githubusercontent.com/PokeAPI/sprites/master/sprites/pokemon/206.png,206,1
208,ハガネール,Steel,Ground,75,85,200,55,65,30,https://raw.githubusercontent.com/PokeAPI/sprites/master/sprites/pokemon/208.png,208,0
211,ハリーセン,Water,Poison,65,95,85,55,55,85,https://raw.githubusercontent.com/PokeAPI/sprites/master/sprites/pokemon/211.png,211,1
212,ハッサム,Bug,Steel,70,130,100,55,80,65,https://raw.githubusercontent.com/PokeAPI/sprites/master/sprites/pokemon/212.png,212,0
213,ツボツボ,Bug,Rock,20,10,230,10,230,5,https://raw.githubusercontent.com/PokeAPI/sprites/master/sprites/pokemon/213.png,213,0
214,ヘラクロス,Bug,Fighting,80,125,75,40,95,85,https://raw.githubusercontent.com/PokeAPI/sprites/master/sprites/pokemon/214.png,214,0
215,ニューラ,Dark,Ice,55,95,55,35,75,115,https://raw.githubusercontent.com/PokeAPI/sprites/master/sprites/pokemon/215.png,215,1
220,ウリムー,Ice,Ground,50,50,40,30,30,50,https://raw.githubusercontent.com/PokeAPI/sprites/master/sprites/pokemon/220.png,220,1
221,イノムー,Ice,Ground,100,100,80,60,60,50,https://raw.githubusercontent.com/PokeAPI/sprites/master/sprites/pokemon/221.png,221,1
222,サニーゴ,Water,Rock,65,55,95,65,95,35,https://raw.githubusercontent.com/PokeAPI/sprites/master/sprites/pokemon/222.png,222,1
223,テッポウオ,Water,,35,65,35,65,35,65,https://raw.githubusercontent.com/PokeAPI/sprites/master/sprites/pokemon/223.png,223,1
224,オクタン,Water,,75,105,75,105,75,45,https://raw.githubusercontent.com/PokeAPI/sprites/master/sprites/pokemon/224.png,224,0
225,デリバード,Ice,Flying,45,55,45,65,45,75,https://raw.githubusercontent.com/PokeAPI/sprites/master/sprites/pokemon/225.png,225,0
226,マンタイン,Water,Flying,85,40,70,80,140,70,https://raw.githubusercontent.com/PokeAPI/sprites/master/sprites/pokemon/226.png,226,0
227,エアームド,Steel,Flying,65,80,140,40,70,70,https://raw.githubusercontent.com/PokeAPI/sprites/master/sprites/pokemon/227.png,227,0
230,キングドラ,Water,Dragon,75,95,95,95,95,85,https://raw.githubusercontent.com/PokeAPI/sprites/master/sprites/pokemon/230.png,230,0
233,ポリゴン２,Normal,,85,80,90,105,95,60,https://raw.githubusercontent.com/PokeAPI/sprites/master/sprites/pokemon/233.png,233,1
236,バルキー,Fighting,,35,35,35,35,35,35,https://raw.githubusercontent.com/PokeAPI/sprites/master/sprites/pokemon/236.png,236,1
237,カポエラー,Fighting,,50,95,95,35,110,70,https://raw.githubusercontent.com/PokeAPI/sprites/master/sprites/pokemon/237.png,237,0
238,ムチュール,Ice,Psychic,45,30,15,85,65,65,https://raw.githubusercontent.com/PokeAPI/sprites/master/sprites/pokemon/238.png,238,1
239,エレキッド,Electric,,45,63,37,65,55,95,https://raw.githubusercontent.com/PokeAPI/sprites/master/sprites/pokemon/239.png,239,1
240,ブビィ,Fire,,45,75,37,70,55,83,https://raw.githubusercontent.com/PokeAPI/sprites/master/sprites/pokemon/240.png,240,1
241,ミルタンク,Normal,,95,80,105,40,70,100,https://raw.githubusercontent.com/PokeAPI/sprites/master/sprites/pokemon/241.png,241,0
242,ハピナス,Normal,,255,10,10,75,135,55,https://raw.githubusercontent.com/PokeAPI/sprites/master/sprites/pokemon/242.png,242,0
243,ライコウ,Electric,,90,85,75,115,100,115,https://raw.githubusercontent.com/PokeAPI/sprites/master/sprites/pokemon/243.png,243,0
244,エンテイ,Fire,,115,115,85,90,75,100,https://raw.githubusercontent.com/PokeAPI/sprites/master/sprites/pokemon/244.png,244,0
245,スイクン,Water,,100,75,115,90,115,85,https://raw.githubusercontent.com/PokeAPI/sprites/master/sprites/pokemon/245.png,245,0
246,ヨーギラス,Rock,Ground,50,64,50,45,50,41,https://raw.githubusercontent.com/PokeAPI/sprites/master/sprites/pokemon/246.png,246,1
247,サナギラス,Rock,Ground,70,84,70,65,70,51,https://raw.githubusercontent.com/PokeAPI/sprites/master/sprites/pokemon/247.png,247,1
248,バンギラス,Rock,Dark,100,134,110,95,100,61,https://raw.githubusercontent.com/PokeAPI/sprites/master/sprites/pokemon/248.png,248,0
249,ルギア,Psychic,Flying,106,90,130,90,154,110,https://raw.githubusercontent.com/PokeAPI/sprites/master/sprites/pokemon/249.png,249,0
250,ホウオウ,Fire,Flying,106,130,90,110,154,90,https://raw.githubusercontent.com/PokeAPI/sprites/master/sprites/pokemon/250.png,250,0
251,セレビィ,Psychic,Grass,100,100,100,100,100,100,https://raw.githubusercontent.com/PokeAPI/sprites/master/sprites/pokemon/251.png,251,0
252,キモリ,Grass,,40,45,35,65,55,70,https://raw.githubusercontent.com/PokeAPI/sprites/master/sprites/pokemon/252.png,252,1
253,ジュプトル,Grass,,50,65,45,85,65,95,https://raw.githubusercontent.com/PokeAPI/sprites/master/sprites/pokemon/253.png,253,1
254,ジュカイン,Grass,,70,85,65,105,85,120,https://raw.githubusercontent.com/PokeAPI/sprites/master/sprites/pokemon/254.png,254,0
255,アチャモ,Fire,,45,60,40,70,50,45,https://raw.githubusercontent.com/PokeAPI/sprites/master/sprites/pokemon/255.png,255,1
256,ワカシャモ,Fire,Fighting,60,85,60,85,60,55,https://raw.githubusercontent.com/PokeAPI/sprites/master/sprites/pokemon/256.png,256,1
257,バシャーモ,Fire,Fighting,80,120,70,110,70,80,https://raw.githubusercontent.com/PokeAPI/sprites/master/sprites/pokemon/257.png,257,0
258,ミズゴロウ,Water,,50,70,50,50,50,40,https://raw.githubusercontent.com/PokeAPI/sprites/master/sprites/pokemon/258.png,258,1
259,ヌマクロー,Water,Ground,70,85,70,60,70,50,https://raw.githubusercontent.com/PokeAPI/sprites/master/sprites/pokemon/259.png,259,1
260,ラグラージ,Water,Ground,100,110,90,85,90,60,https://raw.githubusercontent.com/PokeAPI/sprites/master/sprites/pokemon/260.png,260,0
263,ジグザグマ,Normal,,38,30,41,30,41,60,https://raw.githubusercontent.com/PokeAPI/sprites/master/sprites/pokemon/263.png,263,1
264,マッスグマ,Normal,,78,70,61,50,61,100,https://raw.githubusercontent.com/PokeAPI/sprites/master/sprites/pokemon/264.png,264,1
270,ハスボー,Water,Grass,40,30,30,40,50,30,https://raw.githubusercontent.com/PokeAPI/sprites/master/sprites/pokemon/270.png,270,1
271,ハスブレロ,Water,Grass,60,50,50,60,70,50,https://raw.githubusercontent.com/PokeAPI/sprites/master/sprites/pokemon/271.png,271,1
272,ルンパッパ,Water,Grass,80,70,70,90,100,70,https://raw.githubusercontent.com/PokeAPI/sprites/master/sprites/pokemon/272.png,272,0
273,タネボー,Grass,,40,40,50,30,30,30,https://raw.githubusercontent.com/PokeAPI/sprites/master/sprites/pokemon/273.png,273,1
274,コノハナ,Grass,Dark,70,70,40,60,40,60,https://raw.githubusercontent.com/PokeAPI/sprites/master/sprites/pokemon/274.png,274,1
275,ダーテング,Grass,Dark,90,100,60,90,60,80,https://raw.githubusercontent.com/PokeAPI/sprites/master/sprites/pokemon/275.png,275,0
278,キャモメ,Water,Flying,40,30,30,55,30,85,https://raw.githubusercontent.com/PokeAPI/sprites/master/sprites/pokemon/278.png,278,1
279,ペリッパー,Water,Flying,60,50,100,95,70,65,https://raw.githubusercontent.com/PokeAPI/sprites/master/sprites/pokemon/279.png,279,0
280,ラルトス,Psychic,Fairy,28,25,25,45,35,40,https://raw.githubusercontent.com/PokeAPI/sprites/master/sprites/pokemon/280.png,280,1
281,キルリア,Psychic,Fairy,38,35,35,65,55,50,https://raw.githubusercontent.com/PokeAPI/sprites/master/sprites/pokemon/281.png,281,1
282,サーナイト,Psychic,Fairy,68,65,65,125,115,80,https://raw.githubusercontent.com/PokeAPI/sprites/master/sprites/pokemon/282.png,282,0
290,ツチニン,Bug,Ground,31,45,90,30,30,40,https://raw.githubusercontent.com/PokeAPI/sprites/master/sprites/pokemon/290.png,290,1
291,テッカニン,Bug,Flying,61,90,45,50,50,160,https://raw.githubusercontent.com/PokeAPI/sprites/master/sprites/pokemon/291.png,291,0
292,ヌケニン,Bug,Ghost,1,90,45,30,30,40,https://raw.githubusercontent.com/PokeAPI/sprites/master/sprites/pokemon/292.png,292,0
293,ゴニョニョ,Normal,,64,51,23,51,23,28,https://raw.githubusercontent.com/PokeAPI/sprites/master/sprites/pokemon/293.png,293,1
294,ドゴーム,Normal,,84,71,43,71,43,48,https://raw.githubusercontent.com/PokeAPI/sprites/master/sprites/pokemon/294.png,294,1
295,バクオング,Normal,,104,91,63,91,73,68,https://raw.githubusercontent.com/PokeAPI/sprites/master/sprites/pokemon/295.png,295,0
298,ルリリ,Normal,Fairy,50,20,40,20,40,20,https://raw.githubusercontent.com/PokeAPI/sprites/master/sprites/pokemon/298.png,298,1
302,ヤミラミ,Dark,Ghost,50,75,75,65,65,50,https://raw.githubusercontent.com/PokeAPI/sprites/master/sprites/pokemon/302.png,302,0
303,クチート,Steel,Fairy,50,85,85,55,55,50,https://raw.githubusercontent.com/PokeAPI/sprites/master/sprites/pokemon/303.png,303,0
304,ココドラ,Steel,Rock,50,70,100,40,40,30,https://raw.githubusercontent.com/PokeAPI/sprites/master/sprites/pokemon/304.png,304,1
305,コドラ,Steel,Rock,60,90,140,50,50,40,https://raw.githubusercontent.com/PokeAPI/sprites/master/sprites/pokemon/305.png,305,1
306,ボスゴドラ,Steel,Rock,70,110,180,60,60,50,https://raw.githubusercontent.com/PokeAPI/sprites/master/sprites/pokemon/306.png,306,0
309,ラクライ,Electric,,40,45,40,65,40,65,https://raw.githubusercontent.com/PokeAPI/sprites/master/sprites/pokemon/309.png,309,1
310,ライボルト,Electric,,70,75,60,105,60,105,https://raw.githubusercontent.com/PokeAPI/sprites/master/sprites/pokemon/310.png,310,0
315,ロゼリア,Grass,Poison,50,60,45,100,80,65,https://raw.githubusercontent.com/PokeAPI/sprites/master/sprites/pokemon/315.png,315,1
318,キバニア,Water,Dark,45,90,20,65,20,65,https://raw.githubusercontent.com/PokeAPI/sprites/master/sprites/pokemon/318.png,318,1
319,サメハダー,Water,Dark,70,120,40,95,40,95,https://raw.githubusercontent.com/PokeAPI/sprites/master/sprites/pokemon/319.png,319,0
320,ホエルコ,Water,,130,70,35,70,35,60,https://raw.githubusercontent.com/PokeAPI/sprites/master/sprites/pokemon/320.png,320,1
321,ホエルオー,Water,,170,90,45,90,45,60,https://raw.githubusercontent.com/PokeAPI/sprites/master/sprites/pokemon/321.png,321,0
324,コータス,Fire,,70,85,140,85,70,20,https://raw.githubusercontent.com/PokeAPI/sprites/master/sprites/pokemon/324.png,324,0
328,ナックラー,Ground,,45,100,45,45,45,10,https://raw.githubusercontent.com/PokeAPI/sprites/master/sprites/pokemon/328.png,328,1
329,ビブラーバ,Ground,Dragon,50,70,50,50,50,70,https://raw.githubusercontent.com/PokeAPI/sprites/master/sprites/pokemon/329.png,329,1
330,フライゴン,Ground,Dragon,80,100,80,80,80,100,https://raw.githubusercontent.com/PokeAPI/sprites/master/sprites/pokemon/330.png,330,0
333,チルット,Normal,Flying,45,40,60,40,75,50,https://raw.githubusercontent.com/PokeAPI/sprites/master/sprites/pokemon/333.png,333,1
334,チルタリス,Dragon,Flying,75,70,90,70,105,80,https://raw.githubusercontent.com/PokeAPI/sprites/master/sprites/pokemon/334.png,334,0
337,ルナトーン,Rock,Psychic,90,55,65,95,85,70,https://raw.githubusercontent.com/PokeAPI/sprites/master/sprites/pokemon/337.png,337,0
338,ソルロック,Rock,Psychic,90,95,85,55,65,70,https://raw.githubusercontent.com/PokeAPI/sprites/master/sprites/pokemon/338.png,338,0
339,ドジョッチ,Water,Ground,50,48,43,46,41,60,https://raw.githubusercontent.com/PokeAPI/sprites/master/sprites/pokemon/339.png,339,1
340,ナマズン,Water,Ground,110,78,73,76,71,60,https://raw.githubusercontent.com/PokeAPI/sprites/master/sprites/pokemon/340.png,340,0
341,ヘイガニ,Water,,43,80,65,50,35,35,https://raw.githubusercontent.com/PokeAPI/sprites/master/sprites/pokemon/341.png,341,1
342,シザリガー,Water,Dark,63,120,85,90,55,55,https://raw.githubusercontent.com/PokeAPI/sprites/master/sprites/pokemon/342.png,342,0
343,ヤジロン,Ground,Psychic,40,40,55,40,70,55,https://raw.githubusercontent.com/PokeAPI/sprites/master/sprites/pokemon/343.png,343,1
344,ネンドール,Ground,Psychic,60,70,105,70,120,75,https://raw.githubusercontent.com/PokeAPI/sprites/master/sprites/pokemon/344.png,344,0
345,リリーラ,Rock,Grass,66,41,77,61,87,23,https://raw.githubusercontent.com/PokeAPI/sprites/master/sprites/pokemon/345.png,345,1
346,ユレイドル,Rock,Grass,86,81,97,81,107,43,https://raw.githubusercontent.com/PokeAPI/sprites/master/sprites/pokemon/346.png,346,0
347,アノプス,Rock,Bug,45,95,50,40,50,75,https://raw.githubusercontent.com/PokeAPI/sprites/master/sprites/pokemon/347.png,347,1
348,アーマルド,Rock,Bug,75,125,100,70,80,45,https://raw.githubusercontent.com/PokeAPI/sprites/master/sprites/pokemon/348.png,348,0
349,ヒンバス,Water,,20,15,20,10,55,80,https://raw.githubusercontent.com/PokeAPI/sprites/master/sprites/pokemon/349.png,349,1
350,ミロカロス,Water,,95,60,79,100,125,81,https://raw.githubusercontent.com/PokeAPI/sprites/master/sprites/pokemon/350.png,350,0
355,ヨマワル,Ghost,,20,40,90,30,90,25,https://raw.githubusercontent.com/PokeAPI/sprites/master/sprites/pokemon/355.png,355,1
356,サマヨール,Ghost,,40,70,130,60,130,25,https://raw.githubusercontent.com/PokeAPI/sprites/master/sprites/pokemon/356.png,356,1
359,アブソル,Dark,,65,130,60,75,60,75,https://raw.githubusercontent.com/PokeAPI/sprites/master/sprites/pokemon/359.png,359,0
360,ソーナノ,Psychic,,95,23,48,23,48,23,https://raw.githubusercontent.com/PokeAPI/sprites/master/sprites/pokemon/360.png,360,1
361,ユキワラシ,Ice,,50,50,50,50,50,50,https://raw.githubusercontent.com/PokeAPI/sprites/master/sprites/pokemon/361.png,361,1
362,オニゴーリ,Ice,,80,80,80,80,80,80,https://raw.githubusercontent.com/PokeAPI/sprites/master/sprites/pokemon/362.png,362,0
363,タマザラシ,Ice,Water,70,40,50,55,50,25,https://raw.githubusercontent.com/PokeAPI/sprites/master/sprites/pokemon/363.png,363,1
364,トドグラー,Ice,Water,90,60,70,75,70,45,https://raw.githubusercontent.com/PokeAPI/sprites/master/sprites/pokemon/364.png,364,1
365,トドゼルガ,Ice,Water,110,80,90,95,90,65,https://raw.githubusercontent.com/PokeAPI/sprites/master/sprites/pokemon/365.png,365,0
369,ジーランス,Water,Rock,100,90,130,45,65,55,https://raw.githubusercontent.com/PokeAPI/sprites/master/sprites/pokemon/369.png,369,0
371,タツベイ,Dragon,,45,75,60,40,30,50,https://raw.githubusercontent.com/PokeAPI/sprites/master/sprites/pokemon/371.png,371,1
372,コモルー,Dragon,,65,95,100,60,50,50,https://raw.githubusercontent.com/PokeAPI/sprites/master/sprites/pokemon/372.png,372,1
373,ボーマンダ,Dragon,Flying,95,135,80,110,80,100,https://raw.githubusercontent.com/PokeAPI/sprites/master/sprites/pokemon/373.png,373,0
374,ダンバル,Steel,Psychic,40,55,80,35,60,30,https://raw.githubusercontent.com/PokeAPI/sprites/master/sprites/pokemon/374.png,374,1
375,メタング,Steel,Psychic,60,75,100,55,80,50,https://raw.githubusercontent.com/PokeAPI/sprites/master/sprites/pokemon/375.png,375,1
376,メタグロス,Steel,Psychic,80,135,130,95,90,70,https://raw.githubusercontent.com/PokeAPI/sprites/master/sprites/pokemon/376.png,376,0
377,レジロック,Rock,,80,100,200,50,100,50,https://raw.githubusercontent.com/PokeAPI/sprites/master/sprites/pokemon/377.png,377,0
378,レジアイス,Ice,,80,50,100,100,200,50,https://raw.githubusercontent.com/PokeAPI/sprites/master/sprites/pokemon/378.png,378,0
379,レジスチル,Steel,,80,75,150,75,150,50,https://raw.githubusercontent.com/PokeAPI/sprites/master/sprites/pokemon/379.png,379,0
380,ラティアス,Dragon,Psychic,80,80,90,110,130,110,https://raw.githubusercontent.com/PokeAPI/sprites/master/sprites/pokemon/380.png,380,0
381,ラティオス,Dragon,Psychic,80,90,80,130,110,110,https://raw.githubusercontent.com/PokeAPI/sprites/master/sprites/pokemon/381.png,381,0
382,カイオーガ,Water,,100,100,90,150,140,90,https://raw.githubusercontent.com/PokeAPI/sprites/master/sprites/pokemon/382.png,382,0
383,グラードン,Ground,,100,150,140,100,90,90,https://raw.githubusercontent.com/PokeAPI/sprites/master/sprites/pokemon/383.png,383,0
384,レックウザ,Dragon,Flying,105,150,90,150,90,95,https://raw.githubusercontent.com/PokeAPI/sprites/master/sprites/pokemon/384.png,384,0
385,ジラーチ,Steel,Psychic,100,100,100,100,100,100,https://raw.githubusercontent.com/PokeAPI/sprites/master/sprites/pokemon/385.png,385,0
403,コリンク,Electric,,45,65,34,40,34,45,https://raw.githubusercontent.com/PokeAPI/sprites/master/sprites/pokemon/403.png,403,1
404,ルクシオ,Electric,,60,85,49,60,49,60,https://raw.githubusercontent.com/PokeAPI/sprites/master/sprites/pokemon/404.png,404,1
405,レントラー,Electric,,80,120,79,95,79,70,https://raw.githubusercontent.com/PokeAPI/sprites/master/sprites/pokemon/405.png,405,0
406,スボミー,Grass,Poison,40,30,35,50,70,55,https://raw.githubusercontent.com/PokeAPI/sprites/master/sprites/pokemon/406.png,406,1
407,ロズレイド,Grass,Poison,60,70,65,125,105,90,https://raw.githubusercontent.com/PokeAPI/sprites/master/sprites/pokemon/407.png,407,0
415,ミツハニー,Bug,Flying,30,30,42,30,42,70,https://raw.githubusercontent.com/PokeAPI/sprites/master/sprites/pokemon/415.png,415,1
416,ビークイン,Bug,Flying,70,80,102,80,102,40,https://raw.githubusercontent.com/PokeAPI/sprites/master/sprites/pokemon/416.png,416,0
420,チェリンボ,Grass,,45,35,45,62,53,35,https://raw.githubusercontent.com/PokeAPI/sprites/master/sprites/pokemon/420.png,420,1
421,チェリム,Grass,,70,60,70,87,78,85,https://raw.githubusercontent.com/PokeAPI/sprites/master/sprites/pokemon/421.png,421,0
422,カラナクシ,Water,,76,48,48,57,62,34,https://raw.githubusercontent.com/PokeAPI/sprites/master/sprites/pokemon/422.png,422,1
423,トリトドン,Water,Ground,111,83,68,92,82,39,https://raw.githubusercontent.com/PokeAPI/sprites/master/sprites/pokemon/423.png,423,0
425,フワンテ,Ghost,Flying,90,50,34,60,44,70,https://raw.githubusercontent.com/PokeAPI/sprites/master/sprites/pokemon/425.png,425,1
426,フワライド,Ghost,Flying,150,80,44,90,54,80,https://raw.githubusercontent.com/PokeAPI/sprites/master/sprites/pokemon/426.png,426,0
427,ミミロル,Normal,,55,66,44,44,56,85,https://raw.githubusercontent.com/PokeAPI/sprites/master/sprites/pokemon/427.png,427,1
428,ミミロップ,Normal,,65,76,84,54,96,105,https://raw.githubusercontent.com/PokeAPI/sprites/master/sprites/pokemon/428.png,428,0
434,スカンプー,Poison,Dark,63,63,47,41,41,74,https://raw.githubusercontent.com/PokeAPI/sprites/master/sprites/pokemon/434.png,434,1
435,スカタンク,Poison,Dark,103,93,67,71,61,84,https://raw.githubusercontent.com/PokeAPI/sprites/master/sprites/pokemon/435.png,435,0
436,ドーミラー,Steel,Psychic,57,24,86,24,86,23,https://raw.githubusercontent.com/PokeAPI/sprites/master/sprites/pokemon/436.png,436,1
437,ドータクン,Steel,Psychic,67,89,116,79,116,33,https://raw.githubusercontent.com/PokeAPI/sprites/master/sprites/pokemon/437.png,437,0
438,ウソハチ,Rock,,50,80,95,10,45,10,https://raw.githubusercontent.com/PokeAPI/sprites/master/sprites/pokemon/438.png,438,1
439,マネネ,Psychic,Fairy,20,25,45,70,90,60,https://raw.githubusercontent.com/PokeAPI/sprites/master/sprites/pokemon/439.png,439,1
440,ピンプク,Normal,,100,5,5,15,65,30,https://raw.githubusercontent.com/PokeAPI/sprites/master/sprites/pokemon/440.png,440,1
442,ミカルゲ,Ghost,Dark,50,92,108,92,108,35,https://raw.githubusercontent.com/PokeAPI/sprites/master/sprites/pokemon/442.png,442,0
443,フカマル,Dragon,Ground,58,70,45,40,45,42,https://raw.githubusercontent.com/PokeAPI/sprites/master/sprites/pokemon/443.png,443,1
444,ガバイト,Dragon,Ground,68,90,65,50,55,82,https://raw.githubusercontent.com/PokeAPI/sprites/master/sprites/pokemon/444.png,444,1
445,ガブリアス,Dragon,Ground,108,130,95,80,85,102,https://raw.githubusercontent.com/PokeAPI/sprites/master/sprites/pokemon/445.png,445,0
446,ゴンベ,Normal,,135,85,40,40,85,5,https://raw.githubusercontent.com/PokeAPI/sprites/master/sprites/pokemon/446.png,446,1
447,リオル,Fighting,,40,70,40,35,40,60,https://raw.githubusercontent.com/PokeAPI/sprites/master/sprites/pokemon/447.png,447,1
448,ルカリオ,Fighting,Steel,70,110,70,115,70,90,https://raw.githubusercontent.com/PokeAPI/sprites/master/sprites/pokemon/448.png,448,0
449,ヒポポタス,Ground,,68,72,78,38,42,32,https://raw.githubusercontent.com/PokeAPI/sprites/master/sprites/pokemon/449.png,449,1
450,カバルドン,Ground,,108,112,118,68,72,47,https://raw.githubusercontent.com/PokeAPI/sprites/master/sprites/pokemon/450.png,450,0
451,スコルピ,Poison,Bug,40,50,90,30,55,65,https://raw.githubusercontent.com/PokeAPI/sprites/master/sprites/pokemon/451.png,451,1
452,ドラピオン,Poison,Dark,70,90,110,60,75,95,https://raw.githubusercontent.com/PokeAPI/sprites/master/sprites/pokemon/452.png,452,0
453,グレッグル,Poison,Fighting,48,61,40,61,40,50,https://raw.githubusercontent.com/PokeAPI/sprites/master/sprites/pokemon/453.png,453,1
454,ドクロッグ,Poison,Fighting,83,106,65,86,65,85,https://raw.githubusercontent.com/PokeAPI/sprites/master/sprites/pokemon/454.png,454,0
458,タマンタ,Water,Flying,45,20,50,60,120,50,https://raw.githubusercontent.com/PokeAPI/sprites/master/sprites/pokemon/458.png,458,1
459,ユキカブリ,Grass,Ice,60,62,50,62,60,40,https://raw.githubusercontent.com/PokeAPI/sprites/master/sprites/pokemon/459.png,459,1
460,ユキノオー,Grass,Ice,90,92,75,92,85,60,https://raw.githubusercontent.com/PokeAPI/sprites/master/sprites/pokemon/460.png,460,0
461,マニューラ,Dark,Ice,70,120,65,45,85,125,https://raw.githubusercontent.com/PokeAPI/sprites/master/sprites/pokemon/461.png,461,0
462,ジバコイル,Electric,Steel,70,70,115,130,90,60,https://raw.githubusercontent.com/PokeAPI/sprites/master/sprites/pokemon/462.png,462,0
463,ベロベルト,Normal,,110,85,95,80,95,50,https://raw.githubusercontent.com/PokeAPI/sprites/master/sprites/pokemon/463.png,463,0
464,ドサイドン,Ground,Rock,115,140,130,55,55,40,https://raw.githubusercontent.com/PokeAPI/sprites/master/sprites/pokemon/464.png,464,0
465,モジャンボ,Grass,,100,100,125,110,50,50,https://raw.githubusercontent.com/PokeAPI/sprites/master/sprites/pokemon/465.png,465,0
466,エレキブル,Electric,,75,123,67,95,85,95,https://raw.githubusercontent.com/PokeAPI/sprites/master/sprites/pokemon/466.png,466,0
467,ブーバーン,Fire,,75,95,67,125,95,83,https://raw.githubusercontent.com/PokeAPI/sprites/master/sprites/pokemon/467.png,467,0
468,トゲキッス,Fairy,Flying,85,50,95,120,115,80,https://raw.githubusercontent.com/PokeAPI/sprites/master/sprites/pokemon/468.png,468,0
470,リーフィア,Grass,,65,110,130,60,65,95,https://raw.githubusercontent.com/PokeAPI/sprites/master/sprites/pokemon/470.png,470,0
471,グレイシア,Ice,,65,60,110,130,95,65,https://raw.githubusercontent.com/PokeAPI/sprites/master/sprites/pokemon/471.png,471,0
473,マンムー,Ice,Ground,110,130,80,70,60,80,https://raw.githubusercontent.com/PokeAPI/sprites/master/sprites/pokemon/473.png,473,0
474,ポリゴンＺ,Normal,,85,80,70,135,75,90,https://raw.githubusercontent.com/PokeAPI/sprites/master/sprites/pokemon/474.png,474,0
475,エルレイド,Psychic,Fighting,68,125,65,65,115,80,https://raw.githubusercontent.com/PokeAPI/sprites/master/sprites/pokemon/475.png,475,0
477,ヨノワール,Ghost,,45,100,135,65,135,45,https://raw.githubusercontent.com/PokeAPI/sprites/master/sprites/pokemon/477.png,477,0
478,ユキメノコ,Ice,Ghost,70,80,70,80,70,110,https://raw.githubusercontent.com/PokeAPI/sprites/master/sprites/pokemon/478.png,478,0
479,ロトム,Electric,Ghost,50,50,77,95,77,91,https://raw.githubusercontent.com/PokeAPI/sprites/master/sprites/pokemon/479.png,479,0
480,ユクシー,Psychic,,75,75,130,75,130,95,https://raw.githubusercontent.com/PokeAPI/sprites/master/sprites/pokemon/480.png,480,0
481,エムリット,Psychic,,80,105,105,105,105,80,https://raw.githubusercontent.com/PokeAPI/sprites/master/sprites/pokemon/481.png,481,0
482,アグノム,Psychic,,75,125,70,125,70,115,https://raw.githubusercontent.com/PokeAPI/sprites/master/sprites/pokemon/482.png,482,0
483,ディアルガ,Steel,Dragon,100,120,120,150,100,90,https://raw.githubusercontent.com/PokeAPI/sprites/master/sprites/pokemon/483.png,483,0
484,パルキア,Water,Dragon,90,120,100,150,120,100,https://raw.githubusercontent.com/PokeAPI/sprites/master/sprites/pokemon/484.png,484,0
485,ヒードラン,Fire,Steel,91,90,106,130,106,77,https://raw.githubusercontent.com/PokeAPI/sprites/master/sprites/pokemon/485.png,485,0
486,レジギガス,Normal,,110,160,110,80,110,100,https://raw.githubusercontent.com/PokeAPI/sprites/master/sprites/pokemon/486.png,486,0
487,ギラティナ,Ghost,Dragon,150,100,120,100,120,90,https://raw.githubusercontent.com/PokeAPI/sprites/master/sprites/pokemon/487.png,487,0
488,クレセリア,Psychic,,120,70,110,75,120,85,https://raw.githubusercontent.com/PokeAPI/sprites/master/sprites/pokemon/488.png,488,0
494,ビクティニ,Psychic,Fire,100,100,100,100,100,100,https://raw.githubusercontent.com/PokeAPI/sprites/master/sprites/pokemon/494.png,494,0
506,ヨーテリー,Normal,,45,60,45,25,45,55,https://raw.githubusercontent.com/PokeAPI/sprites/master/sprites/pokemon/506.png,506,1
507,ハーデリア,Normal,,65,80,65,35,65,60,https://raw.githubusercontent.com/PokeAPI/sprites/master/sprites/pokemon/507.png,507,1
508,ムーランド,Normal,,85,110,90,45,90,80,https://raw.githubusercontent.com/PokeAPI/sprites/master/sprites/pokemon/508.png,508,0
509,チョロネコ,Dark,,41,50,37,50,37,66,https://raw.githubusercontent.com/PokeAPI/sprites/master/sprites/pokemon/509.png,509,1
510,レパルダス,Dark,,64,88,50,88,50,106,https://raw.githubusercontent.com/PokeAPI/sprites/master/sprites/pokemon/510.png,510,0
517,ムンナ,Psychic,,76,25,45,67,55,24,https://raw.githubusercontent.com/PokeAPI/sprites/master/sprites/pokemon/517.png,517,1
518,ムシャーナ,Psychic,,116,55,85,107,95,29,https://raw.githubusercontent.com/PokeAPI/sprites/master/sprites/pokemon/518.png,518,0
519,マメパト,Normal,Flying,50,55,50,36,30,43,https://raw.githubusercontent.com/PokeAPI/sprites/master/sprites/pokemon/519.png,519,1
520,ハトーボー,Normal,Flying,62,77,62,50,42,65,https://raw.githubusercontent.com/PokeAPI/sprites/master/sprites/pokemon/520.png,520,1
521,ケンホロウ,Normal,Flying,80,115,80,65,55,93,https://raw.githubusercontent.com/PokeAPI/sprites/master/sprites/pokemon/521.png,521,0
524,ダンゴロ,Rock,,55,75,85,25,25,15,https://raw.githubusercontent.com/PokeAPI/sprites/master/sprites/pokemon/524.png,524,1
525,ガントル,Rock,,70,105,105,50,40,20,https://raw.githubusercontent.com/PokeAPI/sprites/master/sprites/pokemon/525.png,525,1
526,ギガイアス,Rock,,85,135,130,60,80,25,https://raw.githubusercontent.com/PokeAPI/sprites/master/sprites/pokemon/526.png,526,0
527,コロモリ,Psychic,Flying,65,45,43,55,43,72,https://raw.githubusercontent.com/PokeAPI/sprites/master/sprites/pokemon/527.png,527,1
528,ココロモリ,Psychic,Flying,67,57,55,77,55,114,https://raw.githubusercontent.com/PokeAPI/sprites/master/sprites/pokemon/528.png,528,0
529,モグリュー,Ground,,60,85,40,30,45,68,https://raw.githubusercontent.com/PokeAPI/sprites/master/sprites/pokemon/529.png,529,1
530,ドリュウズ,Ground,Steel,110,135,60,50,65,88,https://raw.githubusercontent.com/PokeAPI/sprites/master/sprites/pokemon/530.png,530,0
531,タブンネ,Normal,,103,60,86,60,86,50,https://raw.githubusercontent.com/PokeAPI/sprites/master/sprites/pokemon/531.png,531,0
532,ドッコラー,Fighting,,75,80,55,25,35,35,https://raw.githubusercontent.com/PokeAPI/sprites/master/sprites/pokemon/532.png,532,1
533,ドテッコツ,Fighting,,85,105,85,40,50,40,https://raw.githubusercontent.com/PokeAPI/sprites/master/sprites/pokemon/533.png,533,1
534,ローブシン,Fighting,,105,140,95,55,65,45,https://raw.githubusercontent.com/PokeAPI/sprites/master/sprites/pokemon/534.png,534,0
535,オタマロ,Water,,50,50,40,50,40,64,https://raw.githubusercontent.com/PokeAPI/sprites/master/sprites/pokemon/535.png,535,1
536,ガマガル,Water,Ground,75,65,55,65,55,69,https://raw.githubusercontent.com/PokeAPI/sprites/master/sprites/pokemon/536.png,536,1
537,ガマゲロゲ,Water,Ground,105,95,75,85,75,74,https://raw.githubusercontent.com/PokeAPI/sprites/master/sprites/pokemon/537.png,537,0
538,ナゲキ,Fighting,,120,100,85,30,85,45,https://raw.githubusercontent.com/PokeAPI/sprites/master/sprites/pokemon/538.png,538,0
539,ダゲキ,Fighting,,75,125,75,30,75,85,https://raw.githubusercontent.com/PokeAPI/sprites/master/sprites/pokemon/539.png,539,0
543,フシデ,Bug,Poison,30,45,59,30,39,57,https://raw.githubusercontent.com/PokeAPI/sprites/master/sprites/pokemon/543.png,543,1
544,ホイーガ,Bug,Poison,40,55,99,40,79,47,https://raw.githubusercontent.com/PokeAPI/sprites/master/sprites/pokemon/544.png,544,1
545,ペンドラー,Bug,Poison,60,100,89,55,69,112,https://raw.githubusercontent.com/PokeAPI/sprites/master/sprites/pokemon/545.png,545,0
546,モンメン,Grass,Fairy,40,27,60,37,50,66,https://raw.githubusercontent.com/PokeAPI/sprites/master/sprites/pokemon/546.png,546,1
547,エルフーン,Grass,Fairy,60,67,85,77,75,116,https://raw.githubusercontent.com/PokeAPI/sprites/master/sprites/pokemon/547.png,547,0
548,チュリネ,Grass,,45,35,50,70,50,30,https://raw.githubusercontent.com/PokeAPI/sprites/master/sprites/pokemon/548.png,548,1
549,ドレディア,Grass,,70,60,75,110,75,90,https://raw.githubusercontent.com/PokeAPI/sprites/master/sprites/pokemon/549.png,549,0
550,バスラオ,Water,,70,92,65,80,55,98,https://raw.githubusercontent.com/PokeAPI/sprites/master/sprites/pokemon/550.png,550,1
551,メグロコ,Ground,Dark,50,72,35,35,35,65,https://raw.githubusercontent.com/PokeAPI/sprites/master/sprites/pokemon/551.png,551,1
552,ワルビル,Ground,Dark,60,82,45,45,45,74,https://raw.githubusercontent.com/PokeAPI/sprites/master/sprites/pokemon/552.png,552,1
553,ワルビアル,Ground,Dark,95,117,80,65,70,92,https://raw.githubusercontent.com/PokeAPI/sprites/master/sprites/pokemon/553.png,553,0
554,ダルマッカ,Fire,,70,90,45,15,45,50,https://raw.githubusercontent.com/PokeAPI/sprites/master/sprites/pokemon/554.png,554,1
555,ヒヒダルマ,Fire,,105,140,55,30,55,95,https://raw.githubusercontent.com/PokeAPI/sprites/master/sprites/pokemon/555.png,555,0
556,マラカッチ,Grass,,75,86,67,106,67,60,https://raw.githubusercontent.com/PokeAPI/sprites/master/sprites/pokemon/556.png,556,0
557,イシズマイ,Bug,Rock,50,65,85,35,35,55,https://raw.githubusercontent.com/PokeAPI/sprites/master/sprites/pokemon/557.png,557,1
558,イワパレス,Bug,Rock,70,105,125,65,75,45,https://raw.githubusercontent.com/PokeAPI/sprites/master/sprites/pokemon/558.png,558,0
559,ズルッグ,Dark,Fighting,50,75,70,35,70,48,https://raw.githubusercontent.com/PokeAPI/sprites/master/sprites/pokemon/559.png,559,1
560,ズルズキン,Dark,Fighting,65,90,115,45,115,58,https://raw.githubusercontent.com/PokeAPI/sprites/master/sprites/pokemon/560.png,560,0
561,シンボラー,Psychic,Flying,72,58,80,103,80,97,https://raw.githubusercontent.com/PokeAPI/sprites/master/sprites/pokemon/561.png,561,0
562,デスマス,Ghost,,38,30,85,55,65,30,https://raw.githubusercontent.com/PokeAPI/sprites/master/sprites/pokemon/562.png,562,1
563,デスカーン,Ghost,,58,50,145,95,105,30,https://raw.githubusercontent.com/PokeAPI/sprites/master/sprites/pokemon/563.png,563,0
564,プロトーガ,Water,Rock,54,78,103,53,45,22,https://raw.githubusercontent.com/PokeAPI/sprites/master/sprites/pokemon/564.png,564,1
565,アバゴーラ,Water,Rock,74,108,133,83,65,32,https://raw.githubusercontent.com/PokeAPI/sprites/master/sprites/pokemon/565.png,565,0
566,アーケン,Rock,Flying,55,112,45,74,45,70,https://raw.githubusercontent.com/PokeAPI/sprites/master/sprites/pokemon/566.png,566,1
567,アーケオス,Rock,Flying,75,140,65,112,65,110,https://raw.githubusercontent.com/PokeAPI/sprites/master/sprites/pokemon/567.png,567,0
568,ヤブクロン,Poison,,50,50,62,40,62,65,https://raw.githubusercontent.com/PokeAPI/sprites/master/sprites/pokemon/568.png,568,1
569,ダストダス,Poison,,80,95,82,60,82,75,https://raw.githubusercontent.com/PokeAPI/sprites/master/sprites/pokemon/569.png,569,0
570,ゾロア,Dark,,40,65,40,80,40,65,https://raw.githubusercontent.com/PokeAPI/sprites/master/sprites/pokemon/570.png,570,1
571,ゾロアーク,Dark,,60,105,60,120,60,105,https://raw.githubusercontent.com/PokeAPI/sprites/master/sprites/pokemon/571.png,571,0
572,チラーミィ,Normal,,55,50,40,40,40,75,https://raw.githubusercontent.com/PokeAPI/sprites/master/sprites/pokemon/572.png,572,1
573,チラチーノ,Normal,,75,95,60,65,60,115,https://raw.githubusercontent.com/PokeAPI/sprites/master/sprites/pokemon/573.png,573,0
574,ゴチム,Psychic,,45,30,50,55,65,45,https://raw.githubusercontent.com/PokeAPI/sprites/master/sprites/pokemon/574.png,574,1
575,ゴチミル,Psychic,,60,45,70,75,85,55,https://raw.githubusercontent.com/PokeAPI/sprites/master/sprites/pokemon/575.png,575,1
576,ゴチルゼル,Psychic,,70,55,95,95,110,65,https://raw.githubusercontent.com/PokeAPI/sprites/master/sprites/pokemon/576.png,576,0
577,ユニラン,Psychic,,45,30,40,105,50,20,https://raw.githubusercontent.com/PokeAPI/sprites/master/sprites/pokemon/577.png,577,1
578,ダブラン,Psychic,,65,40,50,125,60,30,https://raw.githubusercontent.com/PokeAPI/sprites/master/sprites/pokemon/578.png,578,1
579,ランクルス,Psychic,,110,65,75,125,85,30,https://raw.githubusercontent.com/PokeAPI/sprites/master/sprites/pokemon/579.png,579,0
582,バニプッチ,Ice,,36,50,50,65,60,44,https://raw.githubusercontent.com/PokeAPI/sprites/master/sprites/pokemon/582.png,582,1
583,バニリッチ,Ice,,51,65,65,80,75,59,https://raw.githubusercontent.com/PokeAPI/sprites/master/sprites/pokemon/583.png,583,1
584,バイバニラ,Ice,,71,95,85,110,95,79,https://raw.githubusercontent.com/PokeAPI/sprites/master/sprites/pokemon/584.png,584,0
587,エモンガ,Electric,Flying,55,75,60,75,60,103,https://raw.githubusercontent.com/PokeAPI/sprites/master/sprites/pokemon/587.png,587,0
588,カブルモ,Bug,,50,75,45,40,45,60,https://raw.githubusercontent.com/PokeAPI/sprites/master/sprites/pokemon/588.png,588,1
589,シュバルゴ,Bug,Steel,70,135,105,60,105,20,https://raw.githubusercontent.com/PokeAPI/sprites/master/sprites/pokemon/589.png,589,0
590,タマゲタケ,Grass,Poison,69,55,45,55,55,15,https://raw.githubusercontent.com/PokeAPI/sprites/master/sprites/pokemon/590.png,590,1
591,モロバレル,Grass,Poison,114,85,70,85,80,30,https://raw.githubusercontent.com/PokeAPI/sprites/master/sprites/pokemon/591.png,591,0
592,プルリル,Water,Ghost,55,40,50,65,85,40,https://raw.githubusercontent.com/PokeAPI/sprites/master/sprites/pokemon/592.png,592,1
593,ブルンゲル,Water,Ghost,100,60,70,85,105,60,https://raw.githubusercontent.com/PokeAPI/sprites/master/sprites/pokemon/593.png,593,0
595,バチュル,Bug,Electric,50,47,50,57,50,65,https://raw.githubusercontent.com/PokeAPI/sprites/master/sprites/pokemon/595.png,595,1
596,デンチュラ,Bug,Electric,70,77,60,97,60,108,https://raw.githubusercontent.com/PokeAPI/sprites/master/sprites/pokemon/596.png,596,0
597,テッシード,Grass,Steel,44,50,91,24,86,10,https://raw.githubusercontent.com/PokeAPI/sprites/master/sprites/pokemon/597.png,597,1
598,ナットレイ,Grass,Steel,74,94,131,54,116,20,https://raw.githubusercontent.com/PokeAPI/sprites/master/sprites/pokemon/598.png,598,0
599,ギアル,Steel,,40,55,70,45,60,30,https://raw.githubusercontent.com/PokeAPI/sprites/master/sprites/pokemon/599.png,599,1
600,ギギアル,Steel,,60,80,95,70,85,50,https://raw.githubusercontent.com/PokeAPI/sprites/master/sprites/pokemon/600.png,600,1
601,ギギギアル,Steel,,60,100,115,70,85,90,https://raw.githubusercontent.com/PokeAPI/sprites/master/sprites/pokemon/601.png,601,0
605,リグレー,Psychic,,55,55,55,85,55,30,https://raw.githubusercontent.com/PokeAPI/sprites/master/sprites/pokemon/605.png,605,1
606,オーベム,Psychic,,75,75,75,125,95,40,https://raw.githubusercontent.com/PokeAPI/sprites/master/sprites/pokemon/606.png,606,0
607,ヒトモシ,Ghost,Fire,50,30,55,65,55,20,https://raw.githubusercontent.com/PokeAPI/sprites/master/sprites/pokemon/607.png,607,1
608,ランプラー,Ghost,Fire,60,40,60,95,60,55,https://raw.githubusercontent.com/PokeAPI/sprites/master/sprites/pokemon/608.png,608,1
609,シャンデラ,Ghost,Fire,60,55,90,145,90,80,https://raw.githubusercontent.com/PokeAPI/sprites/master/sprites/pokemon/609.png,609,0
610,キバゴ,Dragon,,46,87,60,30,40,57,https://raw.githubusercontent.com/PokeAPI/sprites/master/sprites/pokemon/610.png,610,1
611,オノンド,Dragon,,66,117,70,40,50,67,https://raw.githubusercontent.com/PokeAPI/sprites/master/sprites/pokemon/611.png,611,1
612,オノノクス,Dragon,,76,147,90,60,70,97,https://raw.githubusercontent.com/PokeAPI/sprites/master/sprites/pokemon/612.png,612,0
613,クマシュン,Ice,,55,70,40,60,40,40,https://raw.githubusercontent.com/PokeAPI/sprites/master/sprites/pokemon/613.png,613,1
614,ツンベアー,Ice,,95,130,80,70,80,50,https://raw.githubusercontent.com/PokeAPI/sprites/master/sprites/pokemon/614.png,614,0
615,フリージオ,Ice,,80,50,50,95,135,105,https://raw.githubusercontent.com/PokeAPI/sprites/master/sprites/pokemon/615.png,615,0
616,チョボマキ,Bug,,50,40,85,40,65,25,https://raw.githubusercontent.com/PokeAPI/sprites/master/sprites/pokemon/616.png,616,1
617,アギルダー,Bug,,80,70,40,100,60,145,https://raw.githubusercontent.com/PokeAPI/sprites/master/sprites/pokemon/617.png,617,0
618,マッギョ,Ground,Electric,109,66,84,81,99,32,https://raw.githubusercontent.com/PokeAPI/sprites/master/sprites/pokemon/618.png,618,0
619,コジョフー,Fighting,,45,85,50,55,50,65,https://raw.githubusercontent.com/PokeAPI/sprites/master/sprites/pokemon/619.png,619,1
620,コジョンド,Fighting,,65,125,60,95,60,105,https://raw.githubusercontent.com/PokeAPI/sprites/master/sprites/pokemon/620.png,620,0
621,クリムガン,Dragon,,77,120,90,60,90,48,https://raw.githubusercontent.com/PokeAPI/sprites/master/sprites/pokemon/621.png,621,0
622,ゴビット,Ground,Ghost,59,74,50,35,50,35,https://raw.githubusercontent.com/PokeAPI/sprites/master/sprites/pokemon/622.png,622,1
623,ゴルーグ,Ground,Ghost,89,124,80,55,80,55,https://raw.githubusercontent.com/PokeAPI/sprites/master/sprites/pokemon/623.png,623,0
624,コマタナ,Dark,Steel,45,85,70,40,40,60,https://raw.githubusercontent.com/PokeAPI/sprites/master/sprites/pokemon/624.png,624,1
625,キリキザン,Dark,Steel,65,125,100,60,70,70,https://raw.githubusercontent.com/PokeAPI/sprites/master/sprites/pokemon/625.png,625,1
626,バッフロン,Normal,,95,110,95,40,95,55,https://raw.githubusercontent.com/PokeAPI/sprites/master/sprites/pokemon/626.png,626,0
627,ワシボン,Normal,Flying,70,83,50,37,50,60,https://raw.githubusercontent.com/PokeAPI/sprites/master/sprites/pokemon/627.png,627,1
628,ウォーグル,Normal,Flying,100,123,75,57,75,80,https://raw.githubusercontent.com/PokeAPI/sprites/master/sprites/pokemon/628.png,628,0
629,バルチャイ,Dark,Flying,70,55,75,45,65,60,https://raw.githubusercontent.com/PokeAPI/sprites/master/sprites/pokemon/629.png,629,1
630,バルジーナ,Dark,Flying,110,65,105,55,95,80,https://raw.githubusercontent.com/PokeAPI/sprites/master/sprites/pokemon/630.png,630,0
631,クイタラン,Fire,,85,97,66,105,66,65,https://raw.githubusercontent.com/PokeAPI/sprites/master/sprites/pokemon/631.png,631,0
632,アイアント,Bug,Steel,58,109,112,48,48,109,https://raw.githubusercontent.com/PokeAPI/sprites/master/sprites/pokemon/632.png,632,0
633,モノズ,Dark,Dragon,52,65,50,45,50,38,https://raw.githubusercontent.com/PokeAPI/sprites/master/sprites/pokemon/633.png,633,1
634,ジヘッド,Dark,Dragon,72,85,70,65,70,58,https://raw.githubusercontent.com/PokeAPI/sprites/master/sprites/pokemon/634.png,634,1
635,サザンドラ,Dark,Dragon,92,105,90,125,90,98,https://raw.githubusercontent.com/PokeAPI/sprites/master/sprites/pokemon/635.png,635,0
636,メラルバ,Bug,Fire,55,85,55,50,55,60,https://raw.githubusercontent.com/PokeAPI/sprites/master/sprites/pokemon/636.png,636,1
637,ウルガモス,Bug,Fire,85,60,65,135,105,100,https://raw.githubusercontent.com/PokeAPI/sprites/master/sprites/pokemon/637.png,637,0
638,コバルオン,Steel,Fighting,91,90,129,90,72,108,https://raw.githubusercontent.com/PokeAPI/sprites/master/sprites/pokemon/638.png,638,0
639,テラキオン,Rock,Fighting,91,129,90,72,90,108,https://raw.githubusercontent.com/PokeAPI/sprites/master/sprites/pokemon/639.png,639,0
640,ビリジオン,Grass,Fighting,91,90,72,90,129,108,https://raw.githubusercontent.com/PokeAPI/sprites/master/sprites/pokemon/640.png,640,0
641,トルネロス,Flying,,79,115,70,125,80,111,https://raw.githubusercontent.com/PokeAPI/sprites/master/sprites/pokemon/641.png,641,0
642,ボルトロス,Electric,Flying,79,115,70,125,80,111,https://raw.githubusercontent.com/PokeAPI/sprites/master/sprites/pokemon/642.png,642,0
643,レシラム,Dragon,Fire,100,120,100,150,120,90,https://raw.githubusercontent.com/PokeAPI/sprites/master/sprites/pokemon/643.png,643,0
644,ゼクロム,Dragon,Electric,100,150,120,120,100,90,https://raw.githubusercontent.com/PokeAPI/sprites/master/sprites/pokemon/644.png,644,0
645,ランドロス,Ground,Flying,89,125,90,115,80,101,https://raw.githubusercontent.com/PokeAPI/sprites/master/sprites/pokemon/645.png,645,0
646,キュレム,Dragon,Ice,125,130,90,130,90,95,https://raw.githubusercontent.com/PokeAPI/sprites/master/sprites/pokemon/646.png,646,0
647,ケルディオ,Water,Fighting,91,72,90,129,90,108,https://raw.githubusercontent.com/PokeAPI/sprites/master/sprites/pokemon/647.png,647,0
649,ゲノセクト,Bug,Steel,71,120,95,120,95,99,https://raw.githubusercontent.com/PokeAPI/sprites/master/sprites/pokemon/649.png,649,0
659,ホルビー,Normal,,38,36,38,32,36,57,https://raw.githubusercontent.com/PokeAPI/sprites/master/sprites/pokemon/659.png,659,1
660,ホルード,Normal,Ground,85,56,77,50,77,78,https://raw.githubusercontent.com/PokeAPI/sprites/master/sprites/pokemon/660.png,660,0
661,ヤヤコマ,Normal,Flying,45,50,43,40,38,62,https://raw.githubusercontent.com/PokeAPI/sprites/master/sprites/pokemon/661.png,661,1
662,ヒノヤコマ,Fire,Flying,62,73,55,56,52,84,https://raw.githubusercontent.com/PokeAPI/sprites/master/sprites/pokemon/662.png,662,1
663,ファイアロー,Fire,Flying,78,81,71,74,69,126,https://raw.githubusercontent.com/PokeAPI/sprites/master/sprites/pokemon/663.png,663,0
674,ヤンチャム,Fighting,,67,82,62,46,48,43,https://raw.githubusercontent.com/PokeAPI/sprites/master/sprites/pokemon/674.png,674,1
675,ゴロンダ,Fighting,Dark,95,124,78,69,71,58,https://raw.githubusercontent.com/PokeAPI/sprites/master/sprites/pokemon/675.png,675,0
677,ニャスパー,Psychic,,62,48,54,63,60,68,https://raw.githubusercontent.com/PokeAPI/sprites/master/sprites/pokemon/677.png,677,1
678,ニャオニクス,Psychic,,74,48,76,83,81,104,https://raw.githubusercontent.com/PokeAPI/sprites/master/sprites/pokemon/678.png,678,0
679,ヒトツキ,Steel,Ghost,45,80,100,35,37,28,https://raw.githubusercontent.com/PokeAPI/sprites/master/sprites/pokemon/679.png,679,1
680,ニダンギル,Steel,Ghost,59,110,150,45,49,35,https://raw.githubusercontent.com/PokeAPI/sprites/master/sprites/pokemon/680.png,680,1
681,ギルガルド,Steel,Ghost,60,50,140,50,140,60,https://raw.githubusercontent.com/PokeAPI/sprites/master/sprites/pokemon/681.png,681,0
682,シュシュプ,Fairy,,78,52,60,63,65,23,https://raw.githubusercontent.com/PokeAPI/sprites/master/sprites/pokemon/682.png,682,1
683,フレフワン,Fairy,,101,72,72,99,89,29,https://raw.githubusercontent.com/PokeAPI/sprites/master/sprites/pokemon/683.png,683,0
684,ペロッパフ,Fairy,,62,48,66,59,57,49,https://raw.githubusercontent.com/PokeAPI/sprites/master/sprites/pokemon/684.png,684,1
685,ペロリーム,Fairy,,82,80,86,85,75,72,https://raw.githubusercontent.com/PokeAPI/sprites/master/sprites/pokemon/685.png,685,0
686,マーイーカ,Dark,Psychic,53,54,53,37,46,45,https://raw.githubusercontent.com/PokeAPI/sprites/master/sprites/pokemon/686.png,686,1
687,カラマネロ,Dark,Psychic,86,92,88,68,75,73,https://raw.githubusercontent.com/PokeAPI/sprites/master/sprites/pokemon/687.png,687,0
688,カメテテ,Rock,Water,42,52,67,39,56,50,https://raw.githubusercontent.com/PokeAPI/sprites/master/sprites/pokemon/688.png,688,1
689,ガメノデス,Rock,Water,72,105,115,54,86,68,https://raw.githubusercontent.com/PokeAPI/sprites/master/sprites/pokemon/689.png,689,0
690,クズモー,Poison,Water,50,60,60,60,60,30,https://raw.githubusercontent.com/PokeAPI/sprites/master/sprites/pokemon/690.png,690,1
691,ドラミドロ,Poison,Dragon,65,75,90,97,123,44,https://raw.githubusercontent.com/PokeAPI/sprites/master/sprites/pokemon/691.png,691,0
692,ウデッポウ,Water,,50,53,62,58,63,44,https://raw.githubusercontent.com/PokeAPI/sprites/master/sprites/pokemon/692.png,692,1
693,ブロスター,Water,,71,73,88,120,89,59,https://raw.githubusercontent.com/PokeAPI/sprites/master/sprites/pokemon/693.png,693,0
694,エリキテル,Electric,Normal,44,38,33,61,43,70,https://raw.githubusercontent.com/PokeAPI/sprites/master/sprites/pokemon/694.png,694,1
695,エレザード,Electric,Normal,62,55,52,109,94,109,https://raw.githubusercontent.com/PokeAPI/sprites/master/sprites/pokemon/695.png,695,0
696,チゴラス,Rock,Dragon,58,89,77,45,45,48,https://raw.githubusercontent.com/PokeAPI/sprites/master/sprites/pokemon/696.png,696,1
697,ガチゴラス,Rock,Dragon,82,121,119,69,59,71,https://raw.githubusercontent.com/PokeAPI/sprites/master/sprites/pokemon/697.png,697,0
698,アマルス,Rock,Ice,77,59,50,67,63,46,https://raw.githubusercontent.com/PokeAPI/sprites/master/sprites/pokemon/698.png,698,1
699,アマルルガ,Rock,Ice,123,77,72,99,92,58,https://raw.githubusercontent.com/PokeAPI/sprites/master/sprites/pokemon/699.png,699,0
700,ニンフィア,Fairy,,95,65,65,110,130,60,https://raw.githubusercontent.com/PokeAPI/sprites/master/sprites/pokemon/700.png,700,0
701,ルチャブル,Fighting,Flying,78,92,75,74,63,118,https://raw.githubusercontent.com/PokeAPI/sprites/master/sprites/pokemon/701.png,701,0
702,デデンネ,Electric,Fairy,67,58,57,81,67,101,https://raw.githubusercontent.com/PokeAPI/sprites/master/sprites/pokemon/702.png,702,0
703,メレシー,Rock,Fairy,50,50,150,50,150,50,https://raw.githubusercontent.com/PokeAPI/sprites/master/sprites/pokemon/703.png,703,0
704,ヌメラ,Dragon,,45,50,35,55,75,40,https://raw.githubusercontent.com/PokeAPI/sprites/master/sprites/pokemon/704.png,704,1
705,ヌメイル,Dragon,,68,75,53,83,113,60,https://raw.githubusercontent.com/PokeAPI/sprites/master/sprites/pokemon/705.png,705,1
706,ヌメルゴン,Dragon,,90,100,70,110,150,80,https://raw.githubusercontent.com/PokeAPI/sprites/master/sprites/pokemon/706.png,706,0
707,クレッフィ,Steel,Fairy,57,80,91,80,87,75,https://raw.githubusercontent.com/PokeAPI/sprites/master/sprites/pokemon/707.png,707,0
708,ボクレー,Ghost,Grass,43,70,48,50,60,38,https://raw.githubusercontent.com/PokeAPI/sprites/master/sprites/pokemon/708.png,708,1
709,オーロット,Ghost,Grass,85,110,76,65,82,56,https://raw.githubusercontent.com/PokeAPI/sprites/master/sprites/pokemon/709.png,709,0
710,バケッチャ,Ghost,Grass,49,66,70,44,55,51,https://raw.githubusercontent.com/PokeAPI/sprites/master/sprites/pokemon/710.png,710,1
711,パンプジン,Ghost,Grass,65,90,122,58,75,84,https://raw.githubusercontent.com/PokeAPI/sprites/master/sprites/pokemon/711.png,711,0
712,カチコール,Ice,,55,69,85,32,35,28,https://raw.githubusercontent.com/PokeAPI/sprites/master/sprites/pokemon/712.png,712,1
713,クレベース,Ice,,95,117,184,44,46,28,https://raw.githubusercontent.com/PokeAPI/sprites/master/sprites/pokemon/713.png,713,0
714,オンバット,Flying,Dragon,40,30,35,45,40,55,https://raw.githubusercontent.com/PokeAPI/sprites/master/sprites/pokemon/714.png,714,1
715,オンバーン,Flying,Dragon,85,70,80,97,80,123,https://raw.githubusercontent.com/PokeAPI/sprites/master/sprites/pokemon/715.png,715,0
716,ゼルネアス,Fairy,,126,131,95,131,98,99,https://raw.githubusercontent.com/PokeAPI/sprites/master/sprites/pokemon/716.png,716,0
717,イベルタル,Dark,Flying,126,131,95,131,98,99,https://raw.githubusercontent.com/PokeAPI/sprites/master/sprites/pokemon/717.png,717,0
718,ジガルデ,Dragon,Ground,108,100,121,81,95,95,https://raw.githubusercontent.com/PokeAPI/sprites/master/sprites/pokemon/718.png,718,0
719,ディアンシー,Rock,Fairy,50,100,150,100,150,50,https://raw.githubusercontent.com/PokeAPI/sprites/master/sprites/pokemon/719.png,719,0
721,ボルケニオン,Fire,Water,80,110,120,130,90,70,https://raw.githubusercontent.com/PokeAPI/sprites/master/sprites/pokemon/721.png,721,0
722,モクロー,Grass,Flying,68,55,55,50,50,42,https://raw.githubusercontent.com/PokeAPI/sprites/master/sprites/pokemon/722.png,722,1
723,フクスロー,Grass,Flying,78,75,75,70,70,52,https://raw.githubusercontent.com/PokeAPI/sprites/master/sprites/pokemon/723.png,723,1
724,ジュナイパー,Grass,Ghost,78,107,75,100,100,70,https://raw.githubusercontent.com/PokeAPI/sprites/master/sprites/pokemon/724.png,724,0
725,ニャビー,Fire,,45,65,40,60,40,70,https://raw.githubusercontent.com/PokeAPI/sprites/master/sprites/pokemon/725.png,725,1
726,ニャヒート,Fire,,65,85,50,80,50,90,https://raw.githubusercontent.com/PokeAPI/sprites/master/sprites/pokemon/726.png,726,1
727,ガオガエン,Fire,Dark,95,115,90,80,90,60,https://raw.githubusercontent.com/PokeAPI/sprites/master/sprites/pokemon/727.png,727,0
728,アシマリ,Water,,50,54,54,66,56,40,https://raw.githubusercontent.com/PokeAPI/sprites/master/sprites/pokemon/728.png,728,1
729,オシャマリ,Water,,60,69,69,91,81,50,https://raw.githubusercontent.com/PokeAPI/sprites/master/sprites/pokemon/729.png,729,1
730,アシレーヌ,Water,Fairy,80,74,74,126,116,60,https://raw.githubusercontent.com/PokeAPI/sprites/master/sprites/pokemon/730.png,730,0
736,アゴジムシ,Bug,,47,62,45,55,45,46,https://raw.githubusercontent.com/PokeAPI/sprites/master/sprites/pokemon/736.png,736,1
737,デンヂムシ,Bug,Electric,57,82,95,55,75,36,https://raw.githubusercontent.com/PokeAPI/sprites/master/sprites/pokemon/737.png,737,1
738,クワガノン,Bug,Electric,77,70,90,145,75,43,https://raw.githubusercontent.com/PokeAPI/sprites/master/sprites/pokemon/738.png,738,0
742,アブリー,Bug,Fairy,40,45,40,55,40,84,https://raw.githubusercontent.com/PokeAPI/sprites/master/sprites/pokemon/742.png,742,1
743,アブリボン,Bug,Fairy,60,55,60,95,70,124,https://raw.githubusercontent.com/PokeAPI/sprites/master/sprites/pokemon/743.png,743,0
744,イワンコ,Rock,,45,65,40,30,40,60,https://raw.githubusercontent.com/PokeAPI/sprites/master/sprites/pokemon/744.png,744,1
745,ルガルガン,Rock,,75,115,65,55,65,112,https://raw.githubusercontent.com/PokeAPI/sprites/master/sprites/pokemon/745.png,745,0
746,ヨワシ,Water,,45,20,20,25,25,40,https://raw.githubusercontent.com/PokeAPI/sprites/master/sprites/pokemon/746.png,746,0
747,ヒドイデ,Poison,Water,50,53,62,43,52,45,https://raw.githubusercontent.com/PokeAPI/sprites/master/sprites/pokemon/747.png,747,1
748,ドヒドイデ,Poison,Water,50,63,152,53,142,35,https://raw.githubusercontent.com/PokeAPI/sprites/master/sprites/pokemon/748.png,748,0
749,ドロバンコ,Ground,,70,100,70,45,55,45,https://raw.githubusercontent.com/PokeAPI/sprites/master/sprites/pokemon/749.png,749,1
750,バンバドロ,Ground,,100,125,100,55,85,35,https://raw.githubusercontent.com/PokeAPI/sprites/master/sprites/pokemon/750.png,750,0
751,シズクモ,Water,Bug,38,40,52,40,72,27,https://raw.githubusercontent.com/PokeAPI/sprites/master/sprites/pokemon/751.png,751,1
752,オニシズクモ,Water,Bug,68,70,92,50,132,42,https://raw.githubusercontent.com/PokeAPI/sprites/master/sprites/pokemon/752.png,752,0
753,カリキリ,Grass,,40,55,35,50,35,35,https://raw.githubusercontent.com/PokeAPI/sprites/master/sprites/pokemon/753.png,753,1
754,ラランテス,Grass,,70,105,90,80,90,45,https://raw.githubusercontent.com/PokeAPI/sprites/master/sprites/pokemon/754.png,754,0
755,ネマシュ,Grass,Fairy,40,35,55,65,75,15,https://raw.githubusercontent.com/PokeAPI/sprites/master/sprites/pokemon/755.png,755,1
756,マシェード,Grass,Fairy,60,45,80,90,100,30,https://raw.githubusercontent.com/PokeAPI/sprites/master/sprites/pokemon/756.png,756,0
757,ヤトウモリ,Poison,Fire,48,44,40,71,40,77,https://raw.githubusercontent.com/PokeAPI/sprites/master/sprites/pokemon/757.png,757,1
758,エンニュート,Poison,Fire,68,64,60,111,60,117,https://raw.githubusercontent.com/PokeAPI/sprites/master/sprites/pokemon/758.png,758,0
759,ヌイコグマ,Normal,Fighting,70,75,50,45,50,50,https://raw.githubusercontent.com/PokeAPI/sprites/master/sprites/pokemon/759.png,759,1
760,キテルグマ,Normal,Fighting,120,125,80,55,60,60,https://raw.githubusercontent.com/PokeAPI/sprites/master/sprites/pokemon/760.png,760,0
761,アマカジ,Grass,,42,30,38,30,38,32,https://raw.githubusercontent.com/PokeAPI/sprites/master/sprites/pokemon/761.png,761,1
762,アママイコ,Grass,,52,40,48,40,48,62,https://raw.githubusercontent.com/PokeAPI/sprites/master/sprites/pokemon/762.png,762,1
763,アマージョ,Grass,,72,120,98,50,98,72,https://raw.githubusercontent.com/PokeAPI/sprites/master/sprites/pokemon/763.png,763,0
764,キュワワー,Fairy,,51,52,90,82,110,100,https://raw.githubusercontent.com/PokeAPI/sprites/master/sprites/pokemon/764.png,764,0
765,ヤレユータン,Normal,Psychic,90,60,80,90,110,60,https://raw.githubusercontent.com/PokeAPI/sprites/master/sprites/pokemon/765.png,765,0
766,ナゲツケサル,Fighting,,100,120,90,40,60,80,https://raw.githubusercontent.com/PokeAPI/sprites/master/sprites/pokemon/766.png,766,0
767,コソクムシ,Bug,Water,25,35,40,20,30,80,https://raw.githubusercontent.com/PokeAPI/sprites/master/sprites/pokemon/767.png,767,1
768,グソクムシャ,Bug,Water,75,125,140,60,90,40,https://raw.githubusercontent.com/PokeAPI/sprites/master/sprites/pokemon/768.png,768,0
769,スナバァ,Ghost,Ground,55,55,80,70,45,15,https://raw.githubusercontent.com/PokeAPI/sprites/master/sprites/pokemon/769.png,769,1
770,シロデスナ,Ghost,Ground,85,75,110,100,75,35,https://raw.githubusercontent.com/PokeAPI/sprites/master/sprites/pokemon/770.png,770,0
771,ナマコブシ,Water,,55,60,130,30,130,5,https://raw.githubusercontent.com/PokeAPI/sprites/master/sprites/pokemon/771.png,771,0
772,タイプ：ヌル,Normal,,95,95,95,95,95,59,https://raw.githubusercontent.com/PokeAPI/sprites/master/sprites/pokemon/772.png,772,1
773,シルヴァディ,Normal,,95,95,95,95,95,95,https://raw.githubusercontent.com/PokeAPI/sprites/master/sprites/pokemon/773.png,773,0
776,バクガメス,Fire,Dragon,60,78,135,91,85,36,https://raw.githubusercontent.com/PokeAPI/sprites/master/sprites/pokemon/776.png,776,0
777,トゲデマル,Electric,Steel,65,98,63,40,73,96,https://raw.githubusercontent.com/PokeAPI/sprites/master/sprites/pokemon/777.png,777,0
778,ミミッキュ,Ghost,Fairy,55,90,80,50,105,96,https://raw.githubusercontent.com/PokeAPI/sprites/master/sprites/pokemon/778.png,778,0
780,ジジーロン,Normal,Dragon,78,60,85,135,91,36,https://raw.githubusercontent.com/PokeAPI/sprites/master/sprites/pokemon/780.png,780,0
781,ダダリン,Ghost,Grass,70,131,100,86,90,40,https://raw.githubusercontent.com/PokeAPI/sprites/master/sprites/pokemon/781.png,781,0
782,ジャラコ,Dragon,,45,55,65,45,45,45,https://raw.githubusercontent.com/PokeAPI/sprites/master/sprites/pokemon/782.png,782,1
783,ジャランゴ,Dragon,Fighting,55,75,90,65,70,65,https://raw.githubusercontent.com/PokeAPI/sprites/master/sprites/pokemon/783.png,783,1
784,ジャラランガ,Dragon,Fighting,75,110,125,100,105,85,https://raw.githubusercontent.com/PokeAPI/sprites/master/sprites/pokemon/784.png,784,0
785,カプ・コケコ,Electric,Fairy,70,115,85,95,75,130,https://raw.githubusercontent.com/PokeAPI/sprites/master/sprites/pokemon/785.png,785,0
786,カプ・テテフ,Psychic,Fairy,70,85,75,130,115,95,https://raw.githubusercontent.com/PokeAPI/sprites/master/sprites/pokemon/786.png,786,0
787,カプ・ブルル,Grass,Fairy,70,130,115,85,95,75,https://raw.githubusercontent.com/PokeAPI/sprites/master/sprites/pokemon/787.png,787,0
788,カプ・レヒレ,Water,Fairy,70,75,115,95,130,85,https://raw.githubusercontent.com/PokeAPI/sprites/master/sprites/pokemon/788.png,788,0
789,コスモッグ,Psychic,,43,29,31,29,31,37,https://raw.githubusercontent.com/PokeAPI/sprites/master/sprites/pokemon/789.png,789,1
790,コスモウム,Psychic,,43,29,131,29,131,37,https://raw.githubusercontent.com/PokeAPI/sprites/master/sprites/pokemon/790.png,790,1
791,ソルガレオ,Psychic,Steel,137,137,107,113,89,97,https://raw.githubusercontent.com/PokeAPI/sprites/master/sprites/pokemon/791.png,791,0
792,ルナアーラ,Psychic,Ghost,137,113,89,137,107,97,https://raw.githubusercontent.com/PokeAPI/sprites/master/sprites/pokemon/792.png,792,0
793,ウツロイド,Rock,Poison,109,53,47,127,131,103,https://raw.githubusercontent.com/PokeAPI/sprites/master/sprites/pokemon/793.png,793,0
794,マッシブーン,Bug,Fighting,107,139,139,53,53,79,https://raw.githubusercontent.com/PokeAPI/sprites/master/sprites/pokemon/794.png,794,0
795,フェローチェ,Bug,Fighting,71,137,37,137,37,151,https://raw.githubusercontent.com/PokeAPI/sprites/master/sprites/pokemon/795.png,795,0
796,デンジュモク,Electric,,83,89,71,173,71,83,https://raw.githubusercontent.com/PokeAPI/sprites/master/sprites/pokemon/796.png,796,0
797,テッカグヤ,Steel,Flying,97,101,103,107,101,61,https://raw.githubusercontent.com/PokeAPI/sprites/master/sprites/pokemon/797.png,797,0
798,カミツルギ,Grass,Steel,59,181,131,59,31,109,https://raw.githubusercontent.com/PokeAPI/sprites/master/sprites/pokemon/798.png,798,0
799,アクジキング,Dark,Dragon,223,101,53,97,53,43,https://raw.githubusercontent.com/PokeAPI/sprites/master/sprites/pokemon/799.png,799,0
800,ネクロズマ,Psychic,,97,107,101,127,89,79,https://raw.githubusercontent.com/PokeAPI/sprites/master/sprites/pokemon/800.png,800,0
801,マギアナ,Steel,Fairy,80,95,115,130,115,65,https://raw.githubusercontent.com/PokeAPI/sprites/master/sprites/pokemon/801.png,801,0
802,マーシャドー,Fighting,Ghost,90,125,80,90,90,125,https://raw.githubusercontent.com/PokeAPI/sprites/master/sprites/pokemon/802.png,802,0
803,ベベノム,Poison,,67,73,67,73,67,73,https://raw.githubusercontent.com/PokeAPI/sprites/master/sprites/pokemon/803.png,803,1
804,アーゴヨン,Poison,Dragon,73,73,73,127,73,121,https://raw.githubusercontent.com/PokeAPI/sprites/master/sprites/pokemon/804.png,804,0
805,ツンデツンデ,Rock,Steel,61,131,211,53,101,13,https://raw.githubusercontent.com/PokeAPI/sprites/master/sprites/pokemon/805.png,805,0
806,ズガドーン,Fire,Ghost,53,127,53,151,79,107,https://raw.githubusercontent.com/PokeAPI/sprites/master/sprites/pokemon/806.png,806,0
807,ゼラオラ,Electric,,88,112,75,102,80,143,https://raw.githubusercontent.com/PokeAPI/sprites/master/sprites/pokemon/807.png,807,0
808,メルタン,Steel,,46,65,65,55,35,34,https://raw.githubusercontent.com/PokeAPI/sprites/master/sprites/pokemon/808.png,808,1
809,メルメタル,Steel,,135,143,143,80,65,34,https://raw.githubusercontent.com/PokeAPI/sprites/master/sprites/pokemon/809.png,809,0
810,サルノリ,Grass,,50,65,50,40,40,65,https://raw.githubusercontent.com/PokeAPI/sprites/master/sprites/pokemon/810.png,810,1
811,バチンキー,Grass,,70,85,70,55,60,80,https://raw.githubusercontent.com/PokeAPI/sprites/master/sprites/pokemon/811.png,811,1
812,ゴリランダー,Grass,,100,125,90,60,70,85,https://raw.githubusercontent.com/PokeAPI/sprites/master/sprites/pokemon/812.png,812,0
813,ヒバニー,Fire,,50,71,40,40,40,69,https://raw.githubusercontent.com/PokeAPI/sprites/master/sprites/pokemon/813.png,813,1
814,ラビフット,Fire,,65,86,60,55,60,94,https://raw.githubusercontent.com/PokeAPI/sprites/master/sprites/pokemon/814.png,814,1
815,エースバーン,Fire,,80,116,75,65,75,119,https://raw.githubusercontent.com/PokeAPI/sprites/master/sprites/pokemon/815.png,815,0
816,メッソン,Water,,50,40,40,70,40,70,https://raw.githubusercontent.com/PokeAPI/sprites/master/sprites/pokemon/816.png,816,1
817,ジメレオン,Water,,65,60,55,95,55,90,https://raw.githubusercontent.com/PokeAPI/sprites/master/sprites/pokemon/817.png,817,1
818,インテレオン,Water,,70,85,65,125,65,120,https://raw.githubusercontent.com/PokeAPI/sprites/master/sprites/pokemon/818.png,818,0
819,ホシガリス,Normal,,70,55,55,35,35,25,https://raw.githubusercontent.com/PokeAPI/sprites/master/sprites/pokemon/819.png,819,1
820,ヨクバリス,Normal,,120,95,95,55,75,20,https://raw.githubusercontent.com/PokeAPI/sprites/master/sprites/pokemon/820.png,820,0
821,ココガラ,Flying,,38,47,35,33,35,57,https://raw.githubusercontent.com/PokeAPI/sprites/master/sprites/pokemon/821.png,821,1
822,アオガラス,Flying,,68,67,55,43,55,77,https://raw.githubusercontent.com/PokeAPI/sprites/master/sprites/pokemon/822.png,822,1
823,アーマーガア,Flying,Steel,98,87,105,53,85,67,https://raw.githubusercontent.com/PokeAPI/sprites/master/sprites/pokemon/823.png,823,0
824,サッチムシ,Bug,,25,20,20,25,45,45,https://raw.githubusercontent.com/PokeAPI/sprites/master/sprites/pokemon/824.png,824,1
825,レドームシ,Bug,Psychic,50,35,80,50,90,30,https://raw.githubusercontent.com/PokeAPI/sprites/master/sprites/pokemon/825.png,825,1
826,イオルブ,Bug,Psychic,60,45,110,80,120,90,https://raw.githubusercontent.com/PokeAPI/sprites/master/sprites/pokemon/826.png,826,0
827,クスネ,Dark,,40,28,28,47,52,50,https://raw.githubusercontent.com/PokeAPI/sprites/master/sprites/pokemon/827.png,827,1
828,フォクスライ,Dark,,70,58,58,87,92,90,https://raw.githubusercontent.com/PokeAPI/sprites/master/sprites/pokemon/828.png,828,0
829,ヒメンカ,Grass,,40,40,60,40,60,10,https://raw.githubusercontent.com/PokeAPI/sprites/master/sprites/pokemon/829.png,829,1
830,ワタシラガ,Grass,,60,50,90,80,120,60,https://raw.githubusercontent.com/PokeAPI/sprites/master/sprites/pokemon/830.png,830,0
831,ウールー,Normal,,42,40,55,40,45,48,https://raw.githubusercontent.com/PokeAPI/sprites/master/sprites/pokemon/831.png,831,1
832,バイウールー,Normal,,72,80,100,60,90,88,https://raw.githubusercontent.com/PokeAPI/sprites/master/sprites/pokemon/832.png,832,0
833,カムカメ,Water,,50,64,50,38,38,44,https://raw.githubusercontent.com/PokeAPI/sprites/master/sprites/pokemon/833.png,833,1
834,カジリガメ,Water,Rock,90,115,90,48,68,74,https://raw.githubusercontent.com/PokeAPI/sprites/master/sprites/pokemon/834.png,834,0
835,ワンパチ,Electric,,59,45,50,40,50,26,https://raw.githubusercontent.com/PokeAPI/sprites/master/sprites/pokemon/835.png,835,1
836,パルスワン,Electric,,69,90,60,90,60,121,https://raw.githubusercontent.com/PokeAPI/sprites/master/sprites/pokemon/836.png,836,0
837,タンドン,Rock,,30,40,50,40,50,30,https://raw.githubusercontent.com/PokeAPI/sprites/master/sprites/pokemon/837.png,837,1
838,トロッゴン,Rock,Fire,80,60,90,60,70,50,https://raw.githubusercontent.com/PokeAPI/sprites/master/sprites/pokemon/838.png,838,1
839,セキタンザン,Rock,Fire,110,80,120,80,90,30,https://raw.githubusercontent.com/PokeAPI/sprites/master/sprites/pokemon/839.png,839,0
840,カジッチュ,Grass,Dragon,40,40,80,40,40,20,https://raw.githubusercontent.com/PokeAPI/sprites/master/sprites/pokemon/840.png,840,1
841,アップリュー,Grass,Dragon,70,110,80,95,60,70,https://raw.githubusercontent.com/PokeAPI/sprites/master/sprites/pokemon/841.png,841,0
842,タルップル,Grass,Dragon,110,85,80,100,80,30,https://raw.githubusercontent.com/PokeAPI/sprites/master/sprites/pokemon/842.png,842,0
843,スナヘビ,Ground,,52,57,75,35,50,46,https://raw.githubusercontent.com/PokeAPI/sprites/master/sprites/pokemon/843.png,843,1
844,サダイジャ,Ground,,72,107,125,65,70,71,https://raw.githubusercontent.com/PokeAPI/sprites/master/sprites/pokemon/844.png,844,0
845,ウッウ,Flying,Water,70,85,55,85,95,85,https://raw.githubusercontent.com/PokeAPI/sprites/master/sprites/pokemon/845.png,845,0
846,サシカマス,Water,,41,63,40,40,30,66,https://raw.githubusercontent.com/PokeAPI/sprites/master/sprites/pokemon/846.png,846,1
847,カマスジョー,Water,,61,123,60,60,50,136,https://raw.githubusercontent.com/PokeAPI/sprites/master/sprites/pokemon/847.png,847,0
848,エレズン,Electric,Poison,40,38,35,54,35,40,https://raw.githubusercontent.com/PokeAPI/sprites/master/sprites/pokemon/848.png,848,1
849,ストリンダー,Electric,Poison,75,98,70,114,70,75,https://raw.githubusercontent.com/PokeAPI/sprites/master/sprites/pokemon/849.png,849,0
850,ヤクデ,Fire,Bug,50,65,45,50,50,45,https://raw.githubusercontent.com/PokeAPI/sprites/master/sprites/pokemon/850.png,850,1
851,マルヤクデ,Fire,Bug,100,115,65,90,90,65,https://raw.githubusercontent.com/PokeAPI/sprites/master/sprites/pokemon/851.png,851,0
852,タタッコ,Fighting,,50,68,60,50,50,32,https://raw.githubusercontent.com/PokeAPI/sprites/master/sprites/pokemon/852.png,852,1
853,オトスパス,Fighting,,80,118,90,70,80,42,https://raw.githubusercontent.com/PokeAPI/sprites/master/sprites/pokemon/853.png,853,0
854,ヤバチャ,Ghost,,40,45,45,74,54,50,https://raw.githubusercontent.com/PokeAPI/sprites/master/sprites/pokemon/854.png,854,1
855,ポットデス,Ghost,,60,65,65,134,114,70,https://raw.githubusercontent.com/PokeAPI/sprites/master/sprites/pokemon/855.png,855,0
856,ミブリム,Psychic,,42,30,45,56,53,39,https://raw.githubusercontent.com/PokeAPI/sprites/master/sprites/pokemon/856.png,856,1
857,テブリム,Psychic,,57,40,65,86,73,49,https://raw.githubusercontent.com/PokeAPI/sprites/master/sprites/pokemon/857.png,857,1
858,ブリムオン,Psychic,Fairy,57,90,95,136,103,29,https://raw.githubusercontent.com/PokeAPI/sprites/master/sprites/pokemon/858.png,858,0
859,ベロバー,Dark,Fairy,45,45,30,55,40,50,https://raw.githubusercontent.com/PokeAPI/sprites/master/sprites/pokemon/859.png,859,1
860,ギモー,Dark,Fairy,65,60,45,75,55,70,https://raw.githubusercontent.com/PokeAPI/sprites/master/sprites/pokemon/860.png,860,1
861,オーロンゲ,Dark,Fairy,95,120,65,95,75,60,https://raw.githubusercontent.com/PokeAPI/sprites/master/sprites/pokemon/861.png,861,0
862,タチフサグマ,Dark,Normal,93,90,101,60,81,95,https://raw.githubusercontent.com/PokeAPI/sprites/master/sprites/pokemon/862.png,862,0
863,ニャイキング,Steel,,70,110,100,50,60,50,https://raw.githubusercontent.com/PokeAPI/sprites/master/sprites/pokemon/863.png,863,0
864,サニゴーン,Ghost,,60,95,50,145,130,30,https://raw.githubusercontent.com/PokeAPI/sprites/master/sprites/pokemon/864.png,864,0
865,ネギガナイト,Fighting,,62,135,95,68,82,65,https://raw.githubusercontent.com/PokeAPI/sprites/master/sprites/pokemon/865.png,865,0
866,バリコオル,Ice,Psychic,80,85,75,110,100,70,https://raw.githubusercontent.com/PokeAPI/sprites/master/sprites/pokemon/866.png,866,0
867,デスバーン,Ground,Ghost,58,95,145,50,105,30,https://raw.githubusercontent.com/PokeAPI/sprites/master/sprites/pokemon/867.png,867,0
868,マホミル,Fairy,,45,40,40,50,61,34,https://raw.githubusercontent.com/PokeAPI/sprites/master/sprites/pokemon/868.png,868,1
869,マホイップ,Fairy,,65,60,75,110,121,64,https://raw.githubusercontent.com/PokeAPI/sprites/master/sprites/pokemon/869.png,869,0
870,タイレーツ,Fighting,,65,100,100,70,60,75,https://raw.githubusercontent.com/PokeAPI/sprites/master/sprites/pokemon/870.png,870,0
871,バチンウニ,Electric,,48,101,95,91,85,15,https://raw.githubusercontent.com/PokeAPI/sprites/master/sprites/pokemon/871.png,871,0
872,ユキハミ,Ice,Bug,30,25,35,45,30,20,https://raw.githubusercontent.com/PokeAPI/sprites/master/sprites/pokemon/872.png,872,1
873,モスノウ,Ice,Bug,70,65,60,125,90,65,https://raw.githubusercontent.com/PokeAPI/sprites/master/sprites/pokemon/873.png,873,0
874,イシヘンジン,Rock,,100,125,135,20,20,70,https://raw.githubusercontent.com/PokeAPI/sprites/master/sprites/pokemon/874.png,874,0
875,コオリッポ,Ice,,75,80,110,65,90,50,https://raw.githubusercontent.com/PokeAPI/sprites/master/sprites/pokemon/875.png,875,0
876,イエッサン,Psychic,Normal,60,65,55,105,95,95,https://raw.githubusercontent.com/PokeAPI/sprites/master/sprites/pokemon/876.png,876,0
877,モルペコ,Electric,Dark,58,95,58,70,58,97,https://raw.githubusercontent.com/PokeAPI/sprites/master/sprites/pokemon/877.png,877,0
878,ゾウドウ,Steel,,72,80,49,40,49,40,https://raw.githubusercontent.com/PokeAPI/sprites/master/sprites/pokemon/878.png,878,1
879,ダイオウドウ,Steel,,122,130,69,80,69,30,https://raw.githubusercontent.com/PokeAPI/sprites/master/sprites/pokemon/879.png,879,0
880,パッチラゴン,Electric,Dragon,90,100,90,80,70,75,https://raw.githubusercontent.com/PokeAPI/sprites/master/sprites/pokemon/880.png,880,0
881,パッチルドン,Electric,Ice,90,100,90,90,80,55,https://raw.githubusercontent.com/PokeAPI/sprites/master/sprites/pokemon/881.png,881,0
882,ウオノラゴン,Water,Dragon,90,90,100,70,80,75,https://raw.githubusercontent.com/PokeAPI/sprites/master/sprites/pokemon/882.png,882,0
883,ウオチルドン,Water,Ice,90,90,100,80,90,55,https://raw.githubusercontent.com/PokeAPI/sprites/master/sprites/pokemon/883.png,883,0
884,ジュラルドン,Steel,Dragon,70,95,115,120,50,85,https://raw.githubusercontent.com/PokeAPI/sprites/master/sprites/pokemon/884.png,884,1
885,ドラメシヤ,Dragon,Ghost,28,60,30,40,30,82,https://raw.githubusercontent.com/PokeAPI/sprites/master/sprites/pokemon/885.png,885,1
886,ドロンチ,Dragon,Ghost,68,80,50,60,50,102,https://raw.githubusercontent.com/PokeAPI/sprites/master/sprites/pokemon/886.png,886,1
887,ドラパルト,Dragon,Ghost,88,120,75,100,75,142,https://raw.githubusercontent.com/PokeAPI/sprites/master/sprites/pokemon/887.png,887,0
888,ザシアン,Fairy,,92,120,115,80,115,138,https://raw.githubusercontent.com/PokeAPI/sprites/master/sprites/pokemon/888.png,888,0
889,ザマゼンタ,Fighting,,92,120,115,80,115,138,https://raw.githubusercontent.com/PokeAPI/sprites/master/sprites/pokemon/889.png,889,0
890,ムゲンダイナ,Poison,Dragon,140,85,95,145,95,130,https://raw.githubusercontent.com/PokeAPI/sprites/master/sprites/pokemon/890.png,890,0
891,ダクマ,Fighting,,60,90,60,53,50,72,https://raw.githubusercontent.com/PokeAPI/sprites/master/sprites/pokemon/891.png,891,1
892,ウーラオス,Fighting,Dark,100,130,100,63,60,97,https://raw.githubusercontent.com/PokeAPI/sprites/master/sprites/pokemon/892.png,892,0
893,ザルード,Dark,Grass,105,120,105,70,95,105,https://raw.githubusercontent.com/PokeAPI/sprites/master/sprites/pokemon/893.png,893,0
894,レジエレキ,Electric,,80,100,50,100,50,200,https://raw.githubusercontent.com/PokeAPI/sprites/master/sprites/pokemon/894.png,894,0
895,レジドラゴ,Dragon,,200,100,50,100,50,80,https://raw.githubusercontent.com/PokeAPI/sprites/master/sprites/pokemon/895.png,895,0
896,ブリザポス,Ice,,100,145,130,65,110,30,https://raw.githubusercontent.com/PokeAPI/sprites/master/sprites/pokemon/896.png,896,0
897,レイスポス,Ghost,,100,65,60,145,80,130,https://raw.githubusercontent.com/PokeAPI/sprites/master/sprites/pokemon/897.png,897,0
898,バドレックス,Psychic,Grass,100,80,80,80,80,80,https://raw.githubusercontent.com/PokeAPI/sprites/master/sprites/pokemon/898.png,898,0
10007,ギラティナ(オリジンフォルム),Ghost,Dragon,150,120,100,120,100,90,https://raw.githubusercontent.com/PokeAPI/sprites/master/sprites/pokemon/10007.png,487,0
10008,ヒートロトム,Electric,Fire,50,65,107,105,107,86,https://raw.githubusercontent.com/PokeAPI/sprites/master/sprites/pokemon/10008.png,479,0
10009,ウォッシュロトム,Electric,Water,50,65,107,105,107,86,https://raw.githubusercontent.com/PokeAPI/sprites/master/sprites/pokemon/10009.png,479,0
10010,フロストロトム,Electric,Ice,50,65,107,105,107,86,https://raw.githubusercontent.com/PokeAPI/sprites/master/sprites/pokemon/10010.png,479,0
10011,スピンロトム,Electric,Flying,50,65,107,105,107,86,https://raw.githubusercontent.com/PokeAPI/sprites/master/sprites/pokemon/10011.png,479,0
10012,カットロトム,Electric,Grass,50,65,107,105,107,86,https://raw.githubusercontent.com/PokeAPI/sprites/master/sprites/pokemon/10012.png,479,0
10016,バスラオ(あおすじのすがた),Water,,70,92,65,80,55,98,https://raw.githubusercontent.com/PokeAPI/sprites/master/sprites/pokemon/10016.png,550,1
10017,ヒヒダルマ(ダルマモード),Fire,Psychic,105,30,105,140,105,55,https://raw.githubusercontent.com/PokeAPI/sprites/master/sprites/pokemon/10017.png,555,0
10019,トルネロス(れいじゅうフォルム),Flying,,79,100,80,110,90,121,https://raw.githubusercontent.com/PokeAPI/sprites/master/sprites/pokemon/10019.png,641,0
10020,ボルトロス(れいじゅうフォルム),Electric,Flying,79,105,70,145,80,101,https://raw.githubusercontent.com/PokeAPI/sprites/master/sprites/pokemon/10020.png,642,0
10021,ランドロス(れいじゅうフォルム),Ground,Flying,89,145,90,105,80,91,https://raw.githubusercontent.com/PokeAPI/sprites/master/sprites/pokemon/10021.png,645,0
10022,ブラックキュレム,Dragon,Ice,125,170,100,120,90,95,https://raw.githubusercontent.com/PokeAPI/sprites/master/sprites/pokemon/10022.png,646,0
10023,ホワイトキュレム,Dragon,Ice,125,120,90,170,100,95,https://raw.githubusercontent.com/PokeAPI/sprites/master/sprites/pokemon/10023.png,646,0
10024,ケルディオ(かくごのすがた),Water,Fighting,91,72,90,129,90,108,https://raw.githubusercontent.com/PokeAPI/sprites/master/sprites/pokemon/10024.png,647,0
10025,ニャオニクス(♀),Psychic,,74,48,76,83,81,104,https://raw.githubusercontent.com/PokeAPI/sprites/master/sprites/pokemon/10025.png,678,0
10026,ギルガルド(ブレードフォルム),Steel,Ghost,60,140,50,140,50,60,https://raw.githubusercontent.com/PokeAPI/sprites/master/sprites/pokemon/10026.png,681,0
10027,バケッチャ(ちいさいサイズ),Ghost,Grass,44,66,70,44,55,56,https://raw.githubusercontent.com/PokeAPI/sprites/master/sprites/pokemon/10027.png,710,1
10028,バケッチャ(おおきいサイズ),Ghost,Grass,54,66,70,44,55,46,https://raw.githubusercontent.com/PokeAPI/sprites/master/sprites/pokemon/10028.png,710,1
10029,バケッチャ(とくだいサイズ),Ghost,Grass,59,66,70,44,55,41,https://raw.githubusercontent.com/PokeAPI/sprites/master/sprites/pokemon/10029.png,710,1
10030,パンプジン(ちいさいサイズ),Ghost,Grass,55,85,122,58,75,99,https://raw.githubusercontent.com/PokeAPI/sprites/master/sprites/pokemon/10030.png,711,0
10031,パンプジン(おおきいサイズ),Ghost,Grass,75,95,122,58,75,69,https://raw.githubusercontent.com/PokeAPI/sprites/master/sprites/pokemon/10031.png,711,0
10032,パンプジン(とくだいサイズ),Ghost,Grass,85,100,122,58,75,54,https://raw.githubusercontent.com/PokeAPI/sprites/master/sprites/pokemon/10032.png,711,0
10094,ピカチュウ(オリジナルキャップ),Electric,,35,55,40,50,50,90,https://raw.githubusercontent.com/PokeAPI/sprites/master/sprites/pokemon/10094.png,25,1
10095,ピカチュウ(ホウエンキャップ),Electric,,35,55,40,50,50,90,https://raw.githubusercontent.com/PokeAPI/sprites/master/sprites/pokemon/10095.png,25,1
10096,ピカチュウ(シンオウキャップ),Electric,,35,55,40,50,50,90,https://raw.githubusercontent.com/PokeAPI/sprites/master/sprites/pokemon/10096.png,25,1
10097,ピカチュウ(イッシュキャップ),Electric,,35,55,40,50,50,90,https://raw.githubusercontent.com/PokeAPI/sprites/master/sprites/pokemon/10097.png,25,1
10098,ピカチュウ(カロスキャップ),Electric,,35,55,40,50,50,90,https://raw.githubusercontent.com/PokeAPI/sprites/master/sprites/pokemon/10098.png,25,1
10099,ピカチュウ(アローラキャップ),Electric,,35,55,40,50,50,90,https://raw.githubusercontent.com/PokeAPI/sprites/master/sprites/pokemon/10099.png,25,1
10100,ライチュウ(アローラのすがた),Electric,Psychic,60,85,50,95,85,110,https://raw.githubusercontent.com/PokeAPI/sprites/master/sprites/pokemon/10100.png,26,0
10101,サンド(アローラのすがた),Ice,Steel,50,75,90,10,35,40,https://raw.githubusercontent.com/PokeAPI/sprites/master/sprites/pokemon/10101.png,27,1
10102,サンドパン(アローラのすがた),Ice,Steel,75,100,120,25,65,65,https://raw.githubusercontent.com/PokeAPI/sprites/master/sprites/pokemon/10102.png,28,0
10103,ロコン(アローラのすがた),Ice,,38,41,40,50,65,65,https://raw.githubusercontent.com/PokeAPI/sprites/master/sprites/pokemon/10103.png,37,1
10104,キュウコン(アローラのすがた),Ice,Fairy,73,67,75,81,100,109,https://raw.githubusercontent.com/PokeAPI/sprites/master/sprites/pokemon/10104.png,38,0
10105,ディグダ(アローラのすがた),Ground,Steel,10,55,30,35,45,90,https://raw.githubusercontent.com/PokeAPI/sprites/master/sprites/pokemon/10105.png,50,1
10106,ダグトリオ(アローラのすがた),Ground,Steel,35,100,60,50,70,110,https://raw.githubusercontent.com/PokeAPI/sprites/master/sprites/pokemon/10106.png,51,0
10107,ニャース(アローラのすがた),Dark,,40,35,35,50,40,90,https://raw.githubusercontent.com/PokeAPI/sprites/master/sprites/pokemon/10107.png,52,1
10108,ペルシアン(アローラのすがた),Dark,,65,60,60,75,65,115,https://raw.githubusercontent.com/PokeAPI/sprites/master/sprites/pokemon/10108.png,53,0
10114,ナッシー(アローラのすがた),Grass,Dragon,95,105,85,125,75,45,https://raw.githubusercontent.com/PokeAPI/sprites/master/sprites/pokemon/10114.png,103,0
10115,ガラガラ(アローラのすがた),Fire,Ghost,60,80,110,50,80,45,https://raw.githubusercontent.com/PokeAPI/sprites/master/sprites/pokemon/10115.png,105,0
10118,ジガルデ(10％フォルム),Dragon,Ground,54,100,71,61,85,115,https://raw.githubusercontent.com/PokeAPI/sprites/master/sprites/pokemon/10118.png,718,0
10119,ジガルデ(50％フォルム),Dragon,Ground,108,100,121,81,95,95,https://raw.githubusercontent.com/PokeAPI/sprites/master/sprites/pokemon/10119.png,718,0
10120,ジガルデ(パーフェクトフォルム),Dragon,Ground,216,100,121,91,95,85,https://raw.githubusercontent.com/PokeAPI/sprites/master/sprites/pokemon/10120.png,718,0
10126,ルガルガン(まよなかのすがた),Rock,,85,115,75,55,75,82,https://raw.githubusercontent.com/PokeAPI/sprites/master/sprites/pokemon/10126.png,745,0
10127,ヨワシ(むれたすがた),Water,,45,140,130,140,135,30,https://raw.githubusercontent.com/PokeAPI/sprites/master/sprites/pokemon/10127.png,746,0
10143,ミミッキュ(ばれたすがた),Ghost,Fairy,55,90,80,50,105,96,https://raw.githubusercontent.com/PokeAPI/sprites/master/sprites/pokemon/10143.png,778,0
10147,マギアナ(500ねんまえのいろ),Steel,Fairy,80,95,115,130,115,65,https://raw.githubusercontent.com/PokeAPI/sprites/master/sprites/pokemon/10147.png,801,0
10148,ピカチュウ(キミにきめたキャップ),Electric,,35,55,40,50,50,90,https://raw.githubusercontent.com/PokeAPI/sprites/master/sprites/pokemon/10148.png,25,1
10151,イワンコ(own-tempo),Rock,,45,65,40,30,40,60,https://raw.githubusercontent.com/PokeAPI/sprites/master/sprites/pokemon/10151.png,744,1
10152,ルガルガン(たそがれのすがた),Rock,,75,117,65,55,65,110,https://raw.githubusercontent.com/PokeAPI/sprites/master/sprites/pokemon/10152.png,745,0
10155,ネクロズマ(たそがれのたてがみ),Psychic,Steel,97,157,127,113,109,77,https://raw.githubusercontent.com/PokeAPI/sprites/master/sprites/pokemon/10155.png,800,0
10156,ネクロズマ(あかつきのつばさ),Psychic,Ghost,97,113,109,157,127,77,https://raw.githubusercontent.com/PokeAPI/sprites/master/sprites/pokemon/10156.png,800,0
10160,ピカチュウ(ワールドキャップ),Electric,,35,55,40,50,50,90,https://raw.githubusercontent.com/PokeAPI/sprites/master/sprites/pokemon/10160.png,25,1
10161,ニャース(ガラルのすがた),Steel,,50,65,55,40,40,40,https://raw.githubusercontent.com/PokeAPI/sprites/master/sprites/pokemon/10161.png,52,1
10162,ポニータ(ガラルのすがた),Psychic,,50,85,55,65,65,90,https://raw.githubusercontent.com/PokeAPI/sprites/master/sprites/pokemon/10162.png,77,1
10163,ギャロップ(ガラルのすがた),Psychic,Fairy,65,100,70,80,80,105,https://raw.githubusercontent.com/PokeAPI/sprites/master/sprites/pokemon/10163.png,78,0
10164,ヤドン(ガラルのすがた),Psychic,,90,65,65,40,40,15,https://raw.githubusercontent.com/PokeAPI/sprites/master/sprites/pokemon/10164.png,79,1
10165,ヤドラン(ガラルのすがた),Poison,Psychic,95,100,95,100,70,30,https://raw.githubusercontent.com/PokeAPI/sprites/master/sprites/pokemon/10165.png,80,0
10166,カモネギ(ガラルのすがた),Fighting,,52,95,55,58,62,55,https://raw.githubusercontent.com/PokeAPI/sprites/master/sprites/pokemon/10166.png,83,1
10167,マタドガス(ガラルのすがた),Poison,Fairy,65,90,120,85,70,60,https://raw.githubusercontent.com/PokeAPI/sprites/master/sprites/pokemon/10167.png,110,0
10168,バリヤード(ガラルのすがた),Ice,Psychic,50,65,65,90,90,100,https://raw.githubusercontent.com/PokeAPI/sprites/master/sprites/pokemon/10168.png,122,1
10169,フリーザー(ガラルのすがた),Psychic,Flying,90,85,85,125,100,95,https://raw.githubusercontent.com/PokeAPI/sprites/master/sprites/pokemon/10169.png,144,0
10170,サンダー(ガラルのすがた),Fighting,Flying,90,125,90,85,90,100,https://raw.githubusercontent.com/PokeAPI/sprites/master/sprites/pokemon/10170.png,145,0
10171,ファイヤー(ガラルのすがた),Dark,Flying,90,85,90,100,125,90,https://raw.githubusercontent.com/PokeAPI/sprites/master/sprites/pokemon/10171.png,146,0
10172,ヤドキング(ガラルのすがた),Poison,Psychic,95,65,80,110,110,30,https://raw.githubusercontent.com/PokeAPI/sprites/master/sprites/pokemon/10172.png,199,0
10173,サニーゴ(ガラルのすがた),Ghost,,60,55,100,65,100,30,https://raw.githubusercontent.com/PokeAPI/sprites/master/sprites/pokemon/10173.png,222,1
10174,ジグザグマ(ガラルのすがた),Dark,Normal,38,30,41,30,41,60,https://raw.githubusercontent.com/PokeAPI/sprites/master/sprites/pokemon/10174.png,263,1
10175,マッスグマ(ガラルのすがた),Dark,Normal,78,70,61,50,61,100,https://raw.githubusercontent.com/PokeAPI/sprites/master/sprites/pokemon/10175.png,264,1
10176,ダルマッカ(ガラルのすがた),Ice,,70,90,45,15,45,50,https://raw.githubusercontent.com/PokeAPI/sprites/master/sprites/pokemon/10176.png,554,1
10177,ヒヒダルマ(ガラルのすがた),Ice,,105,140,55,30,55,95,https://raw.githubusercontent.com/PokeAPI/sprites/master/sprites/pokemon/10177.png,555,0
10178,ヒヒダルマ(ダルマモード),Ice,Fire,105,160,55,30,55,135,https://raw.githubusercontent.com/PokeAPI/sprites/master/sprites/pokemon/10178.png,555,0
10179,デスマス(ガラルのすがた),Ground,Ghost,38,55,85,30,65,30,https://raw.githubusercontent.com/PokeAPI/sprites/master/sprites/pokemon/10179.png,562,1
10180,マッギョ(ガラルのすがた),Ground,Steel,109,81,99,66,84,32,https://raw.githubusercontent.com/PokeAPI/sprites/master/sprites/pokemon/10180.png,618,0
10181,ジガルデ(10％フォルム),Dragon,Ground,54,100,71,61,85,115,https://raw.githubusercontent.com/PokeAPI/sprites/master/sprites/pokemon/10181.png,718,0
10182,ウッウ(うのみのすがた),Flying,Water,70,85,55,85,95,85,https://raw.githubusercontent.com/PokeAPI/sprites/master/sprites/pokemon/10182.png,845,0
10183,ウッウ(まるのみのすがた),Flying,Water,70,85,55,85,95,85,https://raw.githubusercontent.com/PokeAPI/sprites/master/sprites/pokemon/10183.png,845,0
10184,ストリンダー(ローなすがた),Electric,Poison,75,98,70,114,70,75,https://raw.githubusercontent.com/PokeAPI/sprites/master/sprites/pokemon/10184.png,849,0
10185,コオリッポ(ナイスフェイス),Ice,,75,80,70,65,50,130,https://raw.githubusercontent.com/PokeAPI/sprites/master/sprites/pokemon/10185.png,875,0
10186,イエッサン(♀),Psychic,Normal,70,55,65,95,105,85,https://raw.githubusercontent.com/PokeAPI/sprites/master/sprites/pokemon/10186.png,876,0
10187,モルペコ(はらぺこもよう),Electric,Dark,58,95,58,70,58,97,https://raw.githubusercontent.com/PokeAPI/sprites/master/sprites/pokemon/10187.png,877,0
10188,ザシアン(けんのおう),Fairy,Steel,92,150,115,80,115,148,https://raw.githubusercontent.com/PokeAPI/sprites/master/sprites/pokemon/10188.png,888,0
10189,ザマゼンタ(たてのおう),Fighting,Steel,92,120,140,80,140,128,https://raw.githubusercontent.com/PokeAPI/sprites/master/sprites/pokemon/10189.png,889,0
10190,ムゲンダイナ(ムゲンダイマックス),Poison,Dragon,255,115,250,125,250,130,https://raw.githubusercontent.com/PokeAPI/sprites/master/sprites/pokemon/10190.png,890,0
10191,ウーラオス(れんげきのかた),Fighting,Water,100,130,100,63,60,97,https://raw.githubusercontent.com/PokeAPI/sprites/master/sprites/pokemon/10191.png,892,0
10192,ザルード(とうちゃん),Dark,Grass,105,120,105,70,95,105,https://raw.githubusercontent.com/PokeAPI/sprites/master/sprites/pokemon/10192.png,893,0
10193,バドレックス(はくばじょうのすがた),Psychic,Ice,100,165,150,85,130,50,https://raw.githubusercontent.com/PokeAPI/sprites/master/sprites/pokemon/10193.png,898,0
10194,バドレックス(こくばじょうのすがた),Psychic,Ghost,100,85,80,165,100,150,https://raw.githubusercontent.com/PokeAPI/sprites/master/sprites/pokemon/10194.png,898,0
