Name,IncreasedStat,DecreasedStat,Multiplier
がんばりや,,,1.0
さみしがり,Attack,Defense,1.1
ゆうかん,Attack,Speed,1.1
いじっぱり,Attack,SpAttack,1.1
やんちゃ,Attack,SpDefense,1.1
ずぶとい,Defense,Attack,1.1
すなお,,,1.0
のんき,Defense,Speed,1.1
わんぱく,Defense,SpAttack,1.1
のうてんき,Defense,SpDefense,1.1
おくびょう,Speed,Attack,1.1
せっかち,Speed,Defense,1.1
まじめ,,,1.0
ようき,Speed,SpAttack,1.1
むじゃき,Speed,SpDefense,1.1
ひかえめ,SpAttack,Attack,1.1
おっとり,SpAttack,Defense,1.1
れいせい,SpAttack,Speed,1.1
てれや,,,1.0
うっかりや,SpAttack,SpDefense,1.1
おだやか,SpDefense,Attack,1.1
おとなしい,SpDefense,Defense,1.1
なまいき,SpDefense,Speed,1.1
しんちょう,SpDefense,SpAttack,1.1
きまぐれ,,,1.0
