AttackType,DefenseType,Multiplier
Fire,Grass,2.0
Fire,Ice,2.0
Fire,Bug,2.0
Fire,Steel,2.0
Fire,Fire,0.5
Fire,Water,0.5
Fire,Rock,0.5
Fire,Dragon,0.5
Water,Fire,2.0
Water,Ground,2.0
Water,Rock,2.0
Water,Water,0.5
Water,Grass,0.5
Water,Dragon,0.5
Grass,Water,2.0
Grass,Ground,2.0
Grass,Rock,2.0
Grass,Fire,0.5
Grass,Grass,0.5
Grass,Poison,0.5
Grass,Flying,0.5
Grass,Bug,0.5
Grass,Dragon,0.5
Grass,Steel,0.5
Electric,Water,2.0
Electric,Flying,2.0
Electric,Electric,0.5
Electric,Grass,0.5
Electric,Dragon,0.5
Electric,Ground,0.0
Normal,Rock,0.5
Normal,Steel,0.5
Normal,Ghost,0.0
Dark,Fighting,0.5
Dark,Dark,0.5
Dark,Fairy,0.5
Dark,Psychic,2.0
Dark,Ghost,2.0
Ground,Fire,2.0
Ground,Electric,2.0
Ground,Poison,2.0
Ground,Rock,2.0
Ground,Steel,2.0
Ground,Grass,0.5
Ground,Bug,0.5
Ground,Flying,0.0
