Rank,SpeciesId
1,984
2,983
3,1000
4,1017
5,149
6,1006
7,887
8,889
9,199
10,1021
11,823
12,594
13,1025
14,645
15,858
16,503
17,646
18,970
19,815
20,990
21,472
22,1003
23,491
24,937
25,812
26,994
27,145
28,248
29,934
30,386
31,730
32,1009
33,212
34,485
35,146
36,905
37,36
38,1017
39,641
40,530
41,445
42,1023
43,110
44,977
45,1019
46,908
47,279
48,748
49,980
50,752
51,959
52,324
53,720
54,38
55,242
56,901
57,38
58,721
59,497
60,992
61,635
62,920
63,381
64,1017
65,1013
66,257
67,461
68,847
69,488
70,479
71,658
72,146
73,911
74,743
75,861
76,227
77,3
78,647
79,914
80,701
81,706
82,988
83,642
84,233
85,380
86,490
87,59
88,1022
89,876
90,855
91,571
92,989
93,630
94,1014
95,778
96,784
97,94
98,925
99,936
100,376
101,184
102,764
103,549
104,612
105,993
106,462
107,130
108,145
109,727
110,199
111,652
112,197
113,663
114,534
115,1016
116,132
117,473
118,454
119,6
120,9
121,230
122,591
123,395
124,91
125,474
126,373
127,89
128,895
129,902
130,900
131,135
132,547
133,902
134,282
135,385
136,272
137,151
138,579
139,350
140,450
141,286
142,873
143,923
144,437
145,205
146,392
147,625
148,342
149,196
150,143
151,596
152,609
153,260
154,475
155,707
156,235
157,386
158,113
159,893
160,302
161,423
162,245
163,134
164,941
165,157
166,905
167,482
168,59
169,871
170,700
171,73
172,849
173,985
174,719
175,244
176,904
177,975
178,448
179,758
180,389
181,642
182,398
183,80
184,426
185,195
186,967
187,45
188,232
189,638
190,479
191,628
192,160
193,952
194,553
195,648
196,896
197,981
198,715
199,745
200,614
201,542
202,106
203,800
204,186
205,243
206,947
207,945
208,573
209,972
210,424
211,620
212,713
213,469
214,724
215,691
216,966
217,930
218,80
219,982
220,954
221,1001
222,818
223,57
224,763
225,738
226,470
227,733
228,103
229,939
230,356
231,706
232,254
233,284
234,834
235,419
236,1010
237,476
238,943
239,229
240,28
241,774
242,101
243,1015
244,289
245,604
246,460
247,144
248,560
249,623
250,478
251,615
252,123
253,995
254,25
255,330
256,973
257,464
258,471
259,466
260,571
261,949
262,62
263,976
264,275
265,214
266,687
267,379
268,876
269,968
270,76
271,131
272,724
273,480
274,486
275,549
276,709
277,875
278,237
279,409
280,55
281,775
282,770
283,500
284,671
285,26
286,641
287,442
288,411
289,128
290,378
291,103
292,157
293,713
294,430
295,986
296,655
297,481
298,978
299,703
300,869
301,741
302,405
303,628
304,844
305,745
306,877
307,839
308,754
309,429
310,477
311,334
312,750
313,377
314,76
315,884
316,297
317,144
318,308
319,845
320,586
321,217
322,26
323,918
324,82
325,639
326,28
327,192
328,182
329,171
330,332
331,693
332,357
333,112
334,740
335,128
336,335
337,185
338,479
339,720
340,89
341,128
342,927
343,154
344,49
345,107
346,1011
347,110
348,640
349,219
350,467
351,479
352,85
353,136
354,741
355,24
356,51
357,53
358,950
359,779
360,314
361,93
362,678
363,71
364,181
365,741
366,313
367,40
368,168
369,492
370,189
371,354
372,221
373,842
374,962
375,358
376,735
377,870
378,879
379,225
380,745
381,162
382,27
383,666
384,533
385,841
386,416
387,198
388,863
389,211
390,200
391,737
392,101
393,206
394,435
395,820
396,931
397,336
398,211
399,479
400,702
401,899
402,51
403,210
404,550
405,323
406,668
407,402
408,576
409,546
410,164
411,857
412,673
413,766
