Identifier,Category,Effect,AttackMultiplier,DefenseMultiplier,SpAttackMultiplier,SpDefenseMultiplier,DamageMultiplier,TypeBoost,TypeBoostMultiplier
choice-band,Choice,攻撃が1.5倍になるが同じ技しか出せない,1.5,1.0,1.0,1.0,1.0,,1.0
choice-specs,Choice,特攻が1.5倍になるが同じ技しか出せない,1.0,1.0,1.5,1.0,1.0,,1.0
choice-scarf,Choice,素早さが1.5倍になるが同じ技しか出せない,1.0,1.0,1.0,1.0,1.0,,1.0
life-orb,LifeOrb,技の威力が1.3倍になるが反動を受ける,1.0,1.0,1.0,1.0,1.3,,1.0
expert-belt,ExpertBelt,効果抜群の技の威力が1.2倍,1.0,1.0,1.0,1.0,1.0,,1.0
muscle-band,Other,物理技の威力が1.1倍,1.0,1.0,1.0,1.0,1.0,Physical,1.1
wise-glasses,Other,特殊技の威力が1.1倍,1.0,1.0,1.0,1.0,1.0,Special,1.1
light-ball,LightBall,ピカチュウの攻撃・特攻が2倍,1.0,1.0,1.0,1.0,1.0,,1.0
thick-club,ThickClub,カラカラ・ガラガラの攻撃が2倍,1.0,1.0,1.0,1.0,1.0,,1.0
assault-vest,AssaultVest,特防が1.5倍になるが変化技が出せない,1.0,1.0,1.0,1.5,1.0,,1.0
eviolite,Eviolite,進化前のポケモンの防御・特防が1.5倍,1.0,1.5,1.0,1.5,1.0,,1.0
focus-sash,Other,HP満タンなら瀕死になる攻撃を1回耐える,1.0,1.0,1.0,1.0,1.0,,1.0
rocky-helmet,Other,接触技を受けると相手にダメージ,1.0,1.0,1.0,1.0,1.0,,1.0
leftovers,Leftovers,毎ターン終了時にHPを1/16回復,1.0,1.0,1.0,1.0,1.0,,1.0
sitrus-berry,SitrusBerry,HPが1/2以下になるとHPを1/4回復,1.0,1.0,1.0,1.0,1.0,,1.0
lum-berry,Other,状態異常を回復,1.0,1.0,1.0,1.0,1.0,,1.0
booster-energy,Other,古代活性・クォークチャージを発動,1.0,1.0,1.0,1.0,1.0,,1.0
clear-amulet,Other,能力を下げられない,1.0,1.0,1.0,1.0,1.0,,1.0
covert-cloak,Other,技の追加効果を受けない,1.0,1.0,1.0,1.0,1.0,,1.0
heavy-duty-boots,Other,設置技の影響を受けない,1.0,1.0,1.0,1.0,1.0,,1.0
weakness-policy,Other,効果抜群を受けると攻撃・特攻が2段階上がる,1.0,1.0,1.0,1.0,1.0,,1.0
loaded-dice,Other,連続技が4回以上当たりやすくなる,1.0,1.0,1.0,1.0,1.0,,1.0
punching-glove,Other,パンチ技の威力が1.1倍,1.0,1.0,1.0,1.0,1.0,,1.0
safety-goggles,Other,天候ダメージと粉技を受けない,1.0,1.0,1.0,1.0,1.0,,1.0
air-balloon,Other,地面技を受けない,1.0,1.0,1.0,1.0,1.0,,1.0
mirror-herb,Other,相手の能力上昇をコピー,1.0,1.0,1.0,1.0,1.0,,1.0
throat-spray,Other,音技を使うと特攻が上がる,1.0,1.0,1.0,1.0,1.0,,1.0
red-card,Other,攻撃を受けると相手を交代させる,1.0,1.0,1.0,1.0,1.0,,1.0
eject-button,Other,攻撃を受けると自分が交代,1.0,1.0,1.0,1.0,1.0,,1.0
shell-bell,Other,与えたダメージの1/8を回復,1.0,1.0,1.0,1.0,1.0,,1.0
black-glasses,TypeBoost,あくタイプの技の威力が1.2倍,1.0,1.0,1.0,1.0,1.0,Dark,1.2
charcoal,TypeBoost,ほのおタイプの技の威力が1.2倍,1.0,1.0,1.0,1.0,1.0,Fire,1.2
mystic-water,TypeBoost,みずタイプの技の威力が1.2倍,1.0,1.0,1.0,1.0,1.0,Water,1.2
magnet,TypeBoost,でんきタイプの技の威力が1.2倍,1.0,1.0,1.0,1.0,1.0,Electric,1.2
miracle-seed,TypeBoost,くさタイプの技の威力が1.2倍,1.0,1.0,1.0,1.0,1.0,Grass,1.2
never-melt-ice,TypeBoost,こおりタイプの技の威力が1.2倍,1.0,1.0,1.0,1.0,1.0,Ice,1.2
black-belt,TypeBoost,かくとうタイプの技の威力が1.2倍,1.0,1.0,1.0,1.0,1.0,Fighting,1.2
poison-barb,TypeBoost,どくタイプの技の威力が1.2倍,1.0,1.0,1.0,1.0,1.0,Poison,1.2
soft-sand,TypeBoost,じめんタイプの技の威力が1.2倍,1.0,1.0,1.0,1.0,1.0,Ground,1.2
sharp-beak,TypeBoost,ひこうタイプの技の威力が1.2倍,1.0,1.0,1.0,1.0,1.0,Flying,1.2
twisted-spoon,TypeBoost,エスパータイプの技の威力が1.2倍,1.0,1.0,1.0,1.0,1.0,Psychic,1.2
silver-powder,TypeBoost,むしタイプの技の威力が1.2倍,1.0,1.0,1.0,1.0,1.0,Bug,1.2
hard-stone,TypeBoost,いわタイプの技の威力が1.2倍,1.0,1.0,1.0,1.0,1.0,Rock,1.2
spell-tag,TypeBoost,ゴーストタイプの技の威力が1.2倍,1.0,1.0,1.0,1.0,1.0,Ghost,1.2
dragon-fang,TypeBoost,ドラゴンタイプの技の威力が1.2倍,1.0,1.0,1.0,1.0,1.0,Dragon,1.2
metal-coat,TypeBoost,はがねタイプの技の威力が1.2倍,1.0,1.0,1.0,1.0,1.0,Steel,1.2
silk-scarf,TypeBoost,ノーマルタイプの技の威力が1.2倍,1.0,1.0,1.0,1.0,1.0,Normal,1.2
fairy-feather,TypeBoost,フェアリータイプの技の威力が1.2倍,1.0,1.0,1.0,1.0,1.0,Fairy,1.2
flame-plate,TypeBoost,ほのおタイプの技の威力が1.2倍,1.0,1.0,1.0,1.0,1.0,Fire,1.2
splash-plate,TypeBoost,みずタイプの技の威力が1.2倍,1.0,1.0,1.0,1.0,1.0,Water,1.2
zap-plate,TypeBoost,でんきタイプの技の威力が1.2倍,1.0,1.0,1.0,1.0,1.0,Electric,1.2
meadow-plate,TypeBoost,くさタイプの技の威力が1.2倍,1.0,1.0,1.0,1.0,1.0,Grass,1.2
icicle-plate,TypeBoost,こおりタイプの技の威力が1.2倍,1.0,1.0,1.0,1.0,1.0,Ice,1.2
fist-plate,TypeBoost,かくとうタイプの技の威力が1.2倍,1.0,1.0,1.0,1.0,1.0,Fighting,1.2
toxic-plate,TypeBoost,どくタイプの技の威力が1.2倍,1.0,1.0,1.0,1.0,1.0,Poison,1.2
earth-plate,TypeBoost,じめんタイプの技の威力が1.2倍,1.0,1.0,1.0,1.0,1.0,Ground,1.2
sky-plate,TypeBoost,ひこうタイプの技の威力が1.2倍,1.0,1.0,1.0,1.0,1.0,Flying,1.2
mind-plate,TypeBoost,エスパータイプの技の威力が1.2倍,1.0,1.0,1.0,1.0,1.0,Psychic,1.2
insect-plate,TypeBoost,むしタイプの技の威力が1.2倍,1.0,1.0,1.0,1.0,1.0,Bug,1.2
stone-plate,TypeBoost,いわタイプの技の威力が1.2倍,1.0,1.0,1.0,1.0,1.0,Rock,1.2
spooky-plate,TypeBoost,ゴーストタイプの技の威力が1.2倍,1.0,1.0,1.0,1.0,1.0,Ghost,1.2
draco-plate,TypeBoost,ドラゴンタイプの技の威力が1.2倍,1.0,1.0,1.0,1.0,1.0,Dragon,1.2
dread-plate,TypeBoost,あくタイプの技の威力が1.2倍,1.0,1.0,1.0,1.0,1.0,Dark,1.2
iron-plate,TypeBoost,はがねタイプの技の威力が1.2倍,1.0,1.0,1.0,1.0,1.0,Steel,1.2
pixie-plate,TypeBoost,フェアリータイプの技の威力が1.2倍,1.0,1.0,1.0,1.0,1.0,Fairy,1.2
black-sludge,BlackSludge,どくタイプは毎ターンHPを1/16回復、それ以外は1/8ダメージ,1.0,1.0,1.0,1.0,1.0,,1.0
oran-berry,OranBerry,HPが1/2以下になるとHPを10回復,1.0,1.0,1.0,1.0,1.0,,1.0
figy-berry,PinchBerry,HPが1/4以下になるとHPを1/3回復,1.0,1.0,1.0,1.0,1.0,,1.0
wiki-berry,PinchBerry,HPが1/4以下になるとHPを1/3回復,1.0,1.0,1.0,1.0,1.0,,1.0
mago-berry,PinchBerry,HPが1/4以下になるとHPを1/3回復,1.0,1.0,1.0,1.0,1.0,,1.0
aguav-berry,PinchBerry,HPが1/4以下になるとHPを1/3回復,1.0,1.0,1.0,1.0,1.0,,1.0
iapapa-berry,PinchBerry,HPが1/4以下になるとHPを1/3回復,1.0,1.0,1.0,1.0,1.0,,1.0
occa-berry,ResistBerry,効果抜群の技のダメージを1回だけ半減,1.0,1.0,1.0,1.0,1.0,Fire,1.0
passho-berry,ResistBerry,効果抜群の技のダメージを1回だけ半減,1.0,1.0,1.0,1.0,1.0,Water,1.0
wacan-berry,ResistBerry,効果抜群の技のダメージを1回だけ半減,1.0,1.0,1.0,1.0,1.0,Electric,1.0
rindo-berry,ResistBerry,効果抜群の技のダメージを1回だけ半減,1.0,1.0,1.0,1.0,1.0,Grass,1.0
yache-berry,ResistBerry,効果抜群の技のダメージを1回だけ半減,1.0,1.0,1.0,1.0,1.0,Ice,1.0
chople-berry,ResistBerry,効果抜群の技のダメージを1回だけ半減,1.0,1.0,1.0,1.0,1.0,Fighting,1.0
kebia-berry,ResistBerry,効果抜群の技のダメージを1回だけ半減,1.0,1.0,1.0,1.0,1.0,Poison,1.0
shuca-berry,ResistBerry,効果抜群の技のダメージを1回だけ半減,1.0,1.0,1.0,1.0,1.0,Ground,1.0
coba-berry,ResistBerry,効果抜群の技のダメージを1回だけ半減,1.0,1.0,1.0,1.0,1.0,Flying,1.0
payapa-berry,ResistBerry,効果抜群の技のダメージを1回だけ半減,1.0,1.0,1.0,1.0,1.0,Psychic,1.0
tanga-berry,ResistBerry,効果抜群の技のダメージを1回だけ半減,1.0,1.0,1.0,1.0,1.0,Bug,1.0
charti-berry,ResistBerry,効果抜群の技のダメージを1回だけ半減,1.0,1.0,1.0,1.0,1.0,Rock,1.0
kasib-berry,ResistBerry,効果抜群の技のダメージを1回だけ半減,1.0,1.0,1.0,1.0,1.0,Ghost,1.0
haban-berry,ResistBerry,効果抜群の技のダメージを1回だけ半減,1.0,1.0,1.0,1.0,1.0,Dragon,1.0
colbur-berry,ResistBerry,効果抜群の技のダメージを1回だけ半減,1.0,1.0,1.0,1.0,1.0,Dark,1.0
babiri-berry,ResistBerry,効果抜群の技のダメージを1回だけ半減,1.0,1.0,1.0,1.0,1.0,Steel,1.0
roseli-berry,ResistBerry,効果抜群の技のダメージを1回だけ半減,1.0,1.0,1.0,1.0,1.0,Fairy,1.0
chilan-berry,ResistBerry,ノーマル技のダメージを1回だけ半減,1.0,1.0,1.0,1.0,1.0,Normal,1.0
