Id,Name,Type,Power,Accuracy,PP,Category,Target,Priority,Flags,EffectChance,Description
1,はたく,Normal,40,100,35,Physical,Single,0,Contact,0,長い しっぽや 手などを 使って 相手を はたいて 攻撃する。
5,メガトンパンチ,Normal,80,85,20,Physical,Single,0,Contact;Punch,0,力を こめた パンチで 相手を 攻撃する。
6,ネコにこばん,Normal,40,100,20,Physical,Single,0,,0,相手の 体に 小判を 投げつけて 攻撃する。 戦闘の あとで お金が もらえる。
7,ほのおのパンチ,Fire,75,100,15,Physical,Single,0,Contact;Punch,10,炎を こめた パンチで 相手を 攻撃する。 やけど状態に することが ある。
8,れいとうパンチ,Ice,75,100,15,Physical,Single,0,Contact;Punch,10,冷気を こめた パンチで 相手を 攻撃する。 こおり状態に することが ある。
9,かみなりパンチ,Electric,75,100,15,Physical,Single,0,Contact;Punch,10,電撃を こめた パンチで 相手を 攻撃する。 まひ状態に することが ある。
10,ひっかく,Normal,40,100,35,Physical,Single,0,Contact,0,硬く とがった 鋭い ツメで 相手を ひっかいて 攻撃する。
11,はさむ,Normal,55,100,30,Physical,Single,0,Contact,0,相手を 両側から はさんで ダメージを あたえる。
12,ハサミギロチン,Normal,0,30,5,Physical,Single,0,Contact,0,大きな ハサミで 相手を 切り裂いて 攻撃する。 当たれば 一撃で ひんしに する。
14,つるぎのまい,Normal,0,0,20,Status,Single,0,,0,戦いの舞を 激しく おどって 気合を 高める。 自分の 攻撃を ぐーんと あげる。
16,かぜおこし,Flying,40,100,35,Special,Single,0,,0,翼で おこした 激しい 風を 相手に ぶつけて 攻撃する。
17,つばさでうつ,Flying,60,100,35,Physical,Single,0,Contact,0,大きく ひろげた りっぱな 翼を 相手に ぶつけて 攻撃する。
18,ふきとばし,Normal,0,0,20,Status,Single,-6,,0,相手を 吹きとばして 控えの ポケモンを ひきずりだす。 野生の 場合は 戦闘が 終わる。
19,そらをとぶ,Flying,90,95,15,Physical,Single,0,Contact,0,１ターン目で 空へ 飛び ２ターン目に 相手を 攻撃する。
20,しめつける,Normal,15,85,20,Physical,Single,0,Contact,100,長い 体や つるなどを 使い ４ー５ターンの 間 相手を 締めつけて 攻撃する。
21,たたきつける,Normal,80,75,20,Physical,Single,0,Contact,0,長い しっぽや つるなどを 使い 相手を たたきつけて 攻撃する。
22,つるのムチ,Grass,45,100,25,Physical,Single,0,Contact,0,ムチのように しなる 細長い つるで 相手を たたきつけて 攻撃する。
23,ふみつけ,Normal,65,100,20,Physical,Single,0,Contact,30,大きな 足で 相手を 踏みつけて 攻撃する。 相手を ひるませることが ある。
24,にどげり,Fighting,30,100,30,Physical,Single,0,Contact,0,２本の 足で 相手を けとばして 攻撃する。 ２回連続で ダメージを 与える。
25,メガトンキック,Normal,120,75,5,Physical,Single,0,Contact,0,ものすごい 力を こめた キックで 相手を けとばして 攻撃する。
28,すなかけ,Ground,0,100,15,Status,Single,0,,0,相手の 顔に 砂を かけて 命中率を さげる。
29,ずつき,Normal,70,100,15,Physical,Single,0,Contact,30,頭を 突きだして まっすぐ つっこんで 攻撃する。 相手を ひるませることが ある。
30,つのでつく,Normal,65,100,25,Physical,Single,0,Contact,0,鋭く とがった つので 相手を 攻撃する。
31,みだれづき,Normal,15,85,20,Physical,Single,0,Contact,0,つのや くちばしで 相手を つついて 攻撃する。 ２ー５回の 間 連続で だす。
32,つのドリル,Normal,0,30,5,Physical,Single,0,Contact,0,回転する つのを 相手に 突き刺して 攻撃する。 当たれば 一撃で ひんしに する。
33,たいあたり,Normal,40,100,35,Physical,Single,0,Contact,0,相手に むかって 全身で ぶつかっていき 攻撃する。
34,のしかかり,Normal,85,100,15,Physical,Single,0,Contact,30,全身で 相手に のしかかり 攻撃する。 まひ状態に することが ある。
35,まきつく,Normal,15,90,20,Physical,Single,0,Contact,100,長い 体や つるなどを 使って ４ー５ターンの 間 相手に まきついて 攻撃する。
36,とっしん,Normal,90,85,20,Physical,Single,0,Contact,0,すごい 勢いで 相手に ぶつかって 攻撃する。 自分も 少し ダメージを 受ける。
37,あばれる,Normal,120,100,10,Physical,Single,0,Contact,0,２ー３ターンの 間 暴れまくって 相手を 攻撃する。 暴れたあとは 混乱する。
38,すてみタックル,Normal,120,100,15,Physical,Single,0,Contact,0,命を 懸けて 相手に 突進して 攻撃する。 自分も かなり ダメージを 受ける。
39,しっぽをふる,Normal,0,100,30,Status,AllFoes,0,,0,しっぽを 左右に かわいく ふって 油断を 誘う。 相手の 防御を さげる。
40,どくばり,Poison,15,100,35,Physical,Single,0,,30,毒の ある ハリを 相手に 突き刺して 攻撃する。 毒状態に することが ある。
42,ミサイルばり,Bug,25,95,20,Physical,Single,0,,0,鋭い ハリを 相手に 発射して 攻撃する。 ２ー５回の 間 連続で だす。
43,にらみつける,Normal,0,100,30,Status,AllFoes,0,,100,鋭い 目つきで おびえさせて 相手の 防御を さげる。
44,かみつく,Dark,60,100,25,Physical,Single,0,Bite;Contact,30,鋭く とがった 歯で かみついて 攻撃する。 相手を ひるませることが ある。
45,なきごえ,Normal,0,100,40,Status,AllFoes,0,Sound,0,かわいい なきごえを 聞かせて 気を ひき 油断を させて 相手の 攻撃を さげる。
46,ほえる,Normal,0,0,20,Status,Single,-6,Sound,0,相手を 逃がして 控えの ポケモンを ひきずりだす。 野生の 場合は 戦闘が 終わる。
47,うたう,Normal,0,55,15,Status,Single,0,Sound,0,心地好い きれいな 歌声を 聞かせて 相手を 眠り状態に する。
48,ちょうおんぱ,Normal,0,55,20,Status,Single,0,Sound,0,特殊な 音波を 体から 発して 相手を 混乱させる。
50,かなしばり,Normal,0,100,20,Status,Single,0,,0,相手の 動きを とめて 直前に だしていた 技を ４ターンの 間 使えなくする。
51,ようかいえき,Poison,40,100,30,Special,AllFoes,0,,10,強い 酸を 相手に かけて 攻撃する。 相手の 特防を さげることが ある。
52,ひのこ,Fire,40,100,25,Special,Single,0,,10,小さな 炎を 相手に 発射して 攻撃する。 やけど状態に することが ある。
53,かえんほうしゃ,Fire,90,100,15,Special,Single,0,,10,激しい 炎を 相手に 発射して 攻撃する。 やけど状態に することが ある。
54,しろいきり,Ice,0,0,30,Status,Single,0,,0,白い霧で 体を おおう。 ５ターンの 間 相手に 能力を さげられなく なる。
55,みずでっぽう,Water,40,100,25,Special,Single,0,,0,水を 勢いよく 相手に 発射して 攻撃する。
56,ハイドロポンプ,Water,110,80,5,Special,Single,0,,0,大量の 水を 激しい 勢いで 相手に 発射して 攻撃する。
57,なみのり,Water,90,100,15,Special,AllOthers,0,,0,大きな 波で 自分の 周りに いるものを 攻撃する。
58,れいとうビーム,Ice,90,100,10,Special,Single,0,,10,凍える ビームを 相手に 発射して 攻撃する。 こおり状態に することが ある。
59,ふぶき,Ice,110,70,5,Special,AllFoes,0,,10,激しい 吹雪を 相手に 吹きつけて 攻撃する。 こおり状態に することが ある。
60,サイケこうせん,Psychic,65,100,20,Special,Single,0,,10,不思議な 光線を 相手に 発射して 攻撃する。 混乱させることが ある。
61,バブルこうせん,Water,65,100,20,Special,Single,0,,10,泡を 勢いよく 相手に 発射して 攻撃する。 素早さを さげる ことが ある。
62,オーロラビーム,Ice,65,100,20,Special,Single,0,,10,にじいろの ビームを 相手に 発射して 攻撃する。 攻撃を さげる ことが ある。
63,はかいこうせん,Normal,150,90,5,Special,Single,0,Recharge,0,強い 光線を 相手に 発射して 攻撃する。 次の ターンは 動けなくなる。
64,つつく,Flying,35,100,35,Physical,Single,0,Contact,0,鋭く とがった くちばしや つので 相手を 突いて 攻撃する。
65,ドリルくちばし,Flying,80,100,20,Physical,Single,0,Contact,0,回転しながら とがった くちばしを 相手に 突き刺して 攻撃する。
67,けたぐり,Fighting,0,100,20,Physical,Single,0,Contact,0,足を 強く けり 相手を 転ばせて 攻撃する。 相手が 重いほど 威力が あがる。
68,カウンター,Fighting,0,100,20,Physical,Single,-5,Contact,0,相手から 受けた 物理攻撃の ダメージを ２倍に して 同じ 相手に 返す。
69,ちきゅうなげ,Fighting,0,100,20,Physical,Single,0,Contact,0,引力を 使い 投げとばす。 自分の レベルと 同じ ダメージを 相手に 与える。
70,かいりき,Normal,80,100,15,Physical,Single,0,Contact,0,こん身の 力で 相手を なぐりつけて 攻撃する。
71,すいとる,Grass,20,100,25,Special,Single,0,,0,養分を 吸い取り 攻撃する。 相手に 与えた ダメージの 半分の ＨＰを 回復できる。
72,メガドレイン,Grass,40,100,15,Special,Single,0,,0,養分を 吸い取り 攻撃する。 相手に 与えた ダメージの 半分の ＨＰを 回復できる。
73,やどりぎのタネ,Grass,0,90,10,Status,Single,0,,0,植えつけた 相手の ＨＰを 毎ターン 少しだけ 吸い取り 自分の ＨＰを 回復する。
74,せいちょう,Normal,0,0,20,Status,Single,0,,0,体を 一気に 大きく 生長させて 攻撃と 特攻を あげる。
75,はっぱカッター,Grass,55,95,25,Physical,AllFoes,0,,0,はっぱを とばして 相手を 切りつけて 攻撃する。 急所に 当たりやすい。
76,ソーラービーム,Grass,120,100,10,Special,Single,0,,0,１ターン目に 光を いっぱいに 集め ２ターン目に 光の 束を 発射して 攻撃する。
77,どくのこな,Poison,0,75,35,Status,Single,0,Powder,0,毒の ある 粉を たくさん ふりまいて 相手を 毒状態に する。
78,しびれごな,Grass,0,75,30,Status,Single,0,Powder,0,しびれる 粉を たくさん ふりまいて 相手を まひ状態に する。
79,ねむりごな,Grass,0,75,15,Status,Single,0,Powder,0,眠くなる 粉を たくさん ふりまいて 相手を 眠り状態に する。
80,はなびらのまい,Grass,120,100,10,Special,Single,0,Contact,0,２ー３ターンの 間 花を まきちらして 相手を 攻撃する。 まきちらした あとは 混乱する。
81,いとをはく,Bug,0,95,40,Status,AllFoes,0,,0,口から 吹きだした 糸を まきつけて 相手の 素早さを がくっと さげる。
83,ほのおのうず,Fire,35,85,15,Special,Single,0,,100,激しく 渦をまく 炎の中に ４ー５ターンの 間 相手を 閉じこめて 攻撃する。
84,でんきショック,Electric,40,100,30,Special,Single,0,,10,電気の 刺激を 相手に 浴びせて 攻撃する。 まひ状態に することが ある。
85,１０まんボルト,Electric,90,100,15,Special,Single,0,,10,強い 電撃を 相手に 浴びせて 攻撃する。 まひ状態に することが ある。
86,でんじは,Electric,0,90,20,Status,Single,0,,0,弱い 電撃を 浴びせることで 相手を まひ状態に する。
87,かみなり,Electric,110,70,10,Special,Single,0,,30,激しい 雷を 相手に 落として 攻撃する。 まひ状態に することが ある。
88,いわおとし,Rock,50,90,15,Physical,Single,0,,0,小さな 岩を 持ちあげて 相手に 投げつけて 攻撃する。
89,じしん,Ground,100,100,10,Physical,AllOthers,0,,0,地震の 衝撃で 自分の 周りに いるものを 攻撃する。
90,じわれ,Ground,0,30,5,Physical,Single,0,,0,地割れの 裂け目に 相手を 落として 攻撃する。 当たれば 一撃で ひんしに する。
91,あなをほる,Ground,80,100,10,Physical,Single,0,Contact,0,１ターン目に 潜り ２ターン目で 相手を 攻撃する。
92,どくどく,Poison,0,90,10,Status,Single,0,,0,相手を 猛毒の 状態に する。 ターンが すすむほど 毒の ダメージが 増えていく。
93,ねんりき,Psychic,50,100,25,Special,Single,0,,10,弱い 念力を 相手に 送って 攻撃する。 相手を 混乱させることが ある。
94,サイコキネシス,Psychic,90,100,10,Special,Single,0,,10,強い 念力を 相手に 送って 攻撃する。 相手の 特防を さげることが ある。
95,さいみんじゅつ,Psychic,0,60,20,Status,Single,0,,0,眠気を 誘う 暗示を かけて 相手を 眠り状態に する。
97,こうそくいどう,Psychic,0,0,30,Status,Single,0,,0,力を ぬいて 体を 軽くして 高速で 動く。 自分の 素早さを ぐーんと あげる。
98,でんこうせっか,Normal,40,100,30,Physical,Single,1,Contact,0,目にも 留まらぬ ものすごい 速さで 相手に つっこむ。 必ず 先制攻撃 できる。
100,テレポート,Psychic,0,0,20,Status,Single,-6,,0,ひかえの ポケモンが いるときに 使うと 入れ替わる。 野生の ポケモンは 逃げてしまう。
101,ナイトヘッド,Ghost,0,100,15,Special,Single,0,,0,恐ろしい 幻を みせて 自分の レベルと 同じだけの ダメージを 相手に 与える。
102,ものまね,Normal,0,0,10,Status,Single,0,,0,相手が 最後に 使った 技を 戦闘の あいだ 自分の 技に することが できる。
103,いやなおと,Normal,0,85,40,Status,Single,0,Sound,0,おもわず 耳を ふさぎたくなる いやなおとを だして 相手の 防御を がくっと さげる。
104,かげぶんしん,Normal,0,0,15,Status,Single,0,,0,素早い 動きで 分身を つくり 相手を まどわせて 回避率を あげる。
105,じこさいせい,Normal,0,0,5,Status,Single,0,,0,細胞を 再生させて 自分の 最大ＨＰの 半分の ＨＰを 回復する。
106,かたくなる,Normal,0,0,30,Status,Single,0,,0,全身に 力を こめて 体を 硬くして 自分の 防御を あげる。
107,ちいさくなる,Normal,0,0,10,Status,Single,0,,0,体を ちぢめて 小さく みせて 自分の 回避率を ぐーんと あげる。
108,えんまく,Normal,0,100,20,Status,Single,0,,0,煙や 墨などを 吹きかけて 相手の 命中率を さげる。
109,あやしいひかり,Ghost,0,100,10,Status,Single,0,,0,怪しい 光を 相手に みせて まどわせる。 相手を 混乱させる。
110,からにこもる,Water,0,0,40,Status,Single,0,,0,殻に 潜りこんで 身を守り 自分の 防御を あげる。
111,まるくなる,Normal,0,0,40,Status,Single,0,,0,体を まるめて ちぢこまり 自分の 防御を あげる。
113,ひかりのかべ,Psychic,0,0,30,Status,Single,0,,0,５ターンの 間 不思議な かべで 相手から 受ける 特殊攻撃の ダメージを 弱める。
114,くろいきり,Ice,0,0,30,Status,Single,0,,0,黒い霧を だして 戦闘に でている ポケモン 全員の 能力変化を もとに もどす。
115,リフレクター,Psychic,0,0,20,Status,Single,0,,0,５ターンの 間 不思議な かべで 相手から 受ける 物理攻撃の ダメージを 弱める。
116,きあいだめ,Normal,0,0,30,Status,Single,0,,0,深く 息を 吸い 気合を こめる。 自分の 攻撃が 急所に 当たりやすくなる。
118,ゆびをふる,Normal,0,0,10,Status,Single,0,,0,指をふり 自分の 脳を 刺激して すべての 技の なかから どれか １つを くりだす。
120,じばく,Normal,200,100,5,Physical,AllOthers,0,,0,爆発を おこして 自分の 周りに いるものを 攻撃する。 使ったあとに ひんしに なる。
122,したでなめる,Ghost,30,100,30,Physical,Single,0,Contact,30,長い 舌で 相手を なめまわして 攻撃する。 まひ状態に することが ある。
123,スモッグ,Poison,30,70,20,Special,Single,0,,40,汚れた ガスを 相手に 吹きつけて 攻撃する。 毒状態に することが ある。
124,ヘドロこうげき,Poison,65,100,20,Special,Single,0,,30,汚い ヘドロを 相手に 投げつけて 攻撃する。 毒状態に することが ある。
126,だいもんじ,Fire,110,85,5,Special,Single,0,,10,大の字の 炎で 相手を 焼きつくす。 やけど状態に することが ある。
127,たきのぼり,Water,80,100,15,Physical,Single,0,Contact,20,すごい 勢いで 相手に つっこむ。 相手を ひるませることが ある。
129,スピードスター,Normal,60,0,20,Special,AllFoes,0,,0,星型の 光を 発射して 相手を 攻撃する。 攻撃は 必ず 命中する。
133,ドわすれ,Psychic,0,0,20,Status,Single,0,,0,頭を からにして 一瞬 なにかを 忘れることで 自分の 特防を ぐーんと あげる。
135,タマゴうみ,Normal,0,0,5,Status,Single,0,,0,最大ＨＰの 半分 自分の ＨＰを 回復する。
136,とびひざげり,Fighting,130,90,10,Physical,Single,0,Contact,0,ジャンプからの ひざげりで 相手を 攻撃する。 はずすと 自分が ダメージを 受ける。
137,へびにらみ,Normal,0,100,30,Status,Single,0,,0,おなかの 模様で おびえさせて 相手を まひの 状態に する。
138,ゆめくい,Psychic,100,100,15,Special,Single,0,,0,寝ている 相手の 夢を 食べて 攻撃する。 ダメージの 半分の ＨＰを 回復する。
139,どくガス,Poison,0,90,40,Status,AllFoes,0,,0,毒ガスを 相手の 顔に 吹きかけて 毒の 状態に する。
141,きゅうけつ,Bug,80,100,10,Physical,Single,0,Contact,0,血を 吸い取って 相手を 攻撃する。 与えた ダメージの 半分の ＨＰを 回復できる。
143,ゴッドバード,Flying,140,90,5,Physical,Single,0,,30,２ターン目に 相手を 攻撃する。 たまに ひるませる。 急所にも 当たりやすい。
144,へんしん,Normal,0,0,10,Status,Single,0,,0,相手の ポケモンに 変身することで 相手と まったく 同じ 技が 使える。
147,キノコのほうし,Grass,0,100,15,Status,Single,0,Powder,0,催眠効果の ある 胞子を パラパラと ふりまき 相手を 眠り状態に する。
150,はねる,Normal,0,0,40,Status,Single,0,,0,攻撃もせずに ピョン ピョンと 跳ねるだけで なにも おこらない……。
151,とける,Poison,0,0,20,Status,Single,0,,0,細胞の 変化で 液状に なり 自分の 防御を ぐーんと あげる。
152,クラブハンマー,Water,100,90,10,Physical,Single,0,Contact,0,大きな ハサミを 相手に たたきつけて 攻撃する。 急所に 当たりやすい。
153,だいばくはつ,Normal,250,100,5,Physical,AllOthers,0,,0,大きな 爆発で 自分の 周りに いるものを 攻撃する。 使ったあとに ひんしに なる。
154,みだれひっかき,Normal,18,80,15,Physical,Single,0,Contact,0,ツメや カマなどで 相手を ひっかいて 攻撃する。 ２ー５回の 間 連続で だす。
156,ねむる,Psychic,0,0,5,Status,Single,0,,0,２ターンの 間 眠り続ける。 自分の ＨＰと 状態異常を すべて 回復する。
157,いわなだれ,Rock,75,90,10,Physical,AllFoes,0,,30,大きな 岩を 激しく ぶつけて 攻撃する。 相手を ひるませることが ある。
160,テクスチャー,Normal,0,0,30,Status,Single,0,,0,自分の タイプを おぼえている 技で 一番 上の 技と 同じ タイプに する。
161,トライアタック,Normal,80,100,10,Special,Single,0,,20,３つの 光線で 攻撃する。 まひか やけどか こおり状態の どれかに することが ある。
162,いかりのまえば,Normal,0,90,10,Physical,Single,0,Contact,0,鋭い 前歯で 激しく かみついて 攻撃する。 相手の ＨＰは 半分に なる。
163,きりさく,Normal,70,100,20,Physical,Single,0,Contact,0,ツメや カマなどで 相手を 切り裂いて 攻撃する。 急所に 当たりやすい。
164,みがわり,Normal,0,0,10,Status,Single,0,,0,自分の ＨＰを 少し 削って 分身を だす。 分身は 自分の 身代わりに なる。
166,スケッチ,Normal,0,0,1,Status,Single,0,,0,相手が 使った 技を 自分の ものに する。 １回 使うと スケッチは 消える。
167,トリプルキック,Fighting,10,90,10,Physical,Single,0,Contact,0,３回連続で キックを くりだして 攻撃する。 技が 当たるたびに 威力は あがる。
168,どろぼう,Dark,60,100,25,Physical,Single,0,Contact,0,攻撃と 同時に 道具を 盗む。 自分が 道具を 持っている 場合は 盗めない。
172,かえんぐるま,Fire,60,100,25,Physical,Single,0,Contact,10,炎を まとい 相手に 突進して 攻撃する。 やけど状態に することが ある。
173,いびき,Normal,50,100,15,Special,Single,0,Sound,30,自分が 寝ているときに 雑音を だして 攻撃する。 相手を ひるませることが ある。
174,のろい,Ghost,0,0,10,Status,Single,0,,0,使う ポケモンが ゴーストタイプと それ以外 とでは 効果が 変わる。
175,じたばた,Normal,0,100,15,Physical,Single,0,Contact,0,じたばた 暴れて 攻撃する。 自分の ＨＰが 少ないほど 技の 威力は あがる。
176,テクスチャー２,Normal,0,0,30,Status,Single,0,,0,相手が 最後に 使った技に 抵抗できる ように 自分の タイプを 変化させる。
177,エアロブラスト,Flying,100,95,5,Special,Single,0,,0,空気の 渦を 発射して 攻撃する。 急所に 当たりやすい。
178,わたほうし,Grass,0,100,40,Status,AllFoes,0,Powder,0,綿のような フワフワの 胞子を まとわり つかせて 相手の 素早さを がくっと さげる。
179,きしかいせい,Fighting,0,100,15,Physical,Single,0,Contact,0,力を ふりしぼり 攻撃する。 自分の ＨＰが 少ないほど 技の 威力は あがる。
180,うらみ,Ghost,0,100,10,Status,Single,0,,0,相手が 最後に 使った技に 恨みを 抱いて その技の ＰＰを ４だけ 減らす。
181,こなゆき,Ice,40,100,25,Special,AllFoes,0,,10,冷たい 粉雪を 相手に 吹きつけて 攻撃する。 こおり状態に することが ある。
182,まもる,Normal,0,0,10,Status,Single,4,,0,相手の 攻撃を まったく 受けない。 連続で だすと 失敗しやすい。
183,マッハパンチ,Fighting,40,100,30,Physical,Single,1,Contact;Punch,0,目にも 留まらぬ ものすごい 速さで パンチを くりだす。 必ず 先制攻撃 できる。
184,こわいかお,Normal,0,100,10,Status,Single,0,,0,恐ろしい 顔で にらみ おびえさせて 相手の 素早さを がくっと さげる。
186,てんしのキッス,Fairy,0,75,10,Status,Single,0,,0,天使のように かわいく キスして 相手を 混乱させる。
187,はらだいこ,Normal,0,0,10,Status,Single,0,,0,自分の ＨＰを 最大ＨＰの 半分 減らして 自分の 攻撃を 最大に あげる。
188,ヘドロばくだん,Poison,90,100,10,Special,Single,0,Bullet,30,汚い ヘドロを 相手に 投げつけて 攻撃する。 毒状態に することが ある。
189,どろかけ,Ground,20,100,10,Special,Single,0,,100,相手の 顔などに 泥を 投げつけて 攻撃する。 命中率を さげる。
191,まきびし,Ground,0,0,20,Status,Single,0,,0,相手の 足下に まきびしを しかける。交代で でてきた 相手の ポケモンに ダメージを 与える。
192,でんじほう,Electric,120,50,5,Special,Single,0,Bullet,100,大砲の ような 電気を 発射して 攻撃する。 相手を まひの 状態に する。
194,みちづれ,Ghost,0,0,5,Status,Single,0,,0,技のあと 相手の 攻撃で ひんしに なると 攻撃 相手も ひんしにする。 連続して 出すと 失敗する。
195,ほろびのうた,Normal,0,0,5,Status,AllOthers,0,Sound,0,歌を 聴いた ポケモンは ３ターン たつと ひんしに なる。 交代すると 効果は なくなる。
196,こごえるかぜ,Ice,55,95,15,Special,AllFoes,0,,100,凍てつく 冷気を 相手に 吹きつけて 攻撃する。 相手の 素早さを さげる。
197,みきり,Fighting,0,0,5,Status,Single,4,,0,相手の 攻撃を まったく 受けない。 連続で だすと 失敗しやすい。
198,ボーンラッシュ,Ground,25,90,10,Physical,Single,0,,0,硬い ホネで 相手を なぐりつけて 攻撃する。 ２ー５回の 間 連続で だす。
199,ロックオン,Normal,0,0,5,Status,Single,0,,0,照準を しっかり あわせて 次の 攻撃が 必ず 相手に 当たるように する。
200,げきりん,Dragon,120,100,10,Physical,Single,0,Contact,0,２ー３ターンの 間 暴れまくって 攻撃する。 暴れたあとは 混乱する。
201,すなあらし,Rock,0,0,10,Status,Single,0,,0,５ターンの 間 砂あらしで いわ じめん はがねタイプ 以外に ダメージ。 いわタイプの 特防が あがる。
202,ギガドレイン,Grass,75,100,10,Special,Single,0,,0,養分を 吸い取り 攻撃する。 与えた ダメージの 半分の ＨＰを 回復できる。
203,こらえる,Normal,0,0,10,Status,Single,4,,0,攻撃を 受けても ＨＰを 必ず １だけ 残せる。 連続で だすと 失敗しやすい。
204,あまえる,Fairy,0,100,20,Status,Single,0,,0,かわいく みつめて 油断を 誘い 相手の 攻撃を がくっと さげる。
205,ころがる,Rock,30,90,20,Physical,Single,0,Contact,0,５ターンの 間 転がり続けて 攻撃する。 技が 当たるたびに 威力が あがる。
206,みねうち,Normal,40,100,40,Physical,Single,0,Contact,0,相手の ＨＰが 必ず １だけ 残るように 手加減して 攻撃する。
207,いばる,Normal,0,85,15,Status,Single,0,,0,相手を 怒らせて 混乱させる。 怒りで 相手の 攻撃は ぐーんと あがってしまう。
208,ミルクのみ,Normal,0,0,5,Status,Single,0,,0,最大ＨＰの 半分 自分の ＨＰを 回復する。
209,スパーク,Electric,65,100,20,Physical,Single,0,Contact,30,電気を まとい 相手に 突進して 攻撃する。 まひ状態に することが ある。
210,れんぞくぎり,Bug,40,95,20,Physical,Single,0,Contact,0,カマや ツメなどで 相手を 切りつけて 攻撃する。 連続で 当てると 威力が あがる。
211,はがねのつばさ,Steel,70,90,25,Physical,Single,0,Contact,10,硬い 翼を 相手に たたきつけて 攻撃する。 自分の 防御が あがることが ある。
212,くろいまなざし,Normal,0,0,5,Status,Single,0,,0,吸いこまれるような 黒い まなざしで じっと みつめて 相手を 戦闘から 逃げられなくする。
213,メロメロ,Normal,0,100,15,Status,Single,0,,0,♂なら♀を ♀なら♂を 誘惑して メロメロに する。 相手は 技が だしにくくなる。
214,ねごと,Normal,0,0,10,Status,Single,0,,0,自分が おぼえている 技の うち どれか １つを くりだす。 自分が 寝ているときだけ 使える。
215,いやしのすず,Normal,0,0,5,Status,Single,0,Sound,0,心地好い 鈴の 音色を 聞かせて 味方 全員の 状態異常を 回復 する。
217,プレゼント,Normal,0,90,15,Physical,Single,0,,0,わなを しかけた 箱を 相手に わたして 攻撃する。ＨＰが 回復して しまうことも ある。
219,しんぴのまもり,Normal,0,0,25,Status,Single,0,,0,５ターンの 間 不思議な 力に 守られて 状態異常に ならなくなる。
220,いたみわけ,Normal,0,0,20,Status,Single,0,,0,自分の ＨＰと 相手の ＨＰを あわせて それを 自分と 相手で なかよく わける。
221,せいなるほのお,Fire,100,95,5,Physical,Single,0,,50,神秘の 炎で 相手を 焼きつくして 攻撃する。 やけど状態に することが ある。
223,ばくれつパンチ,Fighting,100,50,5,Physical,Single,0,Contact;Punch,100,こん身の 力で パンチを くりだして 攻撃する。 相手を 必ず 混乱させる。
224,メガホーン,Bug,120,85,10,Physical,Single,0,Contact,0,硬くて りっぱな つので おもいっきり 相手を 突き刺して 攻撃する。
225,りゅうのいぶき,Dragon,60,100,20,Special,Single,0,,30,ものすごい 息を 相手に 吹きつけて 攻撃する。 まひ状態に することが ある。
226,バトンタッチ,Normal,0,0,40,Status,Single,0,,0,控えの ポケモンと 入れ替わる。 能力変化は 替わった ポケモンが そのまま 受けつぐ。
227,アンコール,Normal,0,100,5,Status,Single,0,,0,相手に アンコールした 技を ３回 続けて 出させる。
229,こうそくスピン,Normal,50,100,40,Physical,Single,0,Contact,100,回転して 相手を 攻撃する。 しめつける まきつく やどりぎのタネ など 吹きとばす。自分の 素早さも あがる。
230,あまいかおり,Normal,0,100,20,Status,AllFoes,0,,0,香りで 相手の 回避率を がくっと さげる。
231,アイアンテール,Steel,100,75,15,Physical,Single,0,Contact,30,硬い しっぽで 相手を たたきつけて 攻撃する。 相手の 防御を さげることが ある。
232,メタルクロー,Steel,50,95,35,Physical,Single,0,Contact,10,鋼鉄の ツメで 相手を 切り裂いて 攻撃する。 自分の 攻撃が あがることが ある。
234,あさのひざし,Normal,0,0,5,Status,Single,0,,0,自分の ＨＰを 回復する。 天気に よって 回復の 量が 変化する。
235,こうごうせい,Grass,0,0,5,Status,Single,0,,0,自分の ＨＰを 回復する。 天気に よって 回復の 量が 変化する。
236,つきのひかり,Fairy,0,0,5,Status,Single,0,,0,自分の ＨＰを 回復する。 天気に よって 回復の 量が 変化する。
238,クロスチョップ,Fighting,100,80,5,Physical,Single,0,Contact,0,両手チョップを 相手に たたきつけて 攻撃する。 急所に 当たりやすい。
239,たつまき,Dragon,40,100,20,Special,AllFoes,0,,20,竜巻を おこして 相手を まきこみ 攻撃する。 相手を ひるませることが ある。
240,あまごい,Water,0,0,5,Status,Single,0,,0,５ターンの 間 雨を 降らせて みずタイプの 威力を あげる。 ほのおタイプの 威力は さがる。
241,にほんばれ,Fire,0,0,5,Status,Single,0,,0,５ターンの 間 日差しを 強くして ほのおタイプの 威力を あげる。 みずタイプの 威力は さがる。
242,かみくだく,Dark,80,100,15,Physical,Single,0,Bite;Contact,20,鋭い 歯で 相手を かみくだいて 攻撃する。 相手の 防御を さげることが ある。
243,ミラーコート,Psychic,0,100,20,Special,Single,-5,,0,相手から 受けた 特殊攻撃の ダメージを ２倍に して その相手に 返す。
244,じこあんじ,Normal,0,0,10,Status,Single,0,,0,自分に 暗示を かけることで 能力変化の 状態を 相手と 同じにする。
245,しんそく,Normal,80,100,5,Physical,Single,2,Contact,0,目にも 留まらぬ ものすごい 速さで 相手に 突進して 攻撃する。 必ず 先制攻撃 できる。
246,げんしのちから,Rock,60,100,5,Special,Single,0,,10,原始の 力で 攻撃する。 自分の すべての 能力が あがることが ある。
247,シャドーボール,Ghost,80,100,15,Special,Single,0,Bullet,20,黒い影の 塊を 投げつけて 攻撃する。 相手の 特防を さげることが ある。
248,みらいよち,Psychic,120,100,10,Special,Single,0,,0,技を 使った ２ターン後に 相手に 念力の 塊を 送って 攻撃する。
249,いわくだき,Fighting,40,100,15,Physical,Single,0,Contact,50,パンチで 攻撃する。相手の 防御を さげる ことが ある。
250,うずしお,Water,35,85,15,Special,Single,0,,100,激しく 渦をまく 水の中に ４ー５ターンの 間 相手を 閉じこめて 攻撃する。
251,ふくろだたき,Dark,0,100,10,Physical,Single,0,,0,味方 全員で 攻撃する。 仲間の ポケモンが 多いほど 技の 攻撃回数が 増える。
252,ねこだまし,Normal,40,100,10,Physical,Single,3,Contact,100,先制攻撃で 相手を ひるませる。 戦闘に でたら すぐに ださないと 成功しない。
253,さわぐ,Normal,90,100,10,Special,Single,0,Sound,0,３ターンの 間 騒いで 相手を 攻撃する。 そのあいだは だれも 眠れなくなる。
254,たくわえる,Normal,0,0,20,Status,Single,0,,0,力を 蓄えて 自分の 防御と 特防を あげる。 最大 ３回まで 蓄えられる。
255,はきだす,Normal,0,100,10,Special,Single,0,,0,蓄えた 力を 相手に ぶつけて 攻撃する。 蓄えているほど 威力が あがる。
256,のみこむ,Normal,0,0,10,Status,Single,0,,0,蓄えた 力を のみこんで 自分の ＨＰを 回復する。 蓄えているほど 回復する。
257,ねっぷう,Fire,95,90,10,Special,AllFoes,0,,10,熱い 息を 相手に 吹きつけて 攻撃する。 やけど状態に することが ある。
259,いちゃもん,Dark,0,100,15,Status,Single,0,,0,相手に いちゃもんを つけて 同じ 技を ２回連続で だせなくする。
260,おだてる,Dark,0,100,15,Status,Single,0,,0,相手を おだてて 混乱させる。 同時に 相手の 特攻も あげてしまう。
261,おにび,Fire,0,85,15,Status,Single,0,,0,不気味で 怪しい 炎を 放って 相手を やけどの 状態に する。
262,おきみやげ,Dark,0,100,10,Status,Single,0,,0,自分は ひんしに なるが そのかわりに 相手の 攻撃と 特攻を がくっと さげる。
263,からげんき,Normal,70,100,20,Physical,Single,0,Contact,0,自分が 毒 まひ やけど 状態のとき 相手に くりだすと 技の 威力が ２倍に なる。
264,きあいパンチ,Fighting,150,100,20,Physical,Single,-3,Contact;Punch,0,精神を 高めて パンチを くりだす。 技を だすまでに 攻撃を 受けると 失敗する。
266,このゆびとまれ,Normal,0,0,20,Status,Single,2,,0,自分に 注目させて 相手からの 攻撃を すべて 自分に むけさせる。
268,じゅうでん,Electric,0,0,20,Status,Single,0,,0,次の ターンに だす でんきタイプの 技の 威力を あげる。 自分の 特防も あがる。
269,ちょうはつ,Dark,0,100,20,Status,Single,0,,0,相手を 怒らせる。 ３ターンの 間 相手は ダメージを 与える 技しか だせなくなる。
270,てだすけ,Normal,0,0,20,Status,Single,5,,0,仲間を 助ける。 てだすけ された ポケモンの 技の 威力は いつもより 大きくなる。
271,トリック,Psychic,0,100,10,Status,Single,0,,0,相手の すきを ついて 自分と 相手の 持ち物を 交換する。
272,なりきり,Psychic,0,0,10,Status,Single,0,,0,相手に なりきって 自分も 相手と 同じ 特性に 変化する。
273,ねがいごと,Normal,0,0,10,Status,Single,0,,0,次の ターンに 自分 もしくは 入れ替わった ポケモンの ＨＰを 最大ＨＰの 半分 回復する。
275,ねをはる,Grass,0,0,20,Status,Single,0,,0,大地に 根を 張り 毎ターン 自分の ＨＰを 回復する。 根を 張っているので 入れ替えられない。
276,ばかぢから,Fighting,120,100,5,Physical,Single,0,Contact,100,すごい 力を 発揮して 相手を 攻撃する。自分の 攻撃と 防御が さがる。
278,リサイクル,Normal,0,0,10,Status,Single,0,,0,戦闘中に 使って なくなった 自分の 持ち物を 再生させて 使えるように する。
280,かわらわり,Fighting,75,100,15,Physical,Single,0,Contact,0,手刀を 勢いよく 振りおろして 相手を 攻撃する。 ひかりのかべや リフレクター なども 破壊できる。
281,あくび,Normal,0,0,10,Status,Single,0,,0,大きな あくびで 眠気を 誘う。 次の ターンに 相手を 眠り状態に する。
282,はたきおとす,Dark,65,100,20,Physical,Single,0,Contact,0,相手の 持ち物を はたき 落として 戦闘が 終わるまで 使えなくする。 物を持つ 相手には ダメージが増す。
283,がむしゃら,Normal,0,100,5,Physical,Single,0,Contact,0,相手の ＨＰが 自分の ＨＰと 同じくらいに なるように ダメージを 与える。
284,ふんか,Fire,150,100,5,Special,AllFoes,0,,0,怒りを 爆発させて 相手を 攻撃する。 自分の ＨＰが 少ないほど 技の 威力は さがる。
285,スキルスワップ,Psychic,0,0,10,Status,Single,0,,0,超能力で 自分の 特性と 相手の 特性を 入れ替える。
286,ふういん,Psychic,0,0,10,Status,Single,0,,0,相手が 自分と 同じ 技を おぼえていたら 相手だけ その技を 使えなくする。
291,ダイビング,Water,80,100,10,Physical,Single,0,Contact,0,１ターン目で 潜り ２ターン目に 浮きあがって 攻撃する。
292,つっぱり,Fighting,15,100,20,Physical,Single,0,Contact,0,ひらいた 両手で 相手を つっぱって 攻撃する。 ２ー５回の 間 連続で だす。
294,ほたるび,Bug,0,0,20,Status,Single,0,,0,この技は 使えません 思い出すことが できなくなりますが 技を 忘れることを おすすめします
295,ラスターパージ,Psychic,95,100,5,Special,Single,0,,50,まばゆい 光を 解放して 攻撃する。 相手の 特防を さげることが ある。
296,ミストボール,Psychic,95,100,5,Special,Single,0,Bullet,50,霧状の 羽毛で 包みこみ 攻撃する。 相手の 特攻を さげることが ある。
297,フェザーダンス,Flying,0,100,15,Status,Single,0,,0,羽毛を ふりまいて 相手の 体に からませる。 相手の 攻撃を がくっと さげる。
298,フラフラダンス,Normal,0,100,20,Status,AllOthers,0,,0,フラフラと ダンスを おどって 自分の 周りに いるものを 混乱状態に させる。
299,ブレイズキック,Fire,85,90,10,Physical,Single,0,Contact,10,攻撃した 相手を やけど状態に することが ある。 急所にも 当たりやすい。
303,なまける,Normal,0,0,5,Status,Single,0,,0,怠けて やすむ。 自分の ＨＰを 最大ＨＰの 半分 回復する。
304,ハイパーボイス,Normal,90,100,10,Special,AllFoes,0,Sound,0,うるさく 響く 大きな 振動を 相手に 与えて 攻撃する。
305,どくどくのキバ,Poison,50,100,15,Physical,Single,0,Bite;Contact,50,毒の ある キバで 相手に かみついて 攻撃する。 猛毒を おわせる ことが ある。
306,ブレイククロー,Normal,75,95,10,Physical,Single,0,Contact,50,硬く 鋭い ツメで 切り裂いて 攻撃する。 相手の 防御を さげることが ある。
307,ブラストバーン,Fire,150,90,5,Special,Single,0,Recharge,0,爆発の 炎で 相手を 焼きつくして 攻撃する。 次の ターンは 動けなくなる。
308,ハイドロカノン,Water,150,90,5,Special,Single,0,Recharge,0,水の 大砲を 相手に 発射して 攻撃する。 次の ターンは 動けなくなる。
309,コメットパンチ,Steel,90,90,10,Physical,Single,0,Contact;Punch,20,すい星の ごとく パンチを くりだして 相手を 攻撃する。 自分の 攻撃が あがることが ある。
310,おどろかす,Ghost,30,100,15,Physical,Single,0,Contact,30,大きな 声などで 不意に 驚かして 攻撃する。 相手を ひるませることが ある。
311,ウェザーボール,Normal,50,100,10,Special,Single,0,Bullet,0,使ったときの 天気に よって 技の タイプと 威力が 変わる。
313,うそなき,Dark,0,100,20,Status,Single,0,,0,ないた ふりをして 涙を 流す。 こまらせる ことで 相手の 特防を がくっと さげる。
314,エアカッター,Flying,60,95,25,Special,AllFoes,0,,0,鋭い 風で 相手を 切りつけて 攻撃する。 急所に 当たりやすい。
315,オーバーヒート,Fire,130,90,5,Special,Single,0,,100,フルパワーで 相手を 攻撃する。 使うと 反動で 自分の 特攻が がくっと さがる。
317,がんせきふうじ,Rock,60,95,15,Physical,Single,0,,100,岩石を 投げつけて 攻撃する。 相手の 動きを 封じることで 素早さを さげる。
319,きんぞくおん,Steel,0,85,40,Status,Single,0,Sound,0,金属を こすって でるような いやな 音を 聞かせる。 相手の 特防を がくっと さげる。
321,くすぐる,Normal,0,100,20,Status,Single,0,,0,体を くすぐり 笑わせる ことで 相手の 攻撃と 防御を さげる。
322,コスモパワー,Psychic,0,0,20,Status,Single,0,,0,宇宙から 神秘の 力を とりこむ ことで 自分の 防御と 特防を あげる。
323,しおふき,Water,150,100,5,Special,AllFoes,0,,0,潮を 吹きつけて 攻撃する。 自分の ＨＰが 少ないほど 技の 威力は さがる。
325,シャドーパンチ,Ghost,60,0,20,Physical,Single,0,Contact;Punch,0,影に まぎれて パンチを くりだす。 攻撃は 必ず 命中する。
326,じんつうりき,Psychic,80,100,20,Special,Single,0,,10,みえない 不思議な 力を 送って 攻撃する。 相手を ひるませることが ある。
328,すなじごく,Ground,35,85,15,Physical,Single,0,,100,激しく 吹きあれる 砂あらしの 中に ４ー５ターンの 間 相手を 閉じこめて 攻撃する。
329,ぜったいれいど,Ice,0,30,5,Special,Single,0,,0,相手を 一撃で 瀕死に する。 こおりタイプ 以外の ポケモンが 使うと 当たりにくい。
330,だくりゅう,Water,90,85,10,Special,AllFoes,0,,30,濁った 水を 相手に 発射して 攻撃する。 命中率を さげることが ある。
331,タネマシンガン,Grass,25,100,30,Physical,Single,0,Bullet,0,タネを 勢いよく 相手に 発射して 攻撃する。 ２ー５回の 間 連続で だす。
332,つばめがえし,Flying,60,0,20,Physical,Single,0,Contact,0,素早い 動きで 相手を ほんろうして 切りつける。 攻撃は 必ず 命中する。
333,つららばり,Ice,25,100,30,Physical,Single,0,,0,鋭い 氷柱を 相手に 発射して 攻撃する。 ２ー５回の 間 連続で だす。
334,てっぺき,Steel,0,0,15,Status,Single,0,,0,皮膚を 鉄のように 硬くする ことで 自分の 防御を ぐーんと あげる。
335,とおせんぼう,Normal,0,0,5,Status,Single,0,,0,両手を ひろげて たちはだかり 相手の 逃げ道を ふさいで 逃げられなくする。
336,とおぼえ,Normal,0,0,40,Status,Single,0,Sound,0,大声で ほえて 気合を 高め 自分と 味方の 攻撃を あげる。
337,ドラゴンクロー,Dragon,80,100,15,Physical,Single,0,Contact,0,鋭く とがった 巨大な ツメで 相手を 切り裂いて 攻撃する。
338,ハードプラント,Grass,150,90,5,Special,Single,0,Recharge,0,大きな 樹木で 相手を たたきつけて 攻撃する。 次の ターンは 動けなくなる。
339,ビルドアップ,Fighting,0,0,20,Status,Single,0,,0,体に 力を こめて 筋肉を ぶあつく することで 自分の 攻撃と 防御を あげる。
340,とびはねる,Flying,85,85,5,Physical,Single,0,Contact,30,空高く 飛び跳ねて ２ターン目に 相手を 攻撃する。 まひ状態に することが ある。
341,マッドショット,Ground,55,95,15,Special,Single,0,,100,泥の 塊を 相手に 投げつけて 攻撃する。 同時に 相手の 素早さを さげる。
342,ポイズンテール,Poison,50,100,25,Physical,Single,0,Contact,10,しっぽで たたく。 毒状態に することが あり 急所にも 当たりやすい。
343,ほしがる,Normal,60,100,25,Physical,Single,0,Contact,0,かわいく あまえながら 相手に ちかづき 持っている 道具を うばう。
345,マジカルリーフ,Grass,60,0,20,Special,Single,0,,0,相手を 追跡する 不思議な はっぱを まきちらす。 攻撃は 必ず 命中する。
347,めいそう,Psychic,0,0,20,Status,Single,0,,0,静かに 精神を 統一し 心を 鎮めることで 自分の 特攻と 特防を あげる。
348,リーフブレード,Grass,90,100,15,Physical,Single,0,Contact,0,はっぱを 剣のように あやつり 相手を 切りつけて 攻撃する。 急所に 当たりやすい。
349,りゅうのまい,Dragon,0,0,20,Status,Single,0,,0,神秘的で 力強い 舞を 激しく おどる。 自分の 攻撃と 素早さを あげる。
350,ロックブラスト,Rock,25,90,10,Physical,Single,0,Bullet,0,硬い 岩石を 相手に 発射して 攻撃する。 ２ー５回の 間 連続で だす。
351,でんげきは,Electric,60,0,20,Special,Single,0,,0,電撃を 素早く 相手に 浴びせる。 攻撃は 必ず 命中する。
352,みずのはどう,Water,60,100,20,Special,Single,0,Pulse,20,水の 振動を 相手に 与えて 攻撃する。 相手を 混乱させることが ある。
353,はめつのねがい,Steel,140,100,5,Special,Single,0,,0,技を 使った ２ターン後に 無数の 光の 束で 相手を 攻撃する。
354,サイコブースト,Psychic,140,90,5,Special,Single,0,,100,この技は 使えません 思い出すことが できなくなりますが 技を 忘れることを おすすめします
355,はねやすめ,Flying,0,0,5,Status,Single,0,,0,地面に 降りて 体を やすめる。 最大ＨＰの 半分の ＨＰを 回復する。
356,じゅうりょく,Psychic,0,0,5,Status,Single,0,,0,５ターンの間 ふゆうや ひこうタイプに じめんタイプの 技が 当たるようになる。 空中に 飛ぶ 技も 使えない。
359,アームハンマー,Fighting,100,90,10,Physical,Single,0,Contact;Punch,100,強くて 重い こぶしを ふるって ダメージを 与える。 自分の 素早さが さがる。
360,ジャイロボール,Steel,0,100,5,Physical,Single,0,Bullet;Contact,0,体を 高速に 回転させて 体当たりする。相手より 素早さが 低いほど 強い。
361,いやしのねがい,Psychic,0,0,10,Status,Single,0,,0,自分は ひんしに なるが 控えから でてくる ポケモンの 状態異常と ＨＰを 回復する。
362,しおみず,Water,65,100,10,Special,Single,0,,0,相手が ＨＰの 半分くらい きずを おっていると 技の 威力が ２倍に なる。
364,フェイント,Normal,30,100,10,Physical,Single,2,,0,まもるや みきり などを している 相手に 攻撃が できる。 守りの 効果を 解除させる。
365,ついばむ,Flying,60,100,20,Physical,Single,0,Contact,0,くちばしで 攻撃。 相手が きのみを 持っているとき 食べて きのみの 効果を 受けられる。
366,おいかぜ,Flying,0,0,15,Status,Single,0,,0,激しく 吹きあれる 風の渦を つくり ４ターンの 間 味方 全員の 素早さを あげる。
367,つぼをつく,Normal,0,0,30,Status,Single,0,,0,つぼおしで 体を 活性化させる。 能力の どれか １つを ぐーんと あげる。
368,メタルバースト,Steel,0,100,10,Physical,Single,0,,0,技を だす前に 最後に 受けた 技の ダメージを 大きくして だした 相手に 返す。
369,とんぼがえり,Bug,70,100,20,Physical,Single,0,Contact,0,攻撃したあと ものすごい スピードで もどってきて 控えの ポケモンと 入れ替わる。
370,インファイト,Fighting,120,100,5,Physical,Single,0,Contact,100,守りを 捨てて 相手の ふところに 突撃する。 自分の 防御と 特防が さがる。
371,しっぺがえし,Dark,50,100,10,Physical,Single,0,Contact,0,ためこんで 攻撃する。 相手より あとに 攻撃できると 技の 威力は ２倍に なる。
372,ダメおし,Dark,60,100,10,Physical,Single,0,Contact,0,そのターンに 相手が すでに ダメージを 受けていたら 技の 威力は ２倍に なる。
374,なげつける,Dark,0,100,10,Physical,Single,0,,0,持たせた 道具を 素早く 投げつけて 攻撃する。 道具で 威力と 効果が 変わる。
379,パワートリック,Psychic,0,0,10,Status,Single,0,,0,超能力で 自分の 攻撃と 防御の 力を 交換する。
380,いえき,Poison,0,100,10,Status,Single,0,,0,胃液を 相手の 体に 吐きつける。 ついた 胃液は 相手の 特性の 効果を 消す。
383,まねっこ,Normal,0,0,20,Status,Single,0,,0,直前に でた 技を まねして 同じ 技を だす。 技が でていないと 失敗する。
384,パワースワップ,Psychic,0,0,10,Status,Single,0,,0,超能力で 自分と 相手の 攻撃と 特攻の 能力変化を 入れ替える。
385,ガードスワップ,Psychic,0,0,10,Status,Single,0,,0,超能力で 自分と 相手の 防御と 特防の 能力変化を 入れ替える。
387,とっておき,Normal,140,100,5,Physical,Single,0,Contact,0,戦闘中に おぼえている 技を すべて 使うと はじめて だせる とっておきの 技。
388,なやみのタネ,Grass,0,100,10,Status,Single,0,,0,心を なやませる タネを 植えつける。 相手を 眠れなくして 特性を ふみんに する。
389,ふいうち,Dark,70,100,5,Physical,Single,1,Contact,0,相手より 先に 攻撃 できる。 相手が だす技が 攻撃技でないと 失敗する。
390,どくびし,Poison,0,0,20,Status,Single,0,,0,相手の 足下に どくびしを しかける。 交代で でてきた 相手の ポケモンに 毒を おわせる。
391,ハートスワップ,Psychic,0,0,10,Status,Single,0,,0,この技は 使えません 思い出すことが できなくなりますが 技を 忘れることを おすすめします
392,アクアリング,Water,0,0,20,Status,Single,0,,0,自分の 体の 周りを 水で つくった ベールで おおう。 毎ターン ＨＰを 回復する。
393,でんじふゆう,Electric,0,0,10,Status,Single,0,,0,電気で つくった 磁力の 力で 宙に 浮かぶ。 ５ターンの 間 浮遊できる。
394,フレアドライブ,Fire,120,100,15,Physical,Single,0,Contact,10,炎を まとって 突進する。 自分も かなり ダメージを 受ける。 やけど状態に することが ある。
395,はっけい,Fighting,60,100,10,Physical,Single,0,Contact,30,相手の 体に 衝撃波を 当てて 攻撃する。 まひ状態に することが ある。
396,はどうだん,Fighting,80,0,20,Special,Single,0,Bullet;Pulse,0,体の 奥から 波導の 力を 相手に うち放つ。 攻撃は 必ず 命中する。
397,ロックカット,Rock,0,0,20,Status,Single,0,,0,自分の 体を 磨いて 空気の 抵抗を 少なくする。素早さを ぐーんと あげることが できる。
398,どくづき,Poison,80,100,20,Physical,Single,0,Contact,30,毒に そまった 触手や 腕で 相手を 突き刺す。 毒状態に することが ある。
399,あくのはどう,Dark,80,100,15,Special,Single,0,Pulse,20,体から 悪意に みちた 恐ろしい オーラを 発する。 相手を ひるませることが ある。
400,つじぎり,Dark,70,100,15,Physical,Single,0,Contact,0,一瞬の すきを ついて 相手を 切りはらう。 急所に 当たりやすい。
401,アクアテール,Water,90,90,10,Physical,Single,0,Contact,0,激しく あれくるう 荒波の ように 大きな しっぽを ふって 相手を 攻撃する。
402,タネばくだん,Grass,80,100,15,Physical,Single,0,Bullet,0,硬い 殻を もつ 大きな タネを 上から たたきつけて 相手を 攻撃する。
403,エアスラッシュ,Flying,75,95,15,Special,Single,0,,30,空をも 切り裂く 空気の 刃で 攻撃する。 相手を ひるませることが ある。
404,シザークロス,Bug,80,100,15,Physical,Single,0,Contact,0,カマや ツメを ハサミのように 交差させながら 相手を 切り裂く。
405,むしのさざめき,Bug,90,100,10,Special,Single,0,Sound,10,振動で 音波を おこして 攻撃する。相手の 特防を さげることが ある。
406,りゅうのはどう,Dragon,85,100,10,Special,Single,0,Pulse,0,大きな 口から 衝撃波を まきおこして 相手を 攻撃する。
407,ドラゴンダイブ,Dragon,100,75,10,Physical,Single,0,Contact,20,すさまじい 殺気で 威圧しながら 体当たりする。 相手を ひるませることが ある。
408,パワージェム,Rock,80,100,20,Special,Single,0,,0,宝石のように きらめく 光を 発射して 相手を 攻撃する。
409,ドレインパンチ,Fighting,75,100,10,Physical,Single,0,Contact;Punch,0,こぶしから 相手の 力を 吸い取る。 与えた ダメージの 半分の ＨＰを 回復できる。
410,しんくうは,Fighting,40,100,30,Special,Single,1,,0,こぶしを ふって 真空の 波を まきおこす。 必ず 先制攻撃できる。
411,きあいだま,Fighting,120,70,5,Special,Single,0,Bullet,10,気合を 高めて ありったけの 力を 放出する。 相手の 特防を さげることが ある。
412,エナジーボール,Grass,90,100,10,Special,Single,0,Bullet,10,自然から 集めた 命の力を 発射する。 相手の 特防を さげることがある。
413,ブレイブバード,Flying,120,100,15,Physical,Single,0,Contact,0,はねを おりたたみ 低空飛行で 突撃する。 自分も かなり ダメージを 受ける。
414,だいちのちから,Ground,90,100,10,Special,Single,0,,10,相手の 足下へ 大地の力を 放出する。相手の 特防を さげることが ある。
415,すりかえ,Dark,0,100,10,Status,Single,0,,0,目にも とまらぬ 速さで 自分と 相手の 持ち物を 交換する。
416,ギガインパクト,Normal,150,90,5,Physical,Single,0,Contact;Recharge,0,持てる 力を すべて 使って 相手に 突撃する。 次の ターンは 動けなくなる。
417,わるだくみ,Dark,0,0,20,Status,Single,0,,0,悪いことを 考えて 頭を 活性化させる。 自分の 特攻を ぐーんと あげる。
418,バレットパンチ,Steel,40,100,30,Physical,Single,1,Contact;Punch,0,弾丸の ような 速くて 硬い パンチを 相手に くりだす。 必ず 先制攻撃 できる。
419,ゆきなだれ,Ice,60,100,10,Physical,Single,-4,Contact,0,相手から 技を 受けていると その 相手に 対して 技の 威力が ２倍に なる。
420,こおりのつぶて,Ice,40,100,30,Physical,Single,1,,0,氷の塊を 一瞬で つくり 相手に 素早く 放つ。 必ず 先制攻撃 できる。
421,シャドークロー,Ghost,70,100,15,Physical,Single,0,Contact,0,影から つくった 鋭い ツメで 相手を 切り裂く。 急所に 当たりやすい。
422,かみなりのキバ,Electric,65,95,15,Physical,Single,0,Bite;Contact,10,電気を ためた キバで かみつく。 相手を ひるませたり まひ状態に することが ある。
423,こおりのキバ,Ice,65,95,15,Physical,Single,0,Bite;Contact,10,冷気を ひめた キバで かみつく。 相手を ひるませたり こおり状態に することが ある。
424,ほのおのキバ,Fire,65,95,15,Physical,Single,0,Bite;Contact,10,炎を まとった キバで かみつく。 相手を ひるませたり やけど状態に することが ある。
425,かげうち,Ghost,40,100,30,Physical,Single,1,Contact,0,影を のばして 相手の 背後から 攻撃する。 必ず 先制攻撃 できる。
427,サイコカッター,Psychic,70,100,20,Physical,Single,0,,0,実体化させた 心の 刃で 相手を 切り裂く。 急所に 当たりやすい。
428,しねんのずつき,Psychic,80,90,15,Physical,Single,0,Contact,20,思念の 力を 額に 集めて 攻撃する。 相手を ひるませることが ある。
430,ラスターカノン,Steel,80,100,10,Special,Single,0,,10,体の 光を 一点に 集めて 力を 放つ。 相手の 特防を さげることが ある。
432,きりばらい,Flying,0,0,15,Status,Single,0,,0,強い風で 相手の リフレクターや ひかりのかべ などを はらいのける。 回避率も さげる。
433,トリックルーム,Psychic,0,0,5,Status,Single,-7,,0,まか不思議な 空間を つくる。 ５ターンの 間 遅い ポケモンから 行動できる。
434,りゅうせいぐん,Dragon,130,90,5,Special,Single,0,,100,天空から 隕石を 相手に 落とす。使うと 反動で 自分の 特攻が がくっと さがる。
435,ほうでん,Electric,80,100,15,Special,AllOthers,0,,30,まばゆい 電撃で 自分の 周りに いるものを 攻撃する。 まひ状態に することが ある。
436,ふんえん,Fire,80,100,15,Special,AllOthers,0,,30,真っ赤な 炎で 自分の 周りに いるものを 攻撃する。 やけど状態に することが ある。
437,リーフストーム,Grass,130,90,5,Special,Single,0,,100,とがった はっぱで 相手に あらしを おこす。使うと 反動で 自分の 特攻が がくっと さがる。
438,パワーウィップ,Grass,120,85,10,Physical,Single,0,Contact,0,ツタや 触手を 激しく ふるって 相手を たたきつけ 攻撃する。
439,がんせきほう,Rock,150,90,5,Physical,Single,0,Bullet;Recharge,0,巨大な 岩を 相手に 発射して 攻撃する。 次の ターンは 動けなくなる。
440,クロスポイズン,Poison,70,100,20,Physical,Single,0,Contact,10,毒の 刃で 相手を 切り裂く。 毒状態に することが あり 急所にも 当たりやすい。
441,ダストシュート,Poison,120,80,5,Physical,Single,0,,30,汚い ゴミを 相手に ぶつけて 攻撃する。 毒状態に することが ある。
442,アイアンヘッド,Steel,80,100,15,Physical,Single,0,Contact,30,鋼の ような 硬い 頭で 攻撃する。 相手を ひるませることが ある。
444,ストーンエッジ,Rock,100,80,5,Physical,Single,0,,0,とがった 岩を 相手に 突き刺して 攻撃する。 急所に 当たりやすい。
446,ステルスロック,Rock,0,0,20,Status,Single,0,,0,相手の 周りに 無数の 岩を 浮かべて 交代で でてきた 相手の ポケモンに ダメージを 与える。
447,くさむすび,Grass,0,100,20,Special,Single,0,Contact,0,草を からませて 相手を 転ばせる。相手が 重いほど 威力が あがる。
449,さばきのつぶて,Normal,100,100,10,Special,Single,0,,0,無数の 光弾を 相手に 放出する。 自分の 持つ プレートに より タイプが 変わる。
450,むしくい,Bug,60,100,20,Physical,Single,0,Contact,0,かみついて 攻撃する。 相手が きのみを 持っているとき 食べて きのみの 効果を 受けられる。
451,チャージビーム,Electric,50,90,10,Special,Single,0,,70,電撃の 束を 相手に 発射する。電気を ためて 自分の 特攻を あげることが ある。
452,ウッドハンマー,Grass,120,100,15,Physical,Single,0,Contact,0,硬い 胴体を 相手に たたきつけて 攻撃する。 自分も かなり ダメージを 受ける。
453,アクアジェット,Water,40,100,20,Physical,Single,1,Contact,0,目にも 留まらぬ ものすごい 速さで 相手に つっこむ。 必ず 先制攻撃 できる。
454,こうげきしれい,Bug,90,100,15,Physical,Single,0,,0,しもべを 呼びだして 相手に むかって 攻撃させる。 急所に 当たりやすい。
455,ぼうぎょしれい,Bug,0,0,10,Status,Single,0,,0,しもべを 呼びだして 自分の 体に おおい つかせる。防御と 特防を あげることが できる。
457,もろはのずつき,Rock,150,80,5,Physical,Single,0,Contact,0,命を 懸けて こん身の 力で 相手に ずつきを する。 自分も ものすごい ダメージを 受ける。
458,ダブルアタック,Normal,35,90,10,Physical,Single,0,Contact,0,しっぽなどを 使い 相手を たたいて 攻撃する。 ２回連続で ダメージを 与える。
459,ときのほうこう,Dragon,150,90,5,Special,Single,0,Recharge,0,時間が ゆがむほどの 力を うちだして 相手を 攻撃する。 次の ターンは 動けなくなる。
460,あくうせつだん,Dragon,100,95,5,Special,Single,0,,0,周りの 空間ごと 相手を 引き裂き ダメージを 与える。 急所に 当たりやすい。
461,みかづきのまい,Psychic,0,0,10,Status,Single,0,,0,自分は ひんしに なるが 控えから でてくる ポケモンの すべての 状態を 回復する。
462,にぎりつぶす,Normal,0,100,5,Physical,Single,0,Contact,0,すさまじい 力で 相手を にぎりつぶす。 相手の ＨＰが 残っているほど 威力が あがる。
463,マグマストーム,Fire,100,75,5,Special,Single,0,,100,激しく 燃えたぎる 炎の なかに ４ー５ターンの 間 相手を 閉じこめて 攻撃する。
464,ダークホール,Dark,0,50,10,Status,AllFoes,0,,0,暗黒の 世界に ひきずり 落として 相手を 眠り状態に する。
465,シードフレア,Grass,120,85,5,Special,Single,0,,40,体の 中から 衝撃波を 発生させる。相手の 特防を がくっと さげることが ある。
467,シャドーダイブ,Ghost,120,100,5,Physical,Single,0,Contact,0,１ターン目で 姿を 消して ２ターン目に 相手を 攻撃する。 守っていても 攻撃は 当たる。
468,つめとぎ,Dark,0,0,15,Status,Single,0,,0,ツメを 磨いて 鋭く する。 自分の 攻撃と 命中率を あげる。
469,ワイドガード,Rock,0,0,10,Status,Single,3,,0,味方全員に 当たる 攻撃を １ターンの 間 防ぐ。
470,ガードシェア,Psychic,0,0,10,Status,Single,0,,0,超能力で 自分と 相手の 防御と 特防を たして 半分に わける。
471,パワーシェア,Psychic,0,0,10,Status,Single,0,,0,超能力で 自分と 相手の 攻撃と 特攻を たして 半分に わける。
472,ワンダールーム,Psychic,0,0,10,Status,Single,0,,0,まか不思議な 空間を つくる。 ５ターンのあいだ すべてのポケモンの 防御と 特防が 入れ替わる。
473,サイコショック,Psychic,80,100,10,Special,Single,0,,0,不思議な 念波を 実体化して 相手を 攻撃する。 物理的な ダメージを 与える。
474,ベノムショック,Poison,65,100,10,Special,Single,0,,0,特殊な 毒液を 浴びせかける。 毒状態の 相手には 威力が ２倍に なる。
476,いかりのこな,Bug,0,0,20,Status,Single,2,Powder,0,イライラさせる 粉を 自分に ふりかけて 注意を ひく。 相手の 攻撃を すべて 自分に むける。
478,マジックルーム,Psychic,0,0,10,Status,Single,0,,0,まか不思議な 空間を つくる。 ５ターンの間 すべてのポケモンの 道具の 効果が なくなる。
479,うちおとす,Rock,50,100,15,Physical,Single,0,,100,石や 弾を 投げて 飛んでいる 相手を 攻撃する。 相手は うち落とされて 地面に 落ちる。
482,ヘドロウェーブ,Poison,95,100,10,Special,AllOthers,0,,10,ヘドロの 波で 自分の 周りに いるものを 攻撃する。 毒状態に することが ある。
483,ちょうのまい,Bug,0,0,20,Status,Single,0,,0,神秘的で 美しい 舞を 軽やかに おどる。 自分の 特攻と 特防と 素早さを あげる。
484,ヘビーボンバー,Steel,0,100,10,Physical,Single,0,Contact,0,重たい 体で 相手に ぶつかって 攻撃する。 自分が 相手より 重いほど 威力が あがる。
486,エレキボール,Electric,0,100,10,Special,Single,0,Bullet,0,電気の 塊を 相手に ぶつける。相手より 素早さが 速いほど 威力が あがる。
487,みずびたし,Water,0,100,20,Status,Single,0,,0,たくさんの 水を 浴びせかけて 相手を みずタイプに する。
488,ニトロチャージ,Fire,50,100,20,Physical,Single,0,Contact,100,炎を まとい 相手を 攻撃する。 力を ためて 自分の 素早さを あげる。
489,とぐろをまく,Poison,0,0,20,Status,Single,0,,0,とぐろを まいて 集中する。 自分の 攻撃と 防御と 命中率を あげる。
490,ローキック,Fighting,65,100,20,Physical,Single,0,Contact,100,素早い 動きで 相手の 足を ねらって 攻撃する。 相手の 素早さを さげる。
491,アシッドボム,Poison,40,100,20,Special,Single,0,Bullet,100,相手を とかす 液体を 吐きだして 攻撃する。 相手の 特防を がくっと さげる。
492,イカサマ,Dark,95,100,15,Physical,Single,0,Contact,0,相手の 力を 利用する。 戦っている 相手の 攻撃が 高いほど ダメージが あがる。
493,シンプルビーム,Normal,0,100,15,Status,Single,0,,0,なぞの 念波を 相手に 送る。 念波を 受けとった 相手は 特性が たんじゅんに なる。
494,なかまづくり,Normal,0,100,15,Status,Single,0,,0,不思議な リズムで おどる。 動きを まねさせて 自分と 相手の 特性を 同じに する。
495,おさきにどうぞ,Normal,0,0,15,Status,Single,0,,0,相手の 行動を サポートして 自分の 行動の あとに 続けて 動けるように する。
496,りんしょう,Normal,60,100,15,Special,Single,0,Sound,0,歌で 相手を 攻撃する。 みんなで 輪唱すると 続けて だすことが でき 威力も あがる。
497,エコーボイス,Normal,40,100,15,Special,Single,0,Sound,0,響く 声で 相手を 攻撃する。 毎ターン だれかが 技を 使い続けると 威力が あがる。
499,クリアスモッグ,Poison,50,0,15,Special,Single,0,,0,特殊な 泥の 塊を 相手に 投げつけて 攻撃する。 能力変化を もとに もどす。
500,アシストパワー,Psychic,20,100,10,Special,Single,0,,0,蓄積された パワーで 相手を 攻撃する。自分の 能力が あがっているほど 威力が あがる。
501,ファストガード,Fighting,0,0,15,Status,Single,3,,0,自分と 味方を 相手の 先制攻撃から 守る。
502,サイドチェンジ,Psychic,0,0,15,Status,Single,2,,0,不思議な 力で テレポートして 自分と 味方の 居場所を 入れ替える。
503,ねっとう,Water,80,100,15,Special,Single,0,,30,熱く 煮えたぎる 水を 相手に 発射して 攻撃する。 やけど状態に することが ある。
504,からをやぶる,Normal,0,0,15,Status,Single,0,,0,殻を やぶって 自分の 防御 特防を さげるが 攻撃 特攻 素早さを ぐーんと あげる。
505,いやしのはどう,Psychic,0,0,10,Status,Single,0,Pulse,0,いやしのはどうを とばして 最大ＨＰの 半分 相手の ＨＰを 回復する。
506,たたりめ,Ghost,65,100,10,Special,Single,0,,0,たたみかける ように 攻撃する。 状態異常の 相手に 大きな ダメージを 与える。
508,ギアチェンジ,Steel,0,0,10,Status,Single,0,,0,歯車を 回して 自分の 攻撃を あげる だけでなく 素早さも ぐーんと あげる。
509,ともえなげ,Fighting,60,90,10,Physical,Single,-6,Contact,0,相手を 投げとばして 控えの ポケモンを ひきずりだす。 野生の 場合は 戦闘が 終わる。
510,やきつくす,Fire,60,100,15,Special,AllFoes,0,,0,炎で 相手を 攻撃する。 相手が きのみなどを 持っているとき 燃やして 使えなくする。
511,さきおくり,Dark,0,100,15,Status,Single,0,,0,相手を おさえつけて 行動の 順番を 最後に する。
512,アクロバット,Flying,55,100,15,Physical,Single,0,Contact,0,軽やかに 相手を 攻撃する。 自分が 道具を 持っていないとき 大きな ダメージを 与える。
513,ミラータイプ,Normal,0,0,15,Status,Single,0,,0,相手の タイプを 反射して 自分も 同じ タイプに なる。
514,かたきうち,Normal,70,100,5,Physical,Single,0,Contact,0,倒れた 味方の かたきを 討つ。 前の ターンに 味方が 倒されていると 威力が あがる。
515,いのちがけ,Fighting,0,100,5,Special,Single,0,,0,命懸けで 相手を 攻撃する。 自分は ひんしに なるが 相手に ＨＰ分の ダメージを 与える。
517,れんごく,Fire,100,50,5,Special,Single,0,,100,激しい 炎で 相手を 包みこみ 攻撃する。 やけど状態に する。
518,みずのちかい,Water,80,100,10,Special,Single,0,,0,水の柱で 攻撃する。 ほのおと 組みあわせると 威力が あがって 空に にじが かかる。
519,ほのおのちかい,Fire,80,100,10,Special,Single,0,,0,炎の柱で 攻撃する。 くさと 組みあわせると 威力が あがって 周りが 火の海に なる。
520,くさのちかい,Grass,80,100,10,Special,Single,0,,0,草の柱で 攻撃する。 みずと 組みあわせると 威力が あがって あたりが 湿原に なる。
521,ボルトチェンジ,Electric,70,100,20,Special,Single,0,,0,攻撃したあと ものすごい スピードで もどってきて 控えポケモンと 入れ替わる。
522,むしのていこう,Bug,50,100,20,Special,AllFoes,0,,100,抵抗して 相手を 攻撃する。 相手の 特攻を さげる。
523,じならし,Ground,60,100,20,Physical,AllOthers,0,,100,地面を 踏みならして 自分の 周りに いるものを 攻撃する。 相手の 素早さを さげる。
524,こおりのいぶき,Ice,60,90,10,Special,Single,0,,100,冷たい 息を 相手に 吹きつけて 攻撃する。 必ず 急所に 当たる。
525,ドラゴンテール,Dragon,60,90,10,Physical,Single,-6,Contact,0,相手を はじきとばして 控えの ポケモンを ひきずりだす。 野生の 場合は 戦闘が 終わる。
526,ふるいたてる,Normal,0,0,30,Status,Single,0,,0,自分を 奮いたてて 攻撃と 特攻を あげる。
527,エレキネット,Electric,55,95,15,Special,AllFoes,0,,100,電気の ネットで 相手を 捕まえて 攻撃する。 相手の 素早さを さげる。
528,ワイルドボルト,Electric,90,100,15,Physical,Single,0,Contact,0,電気を まとって 相手に ぶつかって 攻撃する。 自分も 少し ダメージを 受ける。
529,ドリルライナー,Ground,80,95,10,Physical,Single,0,Contact,0,ドリルのように 体を 回転しながら 相手に 体当たりする。 急所に 当たりやすい。
532,ウッドホーン,Grass,75,100,10,Physical,Single,0,Contact,0,つのを 突き刺して 相手の 養分を 吸い取る。 与えた ダメージの 半分の ＨＰを 回復できる。
533,せいなるつるぎ,Fighting,90,100,15,Physical,Single,0,Contact,0,長い つので 切りつけ 攻撃する。 相手の 能力変化に 関係なく ダメージを 与える。
534,シェルブレード,Water,75,95,10,Physical,Single,0,Contact,50,鋭い 貝殻で 切りつけて 攻撃する。 相手の 防御を さげることが ある。
535,ヒートスタンプ,Fire,0,100,10,Physical,Single,0,Contact,0,燃える 体で 相手に ぶつかって 攻撃する。 自分が 相手より 重いほど 威力が あがる。
538,コットンガード,Grass,0,0,10,Status,Single,0,,0,フワフワの 綿毛で 自分の 体を 包みこんで 守る。 防御を ぐぐーんと あげる。
539,ナイトバースト,Dark,85,95,10,Special,Single,0,,40,暗黒の 衝撃波を とばして 相手を 攻撃する。 命中率を さげることが ある。
540,サイコブレイク,Psychic,100,100,10,Special,Single,0,,0,不思議な 念波を 実体化して 相手を 攻撃する。 物理的な ダメージを 与える。
541,スイープビンタ,Normal,25,85,10,Physical,Single,0,Contact,0,硬い しっぽで 相手を たたいて 攻撃する。 ２ー５回の 間 連続で だす。
542,ぼうふう,Flying,110,70,10,Special,Single,0,,30,強烈な 風で 相手を 包みこんで 攻撃する。 相手を 混乱させることが ある。
547,いにしえのうた,Normal,75,100,10,Special,AllFoes,0,Sound,10,いにしえのうたを 相手に 聞かせて 心に うったえて 攻撃する。 眠り状態に することが ある。
548,しんぴのつるぎ,Fighting,85,100,10,Special,Single,0,,0,長い つので 切りつけ 攻撃する。 つのが まとった 不思議な 力は 物理的な ダメージを 与える。
549,こごえるせかい,Ice,65,95,10,Special,AllFoes,0,,100,凍えるような 冷気を 相手に 吹きつけて 攻撃する。 相手の 素早さを さげる。
550,らいげき,Electric,130,85,5,Physical,Single,0,Contact,20,ぼうだいな 電気を 身に まとって 相手に 突進して 攻撃する。 まひ状態に することが ある。
551,あおいほのお,Fire,130,85,5,Special,Single,0,,20,美しくも 激しい 青い炎で 相手を 包みこんで 攻撃する。 やけど状態に することが ある。
552,ほのおのまい,Fire,80,100,10,Special,Single,0,,50,炎を まとい はばたいて 相手を 攻撃する。自分の 特攻が あがることが ある。
553,フリーズボルト,Ice,140,90,5,Physical,Single,0,,30,電気を まとった 氷の 塊で ２ターン目に 相手を たたきつける。 まひ状態に することが ある。
554,コールドフレア,Ice,140,90,5,Special,Single,0,,30,すべてを 凍らせる 激しい 冷気で ２ターン目に 相手を 包みこむ。 やけど状態に することが ある。
555,バークアウト,Dark,55,95,15,Special,AllFoes,0,Sound,100,まくしたてる ように 怒鳴りつけて 相手の 特攻を さげる。
556,つららおとし,Ice,85,90,10,Physical,Single,0,,30,大きな 氷柱を 激しく ぶつけて 攻撃する。 相手を ひるませることが ある。
558,クロスフレイム,Fire,100,100,5,Special,Single,0,,0,巨大な 炎を たたきつける。 巨大な 雷の 影響を受け 技の 威力が あがる。
559,クロスサンダー,Electric,100,100,5,Physical,Single,0,,0,巨大な 雷を たたきつける。 巨大な 炎の 影響を受け 技の 威力が あがる。
560,フライングプレス,Fighting,100,95,10,Physical,Single,0,Contact,0,空中から 相手に ダイブする。 この技は かくとうタイプと 同時に ひこうタイプでも ある。
562,ゲップ,Poison,120,90,10,Special,Single,0,,0,相手に 向かって ゲップを 浴びせて ダメージを 与える。 きのみを 食べないと だせない。
564,ねばねばネット,Bug,0,0,20,Status,Single,0,,0,相手の 周りに ねばねばした ネットを はりめぐらせ 交代で でてきた 相手の 素早さを さげる。
565,とどめばり,Bug,50,100,25,Physical,Single,0,Contact,0,この 技を 使って 相手を 倒すと 攻撃が ぐぐーんと あがる。
566,ゴーストダイブ,Ghost,90,100,10,Physical,Single,0,Contact,0,１ターンめで どこかに 消えて ２ターンめに 相手を 攻撃する。 守りを 無視して 攻撃できる。
568,おたけび,Normal,0,100,30,Status,Single,0,Sound,100,おたけびを あげて 相手を 威嚇し 相手の 攻撃と 特攻を さげる。
570,パラボラチャージ,Electric,65,100,20,Special,AllOthers,0,,0,周りにいる ポケモン 全員に ダメージ。 与えた ダメージの 半分を 自分が 回復する。
571,もりののろい,Grass,0,100,20,Status,Single,0,,0,相手に 森ののろいを かける。 のろいを かけられた 相手は タイプに くさタイプが 追加される。
572,はなふぶき,Grass,90,100,15,Physical,AllOthers,0,,0,激しい 花吹雪を 起こし 周りに いるものに 攻撃して ダメージを 与える。
573,フリーズドライ,Ice,70,100,20,Special,Single,0,,10,相手を 急激に 冷やして こおり 状態に することが ある。 みずタイプにも 効果バツグンになる。
574,チャームボイス,Fairy,40,0,15,Special,AllFoes,0,Sound,0,魅惑の 鳴き声を だして 相手に 精神的な ダメージを 与える。 攻撃は 必ず 命中 する。
575,すてゼリフ,Dark,0,100,20,Status,Single,0,Sound,100,すてゼリフで 相手を いかくし 攻撃と 特攻を さげたのち 控えの ポケモンと 入れ替わる。
576,ひっくりかえす,Dark,0,0,20,Status,Single,0,,0,相手に かかっている すべての 能力変化を ひっくり返して 逆にする。
577,ドレインキッス,Fairy,50,100,10,Special,Single,0,Contact,0,キッスによって 相手から ＨＰを 吸い取る。 与えた ダメージの 半分以上 ＨＰを 回復する。
580,グラスフィールド,Grass,0,0,10,Status,Single,0,,0,５ターンの 間 グラスフィールドにする。 地面にいると 毎ターン 回復する。 くさタイプの 威力が あがる。
581,ミストフィールド,Fairy,0,0,10,Status,Single,0,,0,５ターンの 間 地面にいると 状態異常に ならず ドラゴン技の ダメージも 半分になる。
583,じゃれつく,Fairy,90,90,10,Physical,Single,0,Contact,10,相手に じゃれついて 攻撃する。 相手の 攻撃を さげる ことがある。
584,ようせいのかぜ,Fairy,40,100,30,Special,Single,0,,0,ようせいのかぜを 起こし 相手に 吹きつけて 攻撃する。
585,ムーンフォース,Fairy,95,100,15,Special,Single,0,,30,月の パワーを かりて 相手を 攻撃する。 相手の 特攻を さげる ことがある。
586,ばくおんぱ,Normal,140,100,10,Special,AllOthers,0,Sound,0,すさまじい 爆音の 破壊力に よって 周りに いるものを 攻撃する。
587,フェアリーロック,Fairy,0,0,10,Status,Single,0,,0,ロックを かけることによって 次のターン すべての ポケモンを 逃げられなくする。
589,なかよくする,Normal,0,0,20,Status,Single,0,,100,相手と なかよくなって 戦う 気力を 失わせ 相手の 攻撃を さげる。
590,ないしょばなし,Normal,0,0,20,Status,Single,0,Sound,100,ないしょばなしを することで 相手の 集中力を 失わせ 相手の 特攻を さげる。
591,ダイヤストーム,Rock,100,95,5,Physical,AllFoes,0,,50,ダイヤの 嵐を 巻き起こし ダメージを 与える。 自分の 防御を ぐーんと あげることが ある。
592,スチームバースト,Water,110,95,5,Special,Single,0,,30,ものすごく 熱い 蒸気を 相手に 浴びせる。 相手は やけどする ことがある。
593,いじげんホール,Psychic,80,0,5,Special,Single,0,,0,異次元ホールで 突然 相手の 真横に 現れ 攻撃する。 まもるや みきり なども 無視 できる。
594,みずしゅりけん,Water,15,100,20,Special,Single,1,,0,粘液で できた 手裏剣を ２ー５回の 間 連続で だす。 必ず 先制攻撃 できる。
595,マジカルフレイム,Fire,75,100,10,Special,Single,0,,100,口から 吐きだす 特別 熱い 炎で 攻撃する。 相手の 特攻を さげる。
596,ニードルガード,Grass,0,0,10,Status,Single,4,,0,相手の 攻撃を 防ぐと 同時に 触れた 相手の 体力を 削って しまう。
597,アロマミスト,Fairy,0,0,20,Status,Single,0,,0,不思議な アロマの 香りによって 味方の 特防を あげる。
598,かいでんぱ,Electric,0,100,15,Status,Single,0,,0,体から かいでんぱを 放ち 相手に 浴びせる ことによって 特攻を がくっと さげる。
602,じばそうさ,Electric,0,0,20,Status,Single,0,,0,磁場を 操作 することによって 特性 プラスと マイナスの 防御 特防が あがる。
604,エレキフィールド,Electric,0,0,10,Status,Single,0,,0,５ターンの 間 エレキフィールドにする。 地面にいる ポケモンは 眠らない。 でんきタイプの 威力が あがる。
605,マジカルシャイン,Fairy,80,100,10,Special,AllFoes,0,,0,強力な 光を 放ち 相手に ダメージを 与える。
608,つぶらなひとみ,Fairy,0,100,30,Status,Single,1,,0,つぶらなひとみで 相手を みつめて 攻撃を さげる。 必ず 先制攻撃 できる。
609,ほっぺすりすり,Electric,20,100,20,Physical,Single,0,Contact,100,電気を 帯びた ほっぺを すりつけて 攻撃。 相手を まひ状態に する。
611,まとわりつく,Bug,20,100,20,Special,Single,0,Contact,100,４ー５ターンの 間 相手に まとわりついて 攻撃する。 そのあいだ 相手は 逃げられない。
618,こんげんのはどう,Water,110,85,10,Special,AllFoes,0,Pulse,0,青白く 輝く 無数の 光線で 相手を 攻撃する。
619,だんがいのつるぎ,Ground,120,85,10,Physical,AllFoes,0,,0,大地の 力を 刃に 変えて 相手を 攻撃する。
620,ガリョウテンセイ,Flying,120,100,5,Physical,Single,0,Contact,100,大空から 急速落下 して 相手を 攻撃する。 自分の 防御と 特防が さがる。
621,いじげんラッシュ,Dark,100,0,5,Physical,Single,0,,100,たくさんの 腕で まもるや みきり などを 無視した 連続攻撃。 自分の 防御が さがる。
659,すなあつめ,Ground,0,0,5,Status,Single,0,,0,最大ＨＰの 半分 自分の ＨＰを 回復する。 すなあらしの時は 多く 回復。
660,であいがしら,Bug,90,100,10,Physical,Single,2,Contact,0,威力が 高い 技 だが 戦闘に 出たら すぐに 出さないと 成功 しない。
661,トーチカ,Poison,0,0,10,Status,Single,4,,0,相手の 攻撃を 防ぐと 同時に 触れた 相手に 毒を 与えてしまう。
662,かげぬい,Ghost,80,100,10,Physical,Single,0,,0,攻撃と 同時に 相手の 影を 縫い付けて 逃げられなくする。
663,ＤＤラリアット,Dark,85,100,10,Physical,Single,0,Contact,0,両腕を 回し 相手に 当てる。 相手の 能力変化に 関係なく ダメージを 与える。
664,うたかたのアリア,Water,90,100,10,Special,AllOthers,0,Sound,0,歌うことによって たくさんの バルーンを 放出する。 技を 受けると やけどが 治る。
665,アイスハンマー,Ice,100,90,10,Physical,Single,0,Contact;Punch,100,強くて 重い こぶしを ふるって ダメージを 与える。 自分の 素早さが さがる。
666,フラワーヒール,Fairy,0,0,10,Status,Single,0,,0,最大ＨＰの 半分 相手の ＨＰを 回復する。 グラスフィールドの時 効果が あがる。
667,１０まんばりき,Ground,95,95,10,Physical,Single,0,Contact,0,全身を 使って 相手に 猛アタックする。
668,ちからをすいとる,Grass,0,100,10,Status,Single,0,,100,相手の 攻撃力と 同じだけ 自分の ＨＰを 回復する。 そして 相手の 攻撃を さげる。
669,ソーラーブレード,Grass,125,100,10,Physical,Single,0,Contact,0,１ターン目に 光を いっぱいに 集め ２ターン目に その 力を 剣に 込めて 攻撃する。
670,このは,Grass,40,100,40,Physical,Single,0,,0,はっぱを 相手に 当てて 攻撃する。
672,どくのいと,Poison,0,100,20,Status,Single,0,,100,毒の 混じった 糸を 吹き付ける。 相手を 毒にして 素早さを さげる。
675,じごくづき,Dark,80,100,15,Physical,Single,0,Contact,100,この 技を 受けた 相手は 地獄の 苦しみから ２ターンの間 音の 技を 出すことが できなくなる。
676,かふんだんご,Bug,90,100,15,Special,Single,0,Bullet,0,敵には 爆発する だんごを 使って 攻撃。 味方には 回復する だんごを 与える。
678,サイコフィールド,Psychic,0,0,10,Status,Single,0,,0,５ターンの間 地面にいると 先制技を 受けない。 エスパータイプの 威力が あがる。
679,とびかかる,Bug,80,100,15,Physical,Single,0,Contact,100,全力で 相手に 飛びかかって 攻撃。 相手の 攻撃を さげる。
680,ほのおのムチ,Fire,80,100,15,Physical,Single,0,Contact,100,焼けたムチで 相手を 打ちつける。 攻撃を 受けた 相手は 防御が さがる。
681,つけあがる,Dark,20,100,10,Physical,Single,0,Contact,0,自分の 強さを 鼻高々に 攻撃する。自分の 能力が あがって いるほど 威力が あがる。
683,スピードスワップ,Psychic,0,0,10,Status,Single,0,,0,相手の 素早さと 自分の 素早さを 入れ替えてしまう。
684,スマートホーン,Steel,70,0,10,Physical,Single,0,Contact,0,とがった つので 相手を 突き刺して 攻撃する。 攻撃は 必ず 命中する。
686,めざめるダンス,Normal,90,100,15,Special,Single,0,,0,全力で 踊って 攻撃する。 この 技の タイプは 自分の タイプと 同じになる。
688,トロピカルキック,Grass,70,100,15,Physical,Single,0,Contact,100,南国 由来の 熱い キックを 相手に 浴びせる。 相手の 攻撃を さげる。
689,さいはい,Psychic,0,0,15,Status,Single,0,,0,相手が 出した 技を 指示して もう一度 出させることが できる。
690,くちばしキャノン,Flying,100,100,15,Physical,Single,-3,Bullet,0,最初に クチバシを 加熱してから 攻撃を くりだす。 加熱中に さわると やけどする。
691,スケイルノイズ,Dragon,110,100,5,Special,AllFoes,0,Sound,100,全身の うろこを こすり 大きな 音を 出して 攻撃する。 攻撃後 自分の 防御が さがる。
692,ドラゴンハンマー,Dragon,90,100,15,Physical,Single,0,Contact,0,体を ハンマーのように 使って 相手に 襲いかかり ダメージを 与える。
693,ぶんまわす,Dark,60,100,20,Physical,AllOthers,0,Contact,0,自分の 体を ぶんまわして 相手に ダメージを 与える。
694,オーロラベール,Ice,0,0,20,Status,Single,0,,0,５ターンの 間 物理と 特殊の ダメージを 弱める。 あられの 時しか 出すことが できない。
705,フルールカノン,Fairy,130,90,5,Special,Single,0,,100,強力な ビームを 放ったあと 自分の 特攻が がくっと さがる。
706,サイコファング,Psychic,85,100,10,Physical,Single,0,Bite;Contact,0,サイコパワーで かみついて 相手を 攻撃する。 ひかりのかべや リフレクター なども 破壊できる。
707,じだんだ,Ground,75,100,10,Physical,Single,0,Contact,0,悔しさを バネにして 攻撃する。 前の ターンに 技を 外していると 威力が 倍に なる。
709,アクセルロック,Rock,40,100,20,Physical,Single,1,Contact,0,素早い スピードで 相手に ぶつかって 攻撃する。 必ず 先制攻撃 できる。
710,アクアブレイク,Water,85,100,10,Physical,Single,0,Contact,20,水の 力で 相手に ぶつかって 攻撃する。 相手の 防御を さげる ことがある。
711,プリズムレーザー,Psychic,160,100,10,Special,Single,0,Recharge,0,プリズムの 力で 強力な 光線を 発射する。 次の ターンは 動けなくなる。
713,メテオドライブ,Steel,100,100,5,Physical,Single,0,Contact,0,流星の ような 勢いで 突進する。 相手の 特性を 無視して 攻撃 することが できる。
714,シャドーレイ,Ghost,100,100,5,Special,Single,0,,0,怪しい 光線を 放って 攻撃する。相手の 特性を 無視して 攻撃 することが できる。
715,なみだめ,Normal,0,0,20,Status,Single,0,,100,なみだめに なって 相手の 戦力を 喪失させる。 相手の 攻撃と 特攻が さがる。
716,びりびりちくちく,Electric,80,100,10,Physical,Single,0,Contact,30,相手に ぶつかって 強力な 電気を浴びせ びりびりちくちく させる。 相手を ひるませる ことが ある。
722,フォトンゲイザー,Psychic,100,100,5,Special,Single,0,,0,光の 柱で 攻撃する。 攻撃と 特攻を 比べて 高いほうで ダメージを 与える。
744,ダイマックスほう,Dragon,100,100,5,Special,Single,0,,100,コアから ビームを 放って 攻撃。 相手が ダイマックス していると ダメージは ２倍に なる。
745,ねらいうち,Water,80,100,15,Special,Single,0,,100,相手の 技を 引き受ける 特性や 技の 影響を 無視して 選んだ 相手を 攻撃 できる。
746,くらいつく,Dark,80,100,10,Physical,Single,0,Bite;Contact,100,お互い ひんしに なるまで 交代が できなくなる。 どちらかの ポケモンが いなくなると 効果は消える。
747,ほおばる,Normal,0,0,10,Status,Single,0,,100,持っている きのみを 食べて 防御を ぐーんと あげる。
748,はいすいのじん,Fighting,0,0,5,Status,Single,0,,100,自分の すべての 能力が 上がるが 交代 したり 逃げることが できなくなる。
749,タールショット,Rock,0,100,15,Status,Single,0,,100,ねばねばの タールを 浴びせて 相手の 素早さを 下げる。 相手は ほのおが 弱点に なる。
750,まほうのこな,Psychic,0,100,20,Status,Single,0,Powder,100,まほうのこなを 浴びせて 相手を エスパータイプに 変化させる。
751,ドラゴンアロー,Dragon,50,100,10,Physical,Single,0,,100,ドラメシヤで ２回 攻撃。 相手が ２匹 いるときは それぞれに １回ずつ 攻撃する。
752,おちゃかい,Normal,0,0,10,Status,AllOthers,0,,100,おちゃかいを ひらいて 場にいる ポケモンが それぞれ 持っている きのみを 食べる。
756,コートチェンジ,Normal,0,100,10,Status,Single,0,,100,不思議な 力で お互いの 場の 効果を 入れ替える。
775,ソウルビート,Dragon,0,100,5,Status,Single,0,Sound,100,自分の ＨＰを 少し 削って すべての 能力を 上げる。
776,ボディプレス,Fighting,80,100,10,Physical,Single,0,Contact,0,体を ぶつけて 攻撃。 防御が 高いほど 与える ダメージが 増える。
777,デコレーション,Fairy,0,0,15,Status,Single,0,,100,かざりつけを することで 相手の 攻撃と 特攻を ぐーんと 上げる。
778,ドラムアタック,Grass,80,100,10,Physical,Single,0,,100,ドラムの 根っこを ドラミングで コントロールして こうげき することで 相手の 素早さを 下げる。
780,かえんボール,Fire,120,90,5,Physical,Single,0,Bullet,10,小石を 燃やした 炎の ボールで 相手を 攻撃する。 やけど 状態に することが ある。
783,オーラぐるま,Electric,110,100,10,Physical,Single,0,,100,ほほぶくろに 溜めた エネルギーで 攻撃し 自分の 素早さを あげる。 モルペコの 姿で タイプが 変わる。
784,ワイドブレイカー,Dragon,60,100,15,Physical,AllFoes,0,Contact,100,きょうじんな しっぽを 激しく ふりはらって 相手を 攻撃する。 相手の 攻撃を 下げる。
785,えだづき,Grass,40,100,40,Physical,Single,0,Contact,0,するどく とがった 枝で 相手を 突いて 攻撃する。
786,オーバードライブ,Electric,80,100,10,Special,AllFoes,0,Sound,0,ギターや ベースを かきならして 激しく 響く 大きな 振動を 相手に 与えて 攻撃する。
787,りんごさん,Grass,80,100,10,Special,Single,0,,100,すっぱい りんごから つくりだした 酸性の 液体で 攻撃。 相手の 特防を 下げる。
788,Ｇのちから,Grass,80,100,10,Physical,Single,0,,100,高いところから りんごを 落として ダメージを 与える。 相手の 防御を 下げる。
789,ソウルクラッシュ,Fairy,75,100,15,Physical,Single,0,Contact,100,食らうと くじけるほどの 勢いで 攻撃。 相手の 特攻を 下げる。
790,ワンダースチーム,Fairy,90,95,10,Special,Single,0,,20,煙を 噴出して 相手を 攻撃。 混乱 させることが ある。
791,いのちのしずく,Water,0,0,10,Status,Single,0,,100,不思議な 水を ふりまいて 自分と 場にいる 味方の ＨＰを 回復する。
793,どげざつき,Dark,80,0,10,Physical,Single,0,Contact,100,頭を 下げる ふりを しながら 振りみだした 髪の毛を 突き刺す。 攻撃は 必ず 命中する。
796,てっていこうせん,Steel,140,95,5,Special,Single,0,,100,全身から 集めた はがねを ビームとして 激しく 撃ちだす。 自分も ダメージを 受けてしまう。
797,ワイドフォース,Psychic,80,100,10,Special,Single,0,,100,サイコパワーで 相手を 攻撃する。 サイコフィールドの時 威力が あがり すべての 相手に ダメージを 与える。
798,アイアンローラー,Steel,130,100,5,Physical,Single,0,Contact,100,フィールドを 破壊しながら 攻撃。 なんらかの フィールド状態に 変わっていないと 技は 失敗する。
799,スケイルショット,Dragon,25,90,20,Physical,Single,0,,100,ウロコを 撃ちだして 攻撃する。 ２ー５回の 間 連続で だす。 素早さが あがるが 防御が さがる。
800,メテオビーム,Rock,120,90,10,Special,Single,0,,100,１ターン目に 宇宙の 力を 集めることで 特攻が あがり ２ターン目に 相手を 攻撃する。
801,シェルアームズ,Poison,90,100,10,Special,Single,0,,20,物理か 特殊か より多く ダメージを 与えられる 能力で 攻撃する。 毒状態に することが ある。
802,ミストバースト,Fairy,100,100,5,Special,AllOthers,0,,100,自分の 周りに いる すべてを 攻撃するが 使うと 瀕死になる。 ミストフィールドで 威力が あがる。
803,グラススライダー,Grass,55,100,20,Physical,Single,0,Contact,100,地面を 滑るように 相手を 攻撃。 グラスフィールドの時 必ず 先制攻撃 できる。
804,ライジングボルト,Electric,70,100,20,Special,Single,0,,100,地面から 立ちのぼる 電撃で 攻撃。 相手が エレキフィールドに いる時 技の 威力が ２倍に なる。
805,だいちのはどう,Normal,50,100,10,Special,Single,0,Pulse,0,フィールドの力を 借りて 攻撃。 使った時の フィールドの状態に よって 技の タイプと 威力が 変わる。
806,はいよるいちげき,Bug,70,90,10,Physical,Single,0,Contact,100,背後から はいより 攻撃する。 相手の 特攻を さげる。
807,しっとのほのお,Fire,70,100,5,Special,AllFoes,0,,100,しっとの エネルギーで 相手を 攻撃。 そのターン 能力が あがった ポケモンを やけどの 状態に する。
808,うっぷんばらし,Dark,75,100,5,Physical,Single,0,Contact,100,相手への いらだちを ぶつけて 攻撃。 そのターンに 能力を さげられていると 技の 威力が ２倍に なる。
809,ポルターガイスト,Ghost,110,90,5,Physical,Single,0,,0,相手の 持ち物を あやつって 攻撃。 相手が 道具を 持っていない 場合は 失敗する。
811,コーチング,Fighting,0,0,10,Status,Single,0,,100,的確な 指導を おこなうことで 味方 全員の 攻撃と 防御を 上げる。
812,クイックターン,Water,60,100,20,Physical,Single,0,Contact,100,攻撃した あと ものすごい スピードで 戻ってきて 控えの ポケモンと 入れ替わる。
813,トリプルアクセル,Ice,20,90,10,Physical,Single,0,Contact,100,３回連続で キックを くりだして 攻撃する。 技が 当たるたびに 威力は あがる。
814,ダブルウイング,Flying,40,90,10,Physical,Single,0,Contact,100,翼を 相手に ぶつけて 攻撃する。 ２回連続で ダメージを 与える。
815,ねっさのだいち,Ground,70,100,10,Special,Single,0,,30,熱く 焼けた 砂を 相手に ぶつけて 攻撃する。 やけど状態に することが ある。
816,ジャングルヒール,Grass,0,0,10,Status,Single,0,,100,ジャングルと 一体化して 自分と 場にいる 味方の ＨＰと 状態を 回復する。
817,あんこくきょうだ,Dark,75,100,5,Physical,Single,0,Contact;Punch,100,あくの型を 極めし 強烈な 一撃。 必ず 急所に 当たる。
818,すいりゅうれんだ,Water,25,100,5,Physical,Single,0,Contact;Punch,100,みずの型を 極めし 流れるような ３回の 連撃。 必ず 急所に 当たる。
819,サンダープリズン,Electric,80,90,15,Special,Single,0,,100,ほとばしる 電気の おりの 中に ４ー５ターンの 間 相手を 閉じこめて 攻撃する。
820,ドラゴンエナジー,Dragon,150,100,5,Special,AllFoes,0,,0,生命力を パワーに 変え 相手を 攻撃する。 自分の ＨＰが 少ないほど 技の 威力は さがる。
821,いてつくしせん,Psychic,90,100,10,Special,Single,0,,10,両目から サイコパワーを 撃ちだして 攻撃する。 こおり状態に することが ある。
822,もえあがるいかり,Dark,90,100,10,Special,AllFoes,0,,20,怒りを 炎の ような オーラに 変えて 攻撃する。 相手を ひるませることが ある。
823,らいめいげり,Fighting,90,100,10,Physical,Single,0,Contact,100,雷の ような 動きで 相手を 翻弄しながら キックする。 相手の 防御を さげる。
824,ブリザードランス,Ice,120,100,5,Physical,AllFoes,0,,0,吹雪を まとった 氷の 槍を 相手に 投げつけて 攻撃する。
825,アストラルビット,Ghost,120,100,5,Special,AllFoes,0,,0,たくさんの 小さな 霊体を 相手に ぶつけて 攻撃する。
826,ぶきみなじゅもん,Psychic,80,100,5,Special,Single,0,Sound,100,強力な サイコパワーで 攻撃。 相手が 最後に 使った技の ＰＰを ３だけ 減らす。
827,フェイタルクロー,Poison,80,100,15,Physical,Single,0,,0,
828,バリアーラッシュ,Psychic,70,90,10,Physical,Single,0,,0,
830,がんせきアックス,Rock,65,90,15,Physical,Single,0,,0,
831,はるのあらし,Fairy,100,80,5,Special,AllFoes,0,,0,
832,しんぴのちから,Psychic,70,90,10,Special,Single,0,,0,
833,だいふんげき,Fire,120,100,10,Physical,Single,0,,0,
834,ウェーブタックル,Water,120,100,10,Physical,Single,0,,0,
835,クロロブラスト,Grass,150,95,5,Special,Single,0,,0,
836,ひょうざんおろし,Ice,100,85,10,Physical,Single,0,,0,
837,しょうりのまい,Fighting,0,0,10,Status,Single,0,,0,
838,ぶちかまし,Ground,120,100,5,Physical,Single,0,,0,
839,どくばりセンボン,Poison,60,100,10,Physical,Single,0,,0,
840,オーラウイング,Psychic,80,100,10,Special,Single,0,,0,
841,うらみつらみ,Ghost,75,100,10,Special,Single,0,,0,
842,たてこもる,Steel,0,0,10,Status,Single,0,,0,
843,３ぼんのや,Fighting,90,100,10,Physical,Single,0,,0,
844,ひゃっきやこう,Ghost,60,100,15,Special,Single,0,,0,
845,ひけん・ちえなみ,Dark,65,90,15,Physical,Single,0,,0,
846,こがらしあらし,Flying,100,80,10,Special,AllFoes,0,,0,
847,かみなりあらし,Electric,100,80,10,Special,AllFoes,0,,0,
848,ねっさのあらし,Ground,100,80,10,Special,AllFoes,0,,0,
849,みかづきのいのり,Psychic,0,0,5,Status,Single,0,,0,
850,ブレイブチャージ,Psychic,0,0,10,Status,Single,0,,0,
851,テラバースト,Normal,80,100,10,Special,Single,0,,0,
852,スレッドトラップ,Bug,0,0,10,Status,Single,4,,0,
853,かかとおとし,Fighting,120,90,10,Physical,Single,0,,0,
854,おはかまいり,Ghost,50,100,10,Physical,Single,0,,0,
855,ルミナコリジョン,Psychic,80,100,10,Special,Single,0,,0,
856,いっちょうあがり,Dragon,80,100,10,Physical,Single,0,,0,
857,ジェットパンチ,Water,60,100,15,Physical,Single,1,,0,
858,ハバネロエキス,Grass,0,0,15,Status,Single,0,,0,
859,ホイールスピン,Steel,100,100,5,Physical,Single,0,,0,
860,ネズミざん,Normal,20,90,10,Physical,Single,0,,0,
861,アイススピナー,Ice,80,100,15,Physical,Single,0,,0,
862,きょけんとつげき,Dragon,120,100,5,Physical,Single,0,,0,
863,さいきのいのり,Normal,0,0,1,Status,Single,0,,0,
864,しおづけ,Rock,40,100,15,Physical,Single,0,,0,
865,トリプルダイブ,Water,30,95,10,Physical,Single,0,,0,
866,キラースピン,Poison,30,100,15,Physical,AllFoes,0,,0,
867,うつしえ,Normal,0,100,10,Status,Single,0,,0,
868,みをけずる,Normal,0,0,10,Status,Single,0,,0,
869,ドゲザン,Dark,85,0,10,Physical,Single,0,,0,
870,トリックフラワー,Grass,70,0,10,Physical,Single,0,,0,
871,フレアソング,Fire,80,100,10,Special,Single,0,,0,
872,アクアステップ,Water,80,100,10,Physical,Single,0,,0,
873,レイジングブル,Normal,90,100,10,Physical,Single,0,,0,
874,ゴールドラッシュ,Steel,120,100,5,Special,AllFoes,0,,0,
875,サイコブレイド,Psychic,80,100,15,Physical,Single,0,,0,
876,ハイドロスチーム,Water,80,100,15,Special,Single,0,,0,
877,カタストロフィ,Dark,1,90,10,Special,Single,0,,0,
878,アクセルブレイク,Fighting,100,100,5,Physical,Single,0,,0,
879,イナズマドライブ,Electric,100,100,5,Special,Single,0,,0,
880,しっぽきり,Normal,0,0,10,Status,Single,0,,0,
881,さむいギャグ,Ice,0,0,10,Status,Single,0,,0,
882,おかたづけ,Normal,0,0,10,Status,Single,0,,0,
883,ゆきげしき,Ice,0,0,10,Status,Single,0,,0,
884,とびつく,Bug,50,100,20,Physical,Single,0,,0,
885,くさわけ,Grass,50,100,20,Physical,Single,0,,0,
886,ひやみず,Water,50,100,20,Special,Single,0,,0,
887,ハイパードリル,Normal,100,100,5,Physical,Single,0,,0,
888,ツインビーム,Psychic,40,100,10,Special,Single,0,,0,
889,ふんどのこぶし,Ghost,50,100,10,Physical,Single,0,,0,
890,アーマーキャノン,Fire,120,100,5,Special,Single,0,,0,
891,むねんのつるぎ,Fire,90,100,10,Physical,Single,0,,0,
892,でんこうそうげき,Electric,120,100,5,Physical,Single,0,,0,
893,デカハンマー,Steel,160,100,5,Physical,Single,0,,0,
894,ほうふく,Dark,1,100,10,Physical,Single,0,,0,
895,アクアカッター,Water,70,100,20,Physical,Single,0,,0,
901,ブラッドムーン,Normal,140,100,5,Special,Single,0,,0,
902,シャカシャカほう,Grass,80,90,15,Special,Single,0,,0,
903,みずあめボム,Grass,60,85,10,Special,Single,0,,0,
904,ツタこんぼう,Grass,100,100,10,Physical,Single,0,,0,
905,エレクトロビーム,Electric,130,100,10,Special,Single,0,,0,
906,テラクラスター,Normal,120,100,5,Special,AllFoes,0,,0,
907,きまぐレーザー,Dragon,80,100,5,Special,Single,0,,0,
908,かえんのまもり,Fire,0,0,10,Status,Single,4,,0,
909,じんらい,Electric,70,100,5,Special,Single,1,,0,
910,パワフルエッジ,Rock,95,100,5,Physical,Single,0,,0,
911,タキオンカッター,Steel,50,0,10,Special,Single,0,,0,
912,ハードプレス,Steel,0,100,10,Physical,Single,0,,0,
913,ドラゴンエール,Dragon,0,0,15,Status,Single,0,,0,
914,みわくのボイス,Fairy,80,100,10,Special,Single,0,,0,
915,やけっぱち,Fire,75,100,10,Physical,Single,0,,0,
916,サンダーダイブ,Electric,100,95,15,Physical,Single,0,,0,
917,サイコノイズ,Psychic,75,100,10,Special,Single,0,,0,
918,はやてがえし,Fighting,65,100,15,Physical,Single,3,,0,
919,じゃどくのくさり,Poison,100,100,5,Special,Single,0,,0,
