FormId,SpeciesId
10001,386
10002,386
10003,386
10006,492
10007,487
10008,479
10009,479
10010,479
10011,479
10012,479
10016,550
10018,648
10019,641
10020,642
10021,645
10022,646
10023,646
10024,647
10025,678
10086,720
10094,25
10095,25
10096,25
10097,25
10098,25
10099,25
10100,26
10101,27
10102,28
10103,37
10104,38
10105,50
10106,51
10107,52
10108,53
10109,74
10110,75
10111,76
10112,88
10113,89
10114,103
10117,658
10123,741
10124,741
10125,741
10126,745
10130,774
10131,774
10132,774
10133,774
10134,774
10135,774
10136,774
10137,774
10138,774
10139,774
10140,774
10141,774
10142,774
10143,778
10147,801
10148,25
10151,744
10152,745
10155,800
10156,800
10160,25
10161,52
10164,79
10165,80
10167,110
10169,144
10170,145
10171,146
10172,199
10184,849
10185,875
10186,876
10187,877
10188,888
10189,889
10191,892
10192,893
10193,898
10194,898
10229,58
10230,59
10231,100
10232,101
10233,157
10234,211
10235,215
10236,503
10237,549
10238,570
10239,571
10240,628
10241,705
10242,706
10243,713
10244,724
10245,483
10246,484
10247,550
10248,902
10249,905
10250,128
10251,128
10252,128
10253,194
10254,916
10255,982
10256,964
10257,925
10258,978
10259,978
10260,931
10261,931
10262,931
10263,999
10264,1007
10265,1007
10266,1007
10267,1007
10268,1008
10269,1008
10270,1008
10271,1008
10272,901
10273,1017
10274,1017
10275,1017
10276,1024
10277,1024
