SpeciesId,AbilityId
2,65
2,34
3,34
3,65
4,66
6,94
6,66
7,67
8,67
8,44
9,67
9,44
24,22
24,61
25,31
25,9
26,9
26,31
27,146
27,8
28,146
28,8
35,98
35,132
36,98
36,109
36,56
38,70
38,18
39,56
39,172
40,119
40,172
40,56
43,34
44,34
44,1
45,27
45,34
48,14
49,110
49,19
50,71
51,71
51,8
51,159
53,101
53,127
54,13
54,33
54,6
55,33
55,13
57,83
57,72
57,128
59,22
59,18
59,154
60,6
60,11
61,11
62,11
62,33
62,6
69,34
70,34
71,34
73,64
73,29
73,44
74,5
75,5
76,5
76,8
79,12
80,144
80,12
80,20
81,148
82,5
82,148
84,48
85,48
85,77
86,115
86,47
87,47
87,93
87,115
89,60
89,143
89,1
90,75
90,142
91,92
91,75
92,26
93,26
94,130
96,15
97,15
97,108
101,106
101,9
101,43
103,139
103,34
106,84
106,120
107,39
107,89
109,26
109,256
110,256
110,26
110,1
111,120
112,31
112,120
112,69
113,30
113,32
113,131
123,101
125,72
126,49
128,125
128,22
128,83
129,33
129,155
130,22
130,153
131,11
131,75
131,93
132,150
132,7
133,91
133,50
133,107
134,11
134,93
135,10
135,95
136,18
136,62
137,88
137,148
143,47
143,17
143,82
144,46
144,81
145,9
145,46
146,49
146,46
148,61
149,136
149,39
150,46
150,127
153,102
154,102
154,65
155,18
155,66
156,18
157,18
157,66
158,125
160,125
160,67
162,119
162,51
162,50
164,15
164,110
164,51
168,15
168,68
168,97
171,10
171,11
172,9
173,56
180,9
181,9
182,34
182,131
184,37
184,47
184,157
185,5
185,69
186,2
187,34
188,151
188,34
189,151
189,34
189,102
191,34
192,94
192,34
192,48
194,11
195,11
195,109
195,6
196,156
196,28
197,39
197,28
198,158
199,144
199,12
199,20
200,26
203,157
203,48
204,5
205,5
205,142
206,32
206,155
206,50
207,17
209,22
210,22
211,22
211,33
212,101
212,68
212,135
214,62
214,153
214,68
215,39
216,95
217,62
217,95
219,40
219,133
219,49
221,47
225,72
225,55
225,15
227,5
227,133
227,51
228,18
229,18
229,48
230,33
230,97
231,8
231,53
232,5
233,36
233,88
233,148
234,22
234,157
235,141
235,101
235,20
237,101
237,80
237,22
242,30
242,32
242,131
243,39
243,46
244,39
244,46
245,46
245,39
247,61
248,45
248,127
249,136
249,46
250,144
250,46
252,84
253,84
254,84
254,65
255,3
256,3
257,3
257,66
258,67
259,6
259,67
260,67
260,6
261,50
262,22
262,95
262,153
272,33
272,44
273,48
275,274
275,34
275,124
279,2
279,44
279,51
281,36
282,36
282,28
282,140
283,33
284,22
286,101
286,90
286,27
288,72
289,54
297,47
297,62
298,47
299,5
299,42
302,158
302,100
307,74
308,74
311,31
312,10
313,158
314,158
316,64
317,82
317,64
317,60
322,86
323,116
323,83
323,40
324,70
324,75
324,73
325,47
325,20
326,47
328,125
328,71
329,26
330,26
331,11
332,11
332,8
334,13
334,30
335,17
335,137
336,151
336,61
339,12
340,93
340,12
340,107
341,91
341,52
342,91
342,75
342,52
350,63
350,172
350,56
354,119
354,15
355,26
356,119
356,46
357,139
358,26
362,141
362,39
370,33
371,125
373,22
373,153
376,29
376,135
377,5
377,29
378,29
378,115
379,29
379,135
380,26
381,26
382,2
383,70
384,76
388,75
389,75
389,65
390,66
391,66
392,66
392,89
395,172
395,67
397,22
398,120
398,22
402,101
402,68
405,22
405,62
405,79
409,104
409,125
411,5
411,43
416,46
416,127
417,10
417,50
417,53
418,41
419,33
423,114
423,60
423,159
424,101
424,92
425,84
425,106
426,84
426,106
426,138
429,26
430,15
430,153
430,105
435,106
435,1
436,85
437,26
437,85
437,134
438,5
442,151
442,46
445,24
445,8
446,47
446,82
447,158
447,80
448,39
448,154
448,80
450,45
450,159
454,87
454,107
454,143
457,114
457,33
459,117
460,117
460,43
461,46
461,124
462,5
462,148
462,42
464,31
464,116
466,78
466,72
467,49
467,72
469,3
469,110
469,119
470,34
470,102
471,81
471,115
472,90
472,52
472,8
473,47
473,12
473,81
474,91
474,88
474,148
475,292
475,154
475,80
476,5
476,159
476,42
477,119
477,46
478,130
478,81
479,26
480,26
481,26
482,26
483,46
483,140
484,46
484,140
485,18
485,49
486,112
487,46
487,140
488,26
496,126
497,126
497,65
499,47
499,66
500,120
500,66
501,67
501,75
503,75
503,67
523,78
523,157
530,146
530,104
530,159
532,125
534,62
534,89
534,125
541,142
541,102
542,34
542,142
542,68
546,158
547,158
547,34
547,151
549,34
549,20
550,91
553,22
553,153
560,22
560,153
560,61
570,149
571,149
573,101
573,92
573,56
574,23
575,23
575,119
576,23
576,119
576,172
577,98
578,98
579,98
579,144
580,93
580,51
580,145
581,51
581,145
581,93
585,32
586,32
586,34
586,157
590,27
590,144
591,144
591,27
594,144
594,131
594,93
596,14
596,68
596,127
603,26
604,26
607,18
608,18
608,151
608,49
609,18
609,151
609,49
610,104
611,104
612,104
612,79
612,127
613,155
614,33
614,202
614,81
615,26
620,120
620,39
620,144
623,99
623,103
623,89
624,46
625,128
625,39
625,46
627,55
628,128
628,125
629,142
629,145
630,142
630,145
630,133
634,55
635,26
636,68
637,49
637,68
638,154
639,154
640,154
641,158
642,158
642,128
643,163
644,164
645,125
645,159
646,46
651,171
652,171
652,65
654,66
655,170
655,66
658,168
658,67
661,177
661,145
662,49
662,177
663,177
663,49
666,14
666,19
667,127
668,79
668,127
671,166
671,180
673,179
673,157
678,158
678,151
678,51
686,126
687,126
687,21
691,91
691,143
691,38
693,178
700,182
700,56
701,84
701,7
701,104
702,167
702,53
702,57
703,5
703,29
704,183
704,157
705,93
705,157
706,157
706,93
706,183
707,158
707,170
708,119
708,30
709,139
709,119
709,30
713,5
713,115
713,20
714,119
715,119
715,151
722,203
722,65
723,203
724,203
724,65
725,22
725,66
726,22
727,22
727,66
728,67
729,204
730,67
730,204
731,92
733,92
733,51
734,198
735,198
735,91
737,217
738,26
740,89
740,52
741,216
743,19
743,175
743,118
744,51
745,146
745,51
745,80
748,144
748,7
748,196
750,192
751,199
752,199
752,11
754,126
754,102
758,212
758,12
762,12
763,214
764,205
764,166
765,39
765,140
765,180
766,128
770,195
770,8
774,197
775,213
778,209
779,173
779,219
782,43
784,171
784,43
784,142
791,230
792,231
800,232
810,229
811,229
812,229
812,65
814,236
814,66
815,236
815,66
816,67
818,97
818,67
819,167
820,167
820,82
823,46
823,240
823,127
834,75
834,33
834,173
839,243
839,49
839,18
840,247
841,55
841,82
842,47
842,247
844,245
844,61
844,8
845,241
846,33
847,33
847,239
849,244
849,101
849,57
855,133
855,130
857,156
858,156
858,131
858,107
860,158
861,158
861,119
861,124
863,252
863,4
863,181
868,175
868,165
869,165
869,175
870,4
870,128
871,226
871,31
872,19
873,246
873,19
874,249
875,248
876,227
877,258
878,125
879,125
879,134
884,135
884,134
884,242
887,151
887,130
887,29
888,234
889,235
890,46
892,260
894,262
895,263
896,264
897,265
898,127
899,157
899,22
899,119
900,292
900,68
900,125
901,62
901,171
901,127
902,91
902,33
902,104
903,84
903,143
903,46
904,22
904,33
904,38
905,126
905,56
906,65
906,168
907,168
908,168
908,65
909,109
909,66
910,109
911,109
911,66
912,67
914,153
914,67
915,47
915,165
915,82
916,47
916,268
916,82
918,15
918,198
919,68
920,110
920,68
921,9
923,10
923,89
923,30
925,101
925,167
925,132
926,20
927,273
927,165
929,48
930,269
930,139
931,55
931,22
931,62
932,5
933,272
934,272
934,5
934,29
936,18
936,133
937,18
937,133
939,280
939,9
941,10
941,172
941,277
943,275
943,198
943,22
944,124
944,158
944,84
945,158
945,84
945,143
946,274
947,274
947,151
948,298
949,298
950,271
950,144
950,75
952,141
952,34
952,15
953,61
954,28
954,140
956,3
956,290
956,119
958,124
959,104
959,20
959,124
961,183
961,155
962,276
962,51
964,278
965,142
966,111
966,142
967,144
967,61
968,297
968,8
969,295
970,295
970,212
971,218
972,218
972,146
973,113
973,77
975,125
975,202
975,47
976,292
976,104
977,109
977,41
977,12
978,114
978,279
979,128
979,72
979,39
980,11
980,109
980,38
981,157
981,296
981,291
982,155
982,32
983,293
983,128
983,46
984,281
985,281
986,281
987,281
988,281
989,281
990,282
991,282
992,282
993,282
994,282
995,282
996,270
998,270
998,115
1000,283
1001,286
1002,285
1003,284
1004,287
1005,281
1006,282
1007,288
1008,289
1009,281
1010,282
1011,60
1011,306
1013,85
1013,299
1014,275
1014,305
1015,119
1015,305
1016,305
1016,101
1017,104
1017,5
1017,11
1017,128
1018,192
1018,5
1018,242
1019,144
1019,306
1019,60
1020,281
1021,281
1022,282
1023,282
1024,307
