SpeciesId,NatureId
2,10
3,15
3,10
3,5
3,16
3,14
3,20
6,10
6,15
6,11
6,18
6,16
6,2
6,13
7,10
8,8
8,7
8,20
9,15
9,22
9,3
9,8
9,20
9,13
9,10
24,13
25,1
25,10
25,13
25,3
25,15
25,2
25,8
25,14
25,11
25,5
26,10
26,20
26,13
26,23
26,15
26,8
26,14
26,5
26,11
26,16
28,3
35,7
35,22
35,5
35,8
35,20
35,23
35,2
35,4
35,11
35,19
36,5
36,20
36,15
36,7
36,17
36,6
36,18
38,10
38,20
38,5
38,3
38,15
39,7
39,2
39,5
40,17
44,7
45,20
45,5
45,22
45,15
45,10
48,22
48,10
48,7
49,22
49,10
49,15
51,13
51,3
51,14
51,11
52,2
53,14
53,13
53,3
55,15
55,10
55,22
57,3
59,3
59,15
59,5
59,13
59,8
59,10
59,11
59,2
59,18
60,10
61,10
62,23
62,3
62,17
62,13
70,10
71,11
73,10
76,3
76,2
79,22
80,5
80,17
80,22
80,20
80,7
82,17
82,15
82,20
85,13
85,11
86,7
86,22
87,7
87,22
87,23
89,23
89,1
89,15
91,13
91,3
91,14
93,10
94,10
94,15
94,3
94,22
94,14
94,24
94,11
94,0
97,22
101,10
103,10
103,20
106,13
106,3
106,23
106,4
107,23
107,13
107,3
107,5
107,1
109,22
110,20
110,23
110,2
110,5
110,22
110,10
110,8
110,13
110,7
110,18
112,3
112,23
112,22
112,2
112,5
112,8
112,6
113,5
113,20
113,12
113,7
123,3
123,23
125,20
125,13
125,10
125,15
125,5
125,7
125,23
126,8
126,5
126,20
126,10
128,13
128,3
130,23
130,3
130,8
130,13
130,2
130,0
130,24
131,5
131,22
131,20
131,15
131,17
131,8
131,7
131,23
131,10
132,10
132,7
132,22
132,21
132,13
132,3
132,16
132,12
132,14
132,8
133,8
133,2
134,15
134,5
134,17
135,10
135,2
135,15
136,2
136,3
143,8
143,7
143,2
143,3
143,22
143,23
144,15
144,20
144,10
144,5
145,15
145,5
145,10
145,6
145,20
145,24
146,5
146,20
146,15
146,10
149,3
149,13
149,2
149,15
149,23
149,16
149,10
149,8
149,21
149,0
150,15
150,10
150,20
150,24
150,0
150,17
150,5
150,18
153,5
154,23
154,20
156,10
156,5
156,8
157,10
157,14
157,15
157,16
158,2
160,3
160,13
160,1
160,23
161,2
161,17
162,13
162,3
162,23
164,10
167,7
171,20
171,5
171,15
172,11
173,22
181,15
181,16
181,17
182,10
184,3
184,2
184,22
184,7
185,3
185,2
186,5
186,15
186,3
186,20
186,22
186,17
186,10
189,10
189,5
189,13
189,20
189,15
189,8
191,17
192,17
192,15
192,10
193,11
194,7
195,5
195,7
195,22
195,20
195,15
195,23
196,10
196,15
196,20
196,11
197,5
197,20
197,22
197,8
197,23
197,7
197,0
198,8
198,20
198,5
198,7
198,23
198,10
198,11
198,3
198,13
198,12
199,7
199,22
199,20
199,17
199,15
200,7
200,15
200,20
205,2
205,5
205,23
206,22
210,2
210,8
210,3
212,3
212,23
212,2
212,1
212,11
212,13
214,3
214,13
215,13
217,3
221,23
225,10
225,13
225,3
227,13
227,8
227,23
227,3
229,16
229,15
230,15
230,3
230,10
230,23
230,5
230,11
232,3
232,1
233,17
233,20
233,15
233,7
233,22
233,5
233,6
233,10
233,0
233,12
234,5
234,3
234,7
234,13
234,2
235,13
235,10
235,7
235,8
235,14
235,23
235,5
235,12
235,20
235,16
237,23
237,22
237,3
237,8
237,2
237,4
237,20
237,1
237,13
237,7
242,5
242,22
242,13
242,15
242,11
243,5
243,15
243,10
243,21
244,3
244,15
244,13
244,2
244,10
244,23
244,8
244,17
244,14
245,15
245,10
245,20
245,5
245,0
245,7
246,2
247,2
248,3
248,2
248,8
248,13
248,23
248,7
248,22
248,17
248,10
248,11
249,15
249,5
249,20
249,10
249,7
249,17
249,22
249,19
250,3
250,8
250,13
250,23
250,17
250,10
250,20
250,0
250,5
250,7
253,14
253,10
254,10
254,13
254,15
254,11
254,3
254,23
257,3
257,15
257,14
257,13
257,10
257,23
257,8
257,12
260,3
260,17
260,23
260,7
260,8
260,15
260,2
260,22
260,14
260,20
262,3
272,15
272,17
272,13
272,10
272,22
272,7
272,8
272,23
272,3
272,11
273,2
275,13
275,3
275,15
275,10
275,14
279,15
279,20
279,5
279,10
279,17
279,7
279,16
279,1
279,12
279,22
282,15
282,10
282,20
282,22
282,5
283,13
284,15
284,10
286,3
286,13
286,2
286,0
286,7
286,23
289,3
289,13
289,23
296,7
297,2
297,3
297,22
299,7
299,12
302,23
302,8
302,5
302,22
302,20
302,7
302,15
302,13
302,3
302,6
308,13
308,5
308,3
308,22
308,8
311,10
311,15
311,14
312,10
313,5
313,12
313,7
313,10
313,8
313,23
313,13
313,20
314,20
314,5
314,10
314,22
314,8
314,19
317,20
317,2
323,15
323,17
323,12
324,17
324,15
324,20
324,7
324,5
324,19
324,22
324,13
324,10
324,0
325,15
328,2
328,3
330,13
330,3
330,23
332,2
332,21
332,3
334,5
334,20
334,22
335,13
340,3
342,2
342,22
350,15
350,20
350,5
350,10
350,7
354,3
354,2
354,13
355,8
356,7
356,22
356,23
356,3
356,8
356,5
356,20
356,15
357,5
357,20
357,22
357,24
358,17
362,10
362,11
362,13
370,13
370,10
373,10
373,3
373,14
373,5
373,15
373,11
373,8
373,13
373,17
373,0
376,3
376,2
376,13
376,22
376,23
376,15
376,8
377,8
377,7
378,15
378,22
378,17
378,7
378,20
378,5
379,8
379,7
379,3
379,22
379,20
380,10
380,15
380,20
380,5
380,13
380,17
380,24
381,10
381,15
381,20
381,5
381,12
381,6
382,15
382,10
382,17
382,5
382,12
382,20
382,16
382,7
382,14
382,24
383,3
383,13
383,23
383,2
383,17
383,8
383,1
383,15
383,0
383,22
384,3
384,13
384,7
384,17
384,16
384,1
384,4
384,2
384,11
384,15
388,22
389,3
389,2
389,23
389,8
389,13
389,7
389,15
392,14
392,15
392,13
392,4
392,10
392,3
392,11
393,15
393,20
395,17
395,15
395,20
395,19
395,13
395,5
396,13
398,13
398,3
398,8
398,11
402,3
405,3
405,13
405,8
409,3
409,2
409,22
411,7
411,22
411,8
411,20
416,20
417,20
417,23
417,5
417,8
417,13
417,10
419,3
419,10
419,13
419,11
423,17
423,5
423,15
423,20
423,22
423,7
423,8
424,3
424,13
426,10
426,20
426,3
426,8
426,2
426,5
426,13
426,14
426,23
429,10
430,2
430,14
430,5
435,7
435,8
437,7
437,2
437,22
437,5
437,13
437,15
437,20
437,23
437,16
438,2
442,22
442,7
442,5
442,20
442,23
442,2
442,17
442,8
442,4
442,15
445,13
445,3
445,23
445,2
447,3
447,13
447,23
447,7
447,10
447,8
447,6
447,15
447,2
447,22
448,3
448,10
448,13
448,14
448,7
448,11
448,15
448,24
450,23
450,8
450,3
450,2
450,7
454,3
454,13
454,15
454,23
457,10
457,15
457,5
459,7
460,15
460,7
460,17
460,5
460,20
460,2
460,10
460,8
461,13
461,3
461,8
461,12
461,4
461,19
462,15
462,23
462,20
464,2
464,3
464,23
464,22
464,8
464,7
464,13
466,13
466,3
466,8
466,10
466,23
466,15
466,4
467,10
467,15
469,13
469,10
469,15
470,3
470,13
471,15
471,17
472,9
472,13
472,23
472,3
472,8
473,13
473,3
473,4
474,10
474,15
474,14
475,2
475,3
475,13
475,7
475,23
475,8
475,9
476,8
477,22
477,23
477,2
477,8
477,5
478,10
478,15
480,20
480,12
480,5
481,17
481,20
481,5
482,3
482,14
482,10
483,17
483,22
483,15
483,20
483,7
483,5
483,10
484,15
484,17
484,7
484,5
484,10
484,20
484,19
484,11
485,15
485,17
485,5
485,10
485,20
485,7
485,22
485,12
486,3
486,13
486,8
486,15
486,24
486,12
486,23
487,15
487,3
487,5
487,20
487,9
487,8
487,23
487,2
487,22
488,5
488,20
488,22
488,7
488,15
488,10
488,17
488,3
497,10
497,15
497,20
497,11
500,2
500,3
500,17
500,13
502,10
503,3
503,20
523,13
523,10
530,3
530,13
530,18
533,2
534,2
534,3
534,22
542,3
542,13
547,10
547,20
547,5
547,15
547,11
547,14
547,7
547,18
547,13
547,23
549,10
549,15
549,2
553,13
553,3
553,8
559,22
559,7
559,2
559,8
559,20
559,23
560,7
560,13
560,3
560,22
560,23
560,8
560,2
571,19
571,15
571,10
571,11
571,4
573,3
573,13
573,11
576,5
576,20
576,10
576,22
576,11
576,7
576,15
576,8
576,6
576,23
577,17
578,20
579,17
579,22
579,7
586,13
591,7
591,22
591,5
591,20
591,15
591,8
591,17
591,1
591,0
591,4
594,7
594,22
594,20
594,15
594,5
596,10
596,14
604,16
604,3
604,15
609,15
609,10
609,17
609,22
609,14
609,12
609,20
612,3
612,13
612,9
614,13
614,3
615,10
615,5
620,13
620,3
620,17
620,6
620,4
620,22
623,2
623,3
623,23
625,3
625,0
628,3
628,13
630,23
630,5
630,3
630,20
635,15
635,10
635,5
635,1
635,13
637,5
637,10
637,15
637,20
637,1
637,18
637,7
637,21
637,11
637,6
638,10
638,0
638,8
638,13
639,3
639,13
639,1
639,10
640,3
640,13
640,5
640,18
641,15
641,10
641,5
641,20
641,11
641,0
641,13
641,17
641,3
641,14
642,20
642,10
642,15
642,5
642,22
642,3
642,12
642,7
642,14
642,13
643,15
643,17
643,10
643,13
643,20
643,24
644,3
644,13
644,15
644,11
645,15
645,10
645,19
645,17
645,20
645,2
645,14
645,3
645,16
645,5
646,10
646,15
652,8
652,5
652,23
652,3
652,13
654,20
654,10
654,7
654,5
654,22
655,10
655,20
655,15
658,10
658,15
658,3
658,12
658,22
658,1
658,24
658,13
658,14
658,11
661,10
663,13
663,3
663,10
663,11
663,14
663,23
663,15
663,12
663,9
663,21
666,10
666,17
668,15
668,10
671,15
671,5
671,17
671,10
671,20
671,7
671,6
673,8
678,11
678,20
678,5
678,13
678,10
678,15
678,6
678,8
678,1
686,7
687,23
687,8
687,22
687,3
687,2
687,13
687,20
687,7
687,24
687,10
691,17
693,15
693,17
693,4
700,15
700,17
700,5
700,14
700,0
700,20
700,10
700,7
701,3
701,13
701,12
702,10
703,17
703,7
703,22
703,5
706,7
706,15
706,22
706,8
706,5
707,5
707,20
707,22
707,15
707,8
707,7
707,10
707,23
707,13
708,22
709,3
709,22
709,7
709,8
713,8
713,2
713,7
715,13
715,10
715,11
715,15
715,9
722,7
724,23
724,2
724,3
724,8
724,13
726,13
726,10
727,8
727,23
727,3
727,7
727,13
727,2
727,22
727,5
727,15
727,12
729,5
730,15
730,5
730,17
730,20
730,22
730,16
730,10
730,9
730,12
730,0
733,3
733,13
735,3
735,2
737,5
737,8
737,22
737,7
737,20
737,23
738,17
738,15
738,20
738,13
740,2
740,8
740,3
741,10
743,10
745,13
745,3
748,20
748,5
748,22
748,7
748,8
748,23
748,11
748,15
748,3
748,17
750,23
750,2
750,8
750,3
750,7
750,22
751,4
752,2
752,22
752,8
752,3
752,7
752,23
752,17
752,13
752,5
752,0
754,2
754,3
754,23
754,7
754,8
754,22
757,5
758,10
758,14
758,15
758,11
758,19
761,7
763,3
763,2
763,13
763,8
763,23
763,20
763,15
764,20
764,5
764,15
764,17
764,22
764,7
764,10
764,23
764,21
764,9
765,7
765,22
765,5
765,20
765,9
765,6
765,15
765,23
765,17
765,11
766,13
766,3
766,7
770,5
770,22
774,3
774,13
775,2
775,13
775,3
778,3
778,2
778,13
778,8
778,23
778,7
778,22
778,1
778,10
779,13
779,3
779,22
779,10
779,2
784,3
784,8
784,10
784,5
784,19
784,7
784,17
784,13
789,2
791,3
791,8
791,13
791,2
791,10
791,22
791,23
791,7
791,24
792,15
792,17
792,10
792,5
792,20
792,22
792,7
792,0
792,8
792,16
800,15
800,17
811,8
812,3
812,13
812,23
812,8
812,2
812,22
812,1
812,24
812,12
812,15
815,3
815,13
815,11
818,15
818,10
818,13
820,7
820,23
820,2
820,8
823,8
823,23
823,2
823,13
823,5
823,7
823,22
834,3
839,20
839,15
839,13
839,9
839,17
841,3
841,0
842,17
842,7
842,5
842,15
844,13
845,4
845,2
847,13
847,3
849,10
849,15
849,17
855,7
855,10
855,5
857,22
857,20
858,17
858,15
858,22
858,7
858,5
858,2
860,7
861,23
861,8
861,3
861,20
861,5
861,13
861,7
861,2
861,22
861,10
863,13
863,2
863,8
863,3
863,22
869,5
869,7
869,20
869,15
869,10
869,22
869,17
869,18
870,3
870,23
871,17
871,7
871,3
871,2
871,22
873,5
873,10
873,17
873,20
873,15
873,22
873,8
874,7
874,13
874,8
874,5
874,23
874,2
874,3
875,23
876,10
876,15
876,17
876,5
876,7
876,20
876,24
876,22
876,3
876,8
877,13
877,11
879,2
887,13
887,3
887,10
887,9
887,14
887,11
887,4
887,1
887,16
887,17
888,13
888,3
888,11
888,8
888,23
888,12
888,1
888,10
888,15
888,4
889,8
889,13
889,23
889,3
889,5
889,10
889,7
889,20
889,4
889,14
890,15
890,20
890,10
890,5
890,12
890,21
890,22
892,3
892,13
892,2
892,23
892,18
892,8
892,11
892,4
892,12
892,10
894,15
894,10
894,3
894,4
894,20
894,11
894,13
894,16
894,14
894,0
895,15
895,10
895,17
895,20
895,12
895,2
895,16
895,14
896,7
896,3
896,2
896,6
897,10
897,15
899,8
899,13
899,23
900,3
900,13
901,2
901,3
901,13
901,7
901,10
901,8
901,6
901,23
901,11
901,21
902,3
902,13
902,2
902,8
902,18
902,0
902,24
903,3
903,13
903,23
903,6
903,14
903,18
903,11
903,12
903,0
903,8
904,23
904,13
904,3
904,8
904,1
904,7
904,20
904,5
905,15
905,13
905,3
905,10
905,11
905,5
907,2
908,13
908,3
908,8
908,10
908,2
908,11
908,9
908,1
908,23
911,5
911,15
911,20
911,17
911,0
911,22
911,14
914,13
914,3
914,11
916,13
920,3
923,13
923,3
923,20
923,8
923,24
925,3
925,8
925,13
925,23
925,5
925,10
925,24
925,18
925,15
925,2
927,5
927,16
927,23
927,8
927,3
930,17
930,20
930,15
930,5
931,13
931,2
934,23
934,22
934,7
934,8
934,3
934,2
934,4
936,15
936,17
936,20
936,7
936,10
936,5
936,19
936,21
936,24
936,22
937,3
937,13
937,8
937,1
937,23
937,4
937,2
937,14
939,17
939,7
939,8
939,10
939,15
939,20
941,10
941,15
941,9
943,23
945,3
945,13
945,5
945,23
945,20
945,1
945,8
945,12
945,22
947,4
947,13
947,3
949,5
949,10
949,23
949,20
949,17
949,15
950,3
952,10
952,12
952,5
952,22
952,15
952,3
952,20
952,11
954,17
954,5
954,22
954,15
954,7
956,10
956,15
956,20
956,11
959,3
959,13
959,8
959,23
959,12
959,0
959,2
961,13
961,3
961,22
964,3
964,12
964,13
964,22
964,1
964,2
964,8
964,0
966,3
966,4
967,13
967,15
967,3
967,8
968,8
968,23
968,7
968,5
968,22
970,10
970,15
970,20
970,5
970,14
970,12
970,7
970,22
970,11
970,23
972,3
972,13
972,20
972,2
973,3
973,13
973,2
973,23
973,1
973,8
973,11
973,18
973,5
975,3
975,13
976,13
977,3
977,23
977,8
977,22
977,13
977,15
977,16
977,11
977,7
977,17
978,15
978,10
978,5
978,14
978,20
978,11
978,3
978,9
978,19
978,17
979,13
979,3
979,2
979,8
979,23
979,22
979,14
979,11
979,7
979,1
980,7
980,8
980,23
980,22
980,1
981,5
981,15
981,7
981,20
981,22
981,17
981,8
981,10
981,0
981,23
982,3
982,2
982,13
983,3
983,2
983,14
983,23
983,8
983,0
983,21
983,1
983,17
983,22
984,3
984,13
984,11
984,22
985,10
985,13
985,5
985,20
985,8
985,12
985,23
985,18
985,7
985,9
986,8
986,3
986,7
986,23
986,2
986,22
986,13
986,17
986,19
986,0
987,10
987,15
987,5
987,17
987,14
987,11
987,6
987,13
987,7
987,23
988,3
988,2
988,1
988,13
988,24
988,8
989,10
989,14
989,15
990,13
990,3
990,23
990,8
990,14
990,21
990,15
991,10
991,15
991,13
991,11
991,5
991,8
991,20
992,2
992,3
992,8
992,22
992,23
992,13
992,7
992,21
992,0
992,18
993,10
993,5
993,13
993,15
993,14
993,3
993,16
993,8
993,20
993,24
994,10
994,15
994,3
994,20
994,0
994,5
994,8
995,3
995,13
995,8
998,3
998,13
998,1
1000,15
1000,10
1000,5
1000,0
1000,20
1000,17
1000,8
1000,19
1000,12
1001,5
1001,20
1001,6
1001,8
1001,7
1001,10
1001,22
1001,15
1001,12
1001,23
1002,13
1002,3
1002,14
1002,1
1002,11
1002,16
1002,24
1002,0
1002,8
1002,15
1003,8
1003,3
1003,23
1003,7
1003,5
1003,22
1003,20
1003,2
1003,19
1003,4
1004,15
1004,10
1004,17
1004,20
1004,24
1004,16
1004,5
1004,3
1004,14
1004,19
1005,13
1005,3
1005,8
1005,23
1005,10
1005,24
1005,1
1005,7
1005,15
1006,13
1006,10
1006,14
1006,15
1006,3
1006,20
1006,11
1006,23
1006,7
1006,17
1007,3
1007,13
1007,23
1007,2
1007,24
1007,8
1007,10
1007,11
1007,7
1007,12
1008,15
1008,10
1008,17
1008,20
1008,24
1008,5
1008,12
1008,2
1008,16
1008,19
1009,10
1009,15
1009,13
1009,17
1009,20
1009,6
1009,11
1009,23
1009,8
1009,16
1010,13
1010,3
1010,8
1010,23
1010,10
1011,7
1011,5
1011,22
1012,5
1013,5
1013,15
1013,20
1013,17
1013,7
1013,22
1013,10
1013,16
1013,0
1013,21
1014,3
1014,2
1014,8
1014,23
1015,10
1015,15
1015,11
1015,5
1015,7
1016,10
1016,8
1016,20
1016,5
1016,24
1016,23
1016,13
1017,3
1017,13
1017,8
1017,1
1017,23
1017,2
1017,12
1017,7
1017,10
1017,11
1018,15
1018,20
1018,5
1018,10
1018,17
1018,22
1018,8
1018,7
1018,18
1018,11
1019,17
1019,15
1019,5
1019,22
1019,7
1019,0
1019,16
1019,20
1020,13
1020,3
1020,8
1020,23
1020,20
1020,2
1021,15
1021,17
1021,10
1021,5
1021,20
1021,19
1021,21
1021,22
1021,11
1021,4
1022,13
1022,3
1023,15
1023,10
1023,1
1023,17
1023,20
1023,22
1023,5
1023,18
1024,15
1024,5
1024,10
1024,17
1024,0
1024,22
1024,14
1024,7
1024,20
